sequence	position	depth
atg000001l_rc_rotated	1	29
atg000001l_rc_rotated	2	29
atg000001l_rc_rotated	3	29
atg000001l_rc_rotated	4	29
atg000001l_rc_rotated	5	29
atg000001l_rc_rotated	6	29
atg000001l_rc_rotated	7	29
atg000001l_rc_rotated	8	29
atg000001l_rc_rotated	9	29
atg000001l_rc_rotated	10	29
atg000001l_rc_rotated	11	29
atg000001l_rc_rotated	12	29
atg000001l_rc_rotated	13	29
atg000001l_rc_rotated	14	29
atg000001l_rc_rotated	15	29
atg000001l_rc_rotated	16	29
atg000001l_rc_rotated	17	29
atg000001l_rc_rotated	18	29
atg000001l_rc_rotated	19	29
atg000001l_rc_rotated	20	29
atg000001l_rc_rotated	21	29
atg000001l_rc_rotated	22	29
atg000001l_rc_rotated	23	29
atg000001l_rc_rotated	24	29
atg000001l_rc_rotated	25	29
atg000001l_rc_rotated	26	29
atg000001l_rc_rotated	27	29
atg000001l_rc_rotated	28	29
atg000001l_rc_rotated	29	29
atg000001l_rc_rotated	30	29
atg000001l_rc_rotated	31	29
atg000001l_rc_rotated	32	29
atg000001l_rc_rotated	33	29
atg000001l_rc_rotated	34	29
atg000001l_rc_rotated	35	29
atg000001l_rc_rotated	36	29
atg000001l_rc_rotated	37	29
atg000001l_rc_rotated	38	29
atg000001l_rc_rotated	39	29
atg000001l_rc_rotated	40	29
atg000001l_rc_rotated	41	29
atg000001l_rc_rotated	42	29
atg000001l_rc_rotated	43	29
atg000001l_rc_rotated	44	29
atg000001l_rc_rotated	45	29
atg000001l_rc_rotated	46	29
atg000001l_rc_rotated	47	29
atg000001l_rc_rotated	48	29
atg000001l_rc_rotated	49	29
atg000001l_rc_rotated	50	29
atg000001l_rc_rotated	51	29
atg000001l_rc_rotated	52	29
atg000001l_rc_rotated	53	29
atg000001l_rc_rotated	54	29
atg000001l_rc_rotated	55	29
atg000001l_rc_rotated	56	29
atg000001l_rc_rotated	57	29
atg000001l_rc_rotated	58	29
atg000001l_rc_rotated	59	29
atg000001l_rc_rotated	60	29
atg000001l_rc_rotated	61	29
atg000001l_rc_rotated	62	29
atg000001l_rc_rotated	63	29
atg000001l_rc_rotated	64	29
atg000001l_rc_rotated	65	29
atg000001l_rc_rotated	66	29
atg000001l_rc_rotated	67	29
atg000001l_rc_rotated	68	29
atg000001l_rc_rotated	69	29
atg000001l_rc_rotated	70	29
atg000001l_rc_rotated	71	29
atg000001l_rc_rotated	72	29
atg000001l_rc_rotated	73	29
atg000001l_rc_rotated	74	29
atg000001l_rc_rotated	75	29
atg000001l_rc_rotated	76	29
atg000001l_rc_rotated	77	29
atg000001l_rc_rotated	78	29
atg000001l_rc_rotated	79	29
atg000001l_rc_rotated	80	29
atg000001l_rc_rotated	81	29
atg000001l_rc_rotated	82	29
atg000001l_rc_rotated	83	29
atg000001l_rc_rotated	84	29
atg000001l_rc_rotated	85	29
atg000001l_rc_rotated	86	29
atg000001l_rc_rotated	87	29
atg000001l_rc_rotated	88	29
atg000001l_rc_rotated	89	29
atg000001l_rc_rotated	90	29
atg000001l_rc_rotated	91	29
atg000001l_rc_rotated	92	29
atg000001l_rc_rotated	93	29
atg000001l_rc_rotated	94	29
atg000001l_rc_rotated	95	29
atg000001l_rc_rotated	96	29
atg000001l_rc_rotated	97	29
atg000001l_rc_rotated	98	29
atg000001l_rc_rotated	99	29
atg000001l_rc_rotated	100	29
atg000001l_rc_rotated	101	29
atg000001l_rc_rotated	102	29
atg000001l_rc_rotated	103	29
atg000001l_rc_rotated	104	29
atg000001l_rc_rotated	105	29
atg000001l_rc_rotated	106	29
atg000001l_rc_rotated	107	29
atg000001l_rc_rotated	108	29
atg000001l_rc_rotated	109	29
atg000001l_rc_rotated	110	29
atg000001l_rc_rotated	111	29
atg000001l_rc_rotated	112	29
atg000001l_rc_rotated	113	29
atg000001l_rc_rotated	114	29
atg000001l_rc_rotated	115	29
atg000001l_rc_rotated	116	29
atg000001l_rc_rotated	117	29
atg000001l_rc_rotated	118	29
atg000001l_rc_rotated	119	29
atg000001l_rc_rotated	120	29
atg000001l_rc_rotated	121	29
atg000001l_rc_rotated	122	29
atg000001l_rc_rotated	123	29
atg000001l_rc_rotated	124	29
atg000001l_rc_rotated	125	29
atg000001l_rc_rotated	126	29
atg000001l_rc_rotated	127	29
atg000001l_rc_rotated	128	29
atg000001l_rc_rotated	129	29
atg000001l_rc_rotated	130	29
atg000001l_rc_rotated	131	29
atg000001l_rc_rotated	132	29
atg000001l_rc_rotated	133	29
atg000001l_rc_rotated	134	29
atg000001l_rc_rotated	135	29
atg000001l_rc_rotated	136	29
atg000001l_rc_rotated	137	29
atg000001l_rc_rotated	138	29
atg000001l_rc_rotated	139	29
atg000001l_rc_rotated	140	29
atg000001l_rc_rotated	141	29
atg000001l_rc_rotated	142	29
atg000001l_rc_rotated	143	29
atg000001l_rc_rotated	144	29
atg000001l_rc_rotated	145	29
atg000001l_rc_rotated	146	29
atg000001l_rc_rotated	147	29
atg000001l_rc_rotated	148	29
atg000001l_rc_rotated	149	29
atg000001l_rc_rotated	150	29
atg000001l_rc_rotated	151	29
atg000001l_rc_rotated	152	29
atg000001l_rc_rotated	153	29
atg000001l_rc_rotated	154	29
atg000001l_rc_rotated	155	29
atg000001l_rc_rotated	156	30
atg000001l_rc_rotated	157	30
atg000001l_rc_rotated	158	30
atg000001l_rc_rotated	159	30
atg000001l_rc_rotated	160	30
atg000001l_rc_rotated	161	30
atg000001l_rc_rotated	162	30
atg000001l_rc_rotated	163	30
atg000001l_rc_rotated	164	30
atg000001l_rc_rotated	165	30
atg000001l_rc_rotated	166	30
atg000001l_rc_rotated	167	30
atg000001l_rc_rotated	168	30
atg000001l_rc_rotated	169	30
atg000001l_rc_rotated	170	30
atg000001l_rc_rotated	171	30
atg000001l_rc_rotated	172	30
atg000001l_rc_rotated	173	30
atg000001l_rc_rotated	174	30
atg000001l_rc_rotated	175	30
atg000001l_rc_rotated	176	30
atg000001l_rc_rotated	177	30
atg000001l_rc_rotated	178	30
atg000001l_rc_rotated	179	30
atg000001l_rc_rotated	180	30
atg000001l_rc_rotated	181	30
atg000001l_rc_rotated	182	30
atg000001l_rc_rotated	183	30
atg000001l_rc_rotated	184	30
atg000001l_rc_rotated	185	30
atg000001l_rc_rotated	186	30
atg000001l_rc_rotated	187	30
atg000001l_rc_rotated	188	30
atg000001l_rc_rotated	189	30
atg000001l_rc_rotated	190	30
atg000001l_rc_rotated	191	30
atg000001l_rc_rotated	192	30
atg000001l_rc_rotated	193	30
atg000001l_rc_rotated	194	30
atg000001l_rc_rotated	195	30
atg000001l_rc_rotated	196	30
atg000001l_rc_rotated	197	30
atg000001l_rc_rotated	198	30
atg000001l_rc_rotated	199	30
atg000001l_rc_rotated	200	30
atg000001l_rc_rotated	201	30
atg000001l_rc_rotated	202	30
atg000001l_rc_rotated	203	30
atg000001l_rc_rotated	204	30
atg000001l_rc_rotated	205	30
atg000001l_rc_rotated	206	30
atg000001l_rc_rotated	207	30
atg000001l_rc_rotated	208	30
atg000001l_rc_rotated	209	30
atg000001l_rc_rotated	210	30
atg000001l_rc_rotated	211	30
atg000001l_rc_rotated	212	30
atg000001l_rc_rotated	213	30
atg000001l_rc_rotated	214	30
atg000001l_rc_rotated	215	30
atg000001l_rc_rotated	216	30
atg000001l_rc_rotated	217	30
atg000001l_rc_rotated	218	30
atg000001l_rc_rotated	219	30
atg000001l_rc_rotated	220	30
atg000001l_rc_rotated	221	30
atg000001l_rc_rotated	222	30
atg000001l_rc_rotated	223	30
atg000001l_rc_rotated	224	30
atg000001l_rc_rotated	225	30
atg000001l_rc_rotated	226	30
atg000001l_rc_rotated	227	30
atg000001l_rc_rotated	228	30
atg000001l_rc_rotated	229	30
atg000001l_rc_rotated	230	30
atg000001l_rc_rotated	231	30
atg000001l_rc_rotated	232	30
atg000001l_rc_rotated	233	30
atg000001l_rc_rotated	234	30
atg000001l_rc_rotated	235	30
atg000001l_rc_rotated	236	30
atg000001l_rc_rotated	237	30
atg000001l_rc_rotated	238	30
atg000001l_rc_rotated	239	30
atg000001l_rc_rotated	240	30
atg000001l_rc_rotated	241	30
atg000001l_rc_rotated	242	30
atg000001l_rc_rotated	243	30
atg000001l_rc_rotated	244	30
atg000001l_rc_rotated	245	30
atg000001l_rc_rotated	246	30
atg000001l_rc_rotated	247	30
atg000001l_rc_rotated	248	30
atg000001l_rc_rotated	249	30
atg000001l_rc_rotated	250	30
atg000001l_rc_rotated	251	30
atg000001l_rc_rotated	252	30
atg000001l_rc_rotated	253	30
atg000001l_rc_rotated	254	30
atg000001l_rc_rotated	255	30
atg000001l_rc_rotated	256	30
atg000001l_rc_rotated	257	30
atg000001l_rc_rotated	258	30
atg000001l_rc_rotated	259	30
atg000001l_rc_rotated	260	30
atg000001l_rc_rotated	261	30
atg000001l_rc_rotated	262	30
atg000001l_rc_rotated	263	30
atg000001l_rc_rotated	264	30
atg000001l_rc_rotated	265	30
atg000001l_rc_rotated	266	30
atg000001l_rc_rotated	267	30
atg000001l_rc_rotated	268	30
atg000001l_rc_rotated	269	30
atg000001l_rc_rotated	270	30
atg000001l_rc_rotated	271	30
atg000001l_rc_rotated	272	30
atg000001l_rc_rotated	273	30
atg000001l_rc_rotated	274	30
atg000001l_rc_rotated	275	30
atg000001l_rc_rotated	276	30
atg000001l_rc_rotated	277	30
atg000001l_rc_rotated	278	30
atg000001l_rc_rotated	279	30
atg000001l_rc_rotated	280	30
atg000001l_rc_rotated	281	30
atg000001l_rc_rotated	282	30
atg000001l_rc_rotated	283	30
atg000001l_rc_rotated	284	30
atg000001l_rc_rotated	285	30
atg000001l_rc_rotated	286	30
atg000001l_rc_rotated	287	30
atg000001l_rc_rotated	288	30
atg000001l_rc_rotated	289	30
atg000001l_rc_rotated	290	30
atg000001l_rc_rotated	291	30
atg000001l_rc_rotated	292	30
atg000001l_rc_rotated	293	30
atg000001l_rc_rotated	294	30
atg000001l_rc_rotated	295	30
atg000001l_rc_rotated	296	30
atg000001l_rc_rotated	297	30
atg000001l_rc_rotated	298	30
atg000001l_rc_rotated	299	30
atg000001l_rc_rotated	300	30
atg000001l_rc_rotated	301	30
atg000001l_rc_rotated	302	30
atg000001l_rc_rotated	303	30
atg000001l_rc_rotated	304	30
atg000001l_rc_rotated	305	30
atg000001l_rc_rotated	306	30
atg000001l_rc_rotated	307	30
atg000001l_rc_rotated	308	30
atg000001l_rc_rotated	309	30
atg000001l_rc_rotated	310	30
atg000001l_rc_rotated	311	30
atg000001l_rc_rotated	312	30
atg000001l_rc_rotated	313	30
atg000001l_rc_rotated	314	30
atg000001l_rc_rotated	315	30
atg000001l_rc_rotated	316	30
atg000001l_rc_rotated	317	30
atg000001l_rc_rotated	318	30
atg000001l_rc_rotated	319	30
atg000001l_rc_rotated	320	30
atg000001l_rc_rotated	321	30
atg000001l_rc_rotated	322	30
atg000001l_rc_rotated	323	30
atg000001l_rc_rotated	324	30
atg000001l_rc_rotated	325	30
atg000001l_rc_rotated	326	30
atg000001l_rc_rotated	327	30
atg000001l_rc_rotated	328	30
atg000001l_rc_rotated	329	30
atg000001l_rc_rotated	330	30
atg000001l_rc_rotated	331	30
atg000001l_rc_rotated	332	30
atg000001l_rc_rotated	333	30
atg000001l_rc_rotated	334	30
atg000001l_rc_rotated	335	30
atg000001l_rc_rotated	336	30
atg000001l_rc_rotated	337	30
atg000001l_rc_rotated	338	30
atg000001l_rc_rotated	339	30
atg000001l_rc_rotated	340	30
atg000001l_rc_rotated	341	30
atg000001l_rc_rotated	342	30
atg000001l_rc_rotated	343	30
atg000001l_rc_rotated	344	30
atg000001l_rc_rotated	345	30
atg000001l_rc_rotated	346	30
atg000001l_rc_rotated	347	30
atg000001l_rc_rotated	348	30
atg000001l_rc_rotated	349	30
atg000001l_rc_rotated	350	30
atg000001l_rc_rotated	351	30
atg000001l_rc_rotated	352	30
atg000001l_rc_rotated	353	30
atg000001l_rc_rotated	354	30
atg000001l_rc_rotated	355	30
atg000001l_rc_rotated	356	30
atg000001l_rc_rotated	357	30
atg000001l_rc_rotated	358	30
atg000001l_rc_rotated	359	30
atg000001l_rc_rotated	360	30
atg000001l_rc_rotated	361	30
atg000001l_rc_rotated	362	30
atg000001l_rc_rotated	363	30
atg000001l_rc_rotated	364	30
atg000001l_rc_rotated	365	30
atg000001l_rc_rotated	366	30
atg000001l_rc_rotated	367	30
atg000001l_rc_rotated	368	30
atg000001l_rc_rotated	369	30
atg000001l_rc_rotated	370	30
atg000001l_rc_rotated	371	30
atg000001l_rc_rotated	372	30
atg000001l_rc_rotated	373	30
atg000001l_rc_rotated	374	30
atg000001l_rc_rotated	375	30
atg000001l_rc_rotated	376	30
atg000001l_rc_rotated	377	30
atg000001l_rc_rotated	378	30
atg000001l_rc_rotated	379	30
atg000001l_rc_rotated	380	30
atg000001l_rc_rotated	381	30
atg000001l_rc_rotated	382	30
atg000001l_rc_rotated	383	30
atg000001l_rc_rotated	384	30
atg000001l_rc_rotated	385	30
atg000001l_rc_rotated	386	30
atg000001l_rc_rotated	387	30
atg000001l_rc_rotated	388	30
atg000001l_rc_rotated	389	30
atg000001l_rc_rotated	390	30
atg000001l_rc_rotated	391	30
atg000001l_rc_rotated	392	30
atg000001l_rc_rotated	393	30
atg000001l_rc_rotated	394	30
atg000001l_rc_rotated	395	30
atg000001l_rc_rotated	396	30
atg000001l_rc_rotated	397	30
atg000001l_rc_rotated	398	30
atg000001l_rc_rotated	399	30
atg000001l_rc_rotated	400	30
atg000001l_rc_rotated	401	30
atg000001l_rc_rotated	402	30
atg000001l_rc_rotated	403	30
atg000001l_rc_rotated	404	30
atg000001l_rc_rotated	405	30
atg000001l_rc_rotated	406	30
atg000001l_rc_rotated	407	30
atg000001l_rc_rotated	408	30
atg000001l_rc_rotated	409	30
atg000001l_rc_rotated	410	30
atg000001l_rc_rotated	411	30
atg000001l_rc_rotated	412	30
atg000001l_rc_rotated	413	30
atg000001l_rc_rotated	414	30
atg000001l_rc_rotated	415	30
atg000001l_rc_rotated	416	30
atg000001l_rc_rotated	417	30
atg000001l_rc_rotated	418	30
atg000001l_rc_rotated	419	30
atg000001l_rc_rotated	420	30
atg000001l_rc_rotated	421	30
atg000001l_rc_rotated	422	30
atg000001l_rc_rotated	423	30
atg000001l_rc_rotated	424	30
atg000001l_rc_rotated	425	30
atg000001l_rc_rotated	426	30
atg000001l_rc_rotated	427	30
atg000001l_rc_rotated	428	30
atg000001l_rc_rotated	429	30
atg000001l_rc_rotated	430	30
atg000001l_rc_rotated	431	30
atg000001l_rc_rotated	432	30
atg000001l_rc_rotated	433	30
atg000001l_rc_rotated	434	30
atg000001l_rc_rotated	435	30
atg000001l_rc_rotated	436	30
atg000001l_rc_rotated	437	30
atg000001l_rc_rotated	438	30
atg000001l_rc_rotated	439	30
atg000001l_rc_rotated	440	30
atg000001l_rc_rotated	441	30
atg000001l_rc_rotated	442	30
atg000001l_rc_rotated	443	30
atg000001l_rc_rotated	444	30
atg000001l_rc_rotated	445	30
atg000001l_rc_rotated	446	30
atg000001l_rc_rotated	447	30
atg000001l_rc_rotated	448	30
atg000001l_rc_rotated	449	30
atg000001l_rc_rotated	450	30
atg000001l_rc_rotated	451	30
atg000001l_rc_rotated	452	30
atg000001l_rc_rotated	453	30
atg000001l_rc_rotated	454	30
atg000001l_rc_rotated	455	30
atg000001l_rc_rotated	456	30
atg000001l_rc_rotated	457	30
atg000001l_rc_rotated	458	30
atg000001l_rc_rotated	459	30
atg000001l_rc_rotated	460	30
atg000001l_rc_rotated	461	30
atg000001l_rc_rotated	462	30
atg000001l_rc_rotated	463	30
atg000001l_rc_rotated	464	30
atg000001l_rc_rotated	465	30
atg000001l_rc_rotated	466	30
atg000001l_rc_rotated	467	30
atg000001l_rc_rotated	468	30
atg000001l_rc_rotated	469	30
atg000001l_rc_rotated	470	30
atg000001l_rc_rotated	471	30
atg000001l_rc_rotated	472	30
atg000001l_rc_rotated	473	30
atg000001l_rc_rotated	474	30
atg000001l_rc_rotated	475	30
atg000001l_rc_rotated	476	30
atg000001l_rc_rotated	477	30
atg000001l_rc_rotated	478	30
atg000001l_rc_rotated	479	30
atg000001l_rc_rotated	480	30
atg000001l_rc_rotated	481	30
atg000001l_rc_rotated	482	30
atg000001l_rc_rotated	483	30
atg000001l_rc_rotated	484	30
atg000001l_rc_rotated	485	30
atg000001l_rc_rotated	486	30
atg000001l_rc_rotated	487	30
atg000001l_rc_rotated	488	30
atg000001l_rc_rotated	489	30
atg000001l_rc_rotated	490	30
atg000001l_rc_rotated	491	30
atg000001l_rc_rotated	492	30
atg000001l_rc_rotated	493	30
atg000001l_rc_rotated	494	30
atg000001l_rc_rotated	495	30
atg000001l_rc_rotated	496	30
atg000001l_rc_rotated	497	30
atg000001l_rc_rotated	498	30
atg000001l_rc_rotated	499	30
atg000001l_rc_rotated	500	30
atg000001l_rc_rotated	501	30
atg000001l_rc_rotated	502	30
atg000001l_rc_rotated	503	30
atg000001l_rc_rotated	504	30
atg000001l_rc_rotated	505	30
atg000001l_rc_rotated	506	30
atg000001l_rc_rotated	507	30
atg000001l_rc_rotated	508	30
atg000001l_rc_rotated	509	30
atg000001l_rc_rotated	510	30
atg000001l_rc_rotated	511	30
atg000001l_rc_rotated	512	30
atg000001l_rc_rotated	513	30
atg000001l_rc_rotated	514	30
atg000001l_rc_rotated	515	30
atg000001l_rc_rotated	516	30
atg000001l_rc_rotated	517	30
atg000001l_rc_rotated	518	30
atg000001l_rc_rotated	519	30
atg000001l_rc_rotated	520	30
atg000001l_rc_rotated	521	30
atg000001l_rc_rotated	522	30
atg000001l_rc_rotated	523	30
atg000001l_rc_rotated	524	30
atg000001l_rc_rotated	525	30
atg000001l_rc_rotated	526	30
atg000001l_rc_rotated	527	30
atg000001l_rc_rotated	528	30
atg000001l_rc_rotated	529	30
atg000001l_rc_rotated	530	30
atg000001l_rc_rotated	531	30
atg000001l_rc_rotated	532	30
atg000001l_rc_rotated	533	30
atg000001l_rc_rotated	534	30
atg000001l_rc_rotated	535	30
atg000001l_rc_rotated	536	30
atg000001l_rc_rotated	537	30
atg000001l_rc_rotated	538	30
atg000001l_rc_rotated	539	30
atg000001l_rc_rotated	540	30
atg000001l_rc_rotated	541	30
atg000001l_rc_rotated	542	30
atg000001l_rc_rotated	543	30
atg000001l_rc_rotated	544	30
atg000001l_rc_rotated	545	30
atg000001l_rc_rotated	546	30
atg000001l_rc_rotated	547	30
atg000001l_rc_rotated	548	30
atg000001l_rc_rotated	549	30
atg000001l_rc_rotated	550	30
atg000001l_rc_rotated	551	30
atg000001l_rc_rotated	552	30
atg000001l_rc_rotated	553	30
atg000001l_rc_rotated	554	30
atg000001l_rc_rotated	555	30
atg000001l_rc_rotated	556	30
atg000001l_rc_rotated	557	30
atg000001l_rc_rotated	558	30
atg000001l_rc_rotated	559	30
atg000001l_rc_rotated	560	30
atg000001l_rc_rotated	561	30
atg000001l_rc_rotated	562	30
atg000001l_rc_rotated	563	30
atg000001l_rc_rotated	564	30
atg000001l_rc_rotated	565	30
atg000001l_rc_rotated	566	30
atg000001l_rc_rotated	567	30
atg000001l_rc_rotated	568	30
atg000001l_rc_rotated	569	30
atg000001l_rc_rotated	570	30
atg000001l_rc_rotated	571	30
atg000001l_rc_rotated	572	30
atg000001l_rc_rotated	573	30
atg000001l_rc_rotated	574	30
atg000001l_rc_rotated	575	30
atg000001l_rc_rotated	576	30
atg000001l_rc_rotated	577	30
atg000001l_rc_rotated	578	30
atg000001l_rc_rotated	579	30
atg000001l_rc_rotated	580	30
atg000001l_rc_rotated	581	30
atg000001l_rc_rotated	582	30
atg000001l_rc_rotated	583	30
atg000001l_rc_rotated	584	30
atg000001l_rc_rotated	585	30
atg000001l_rc_rotated	586	30
atg000001l_rc_rotated	587	30
atg000001l_rc_rotated	588	30
atg000001l_rc_rotated	589	30
atg000001l_rc_rotated	590	30
atg000001l_rc_rotated	591	30
atg000001l_rc_rotated	592	30
atg000001l_rc_rotated	593	30
atg000001l_rc_rotated	594	30
atg000001l_rc_rotated	595	30
atg000001l_rc_rotated	596	30
atg000001l_rc_rotated	597	30
atg000001l_rc_rotated	598	30
atg000001l_rc_rotated	599	30
atg000001l_rc_rotated	600	30
atg000001l_rc_rotated	601	30
atg000001l_rc_rotated	602	30
atg000001l_rc_rotated	603	30
atg000001l_rc_rotated	604	30
atg000001l_rc_rotated	605	30
atg000001l_rc_rotated	606	30
atg000001l_rc_rotated	607	30
atg000001l_rc_rotated	608	30
atg000001l_rc_rotated	609	30
atg000001l_rc_rotated	610	30
atg000001l_rc_rotated	611	30
atg000001l_rc_rotated	612	30
atg000001l_rc_rotated	613	30
atg000001l_rc_rotated	614	30
atg000001l_rc_rotated	615	30
atg000001l_rc_rotated	616	30
atg000001l_rc_rotated	617	30
atg000001l_rc_rotated	618	30
atg000001l_rc_rotated	619	30
atg000001l_rc_rotated	620	30
atg000001l_rc_rotated	621	30
atg000001l_rc_rotated	622	30
atg000001l_rc_rotated	623	30
atg000001l_rc_rotated	624	30
atg000001l_rc_rotated	625	30
atg000001l_rc_rotated	626	30
atg000001l_rc_rotated	627	30
atg000001l_rc_rotated	628	30
atg000001l_rc_rotated	629	30
atg000001l_rc_rotated	630	30
atg000001l_rc_rotated	631	30
atg000001l_rc_rotated	632	30
atg000001l_rc_rotated	633	30
atg000001l_rc_rotated	634	30
atg000001l_rc_rotated	635	30
atg000001l_rc_rotated	636	30
atg000001l_rc_rotated	637	30
atg000001l_rc_rotated	638	30
atg000001l_rc_rotated	639	30
atg000001l_rc_rotated	640	30
atg000001l_rc_rotated	641	30
atg000001l_rc_rotated	642	30
atg000001l_rc_rotated	643	30
atg000001l_rc_rotated	644	30
atg000001l_rc_rotated	645	30
atg000001l_rc_rotated	646	30
atg000001l_rc_rotated	647	30
atg000001l_rc_rotated	648	30
atg000001l_rc_rotated	649	30
atg000001l_rc_rotated	650	30
atg000001l_rc_rotated	651	30
atg000001l_rc_rotated	652	30
atg000001l_rc_rotated	653	30
atg000001l_rc_rotated	654	30
atg000001l_rc_rotated	655	30
atg000001l_rc_rotated	656	30
atg000001l_rc_rotated	657	30
atg000001l_rc_rotated	658	30
atg000001l_rc_rotated	659	30
atg000001l_rc_rotated	660	30
atg000001l_rc_rotated	661	30
atg000001l_rc_rotated	662	30
atg000001l_rc_rotated	663	30
atg000001l_rc_rotated	664	30
atg000001l_rc_rotated	665	30
atg000001l_rc_rotated	666	30
atg000001l_rc_rotated	667	30
atg000001l_rc_rotated	668	30
atg000001l_rc_rotated	669	30
atg000001l_rc_rotated	670	30
atg000001l_rc_rotated	671	30
atg000001l_rc_rotated	672	30
atg000001l_rc_rotated	673	30
atg000001l_rc_rotated	674	30
atg000001l_rc_rotated	675	30
atg000001l_rc_rotated	676	30
atg000001l_rc_rotated	677	30
atg000001l_rc_rotated	678	30
atg000001l_rc_rotated	679	30
atg000001l_rc_rotated	680	30
atg000001l_rc_rotated	681	30
atg000001l_rc_rotated	682	30
atg000001l_rc_rotated	683	30
atg000001l_rc_rotated	684	30
atg000001l_rc_rotated	685	30
atg000001l_rc_rotated	686	30
atg000001l_rc_rotated	687	30
atg000001l_rc_rotated	688	30
atg000001l_rc_rotated	689	30
atg000001l_rc_rotated	690	30
atg000001l_rc_rotated	691	30
atg000001l_rc_rotated	692	30
atg000001l_rc_rotated	693	30
atg000001l_rc_rotated	694	30
atg000001l_rc_rotated	695	30
atg000001l_rc_rotated	696	30
atg000001l_rc_rotated	697	30
atg000001l_rc_rotated	698	30
atg000001l_rc_rotated	699	30
atg000001l_rc_rotated	700	30
atg000001l_rc_rotated	701	30
atg000001l_rc_rotated	702	30
atg000001l_rc_rotated	703	30
atg000001l_rc_rotated	704	30
atg000001l_rc_rotated	705	30
atg000001l_rc_rotated	706	30
atg000001l_rc_rotated	707	30
atg000001l_rc_rotated	708	30
atg000001l_rc_rotated	709	30
atg000001l_rc_rotated	710	30
atg000001l_rc_rotated	711	30
atg000001l_rc_rotated	712	30
atg000001l_rc_rotated	713	30
atg000001l_rc_rotated	714	30
atg000001l_rc_rotated	715	30
atg000001l_rc_rotated	716	30
atg000001l_rc_rotated	717	30
atg000001l_rc_rotated	718	30
atg000001l_rc_rotated	719	30
atg000001l_rc_rotated	720	30
atg000001l_rc_rotated	721	30
atg000001l_rc_rotated	722	30
atg000001l_rc_rotated	723	30
atg000001l_rc_rotated	724	30
atg000001l_rc_rotated	725	30
atg000001l_rc_rotated	726	30
atg000001l_rc_rotated	727	30
atg000001l_rc_rotated	728	30
atg000001l_rc_rotated	729	30
atg000001l_rc_rotated	730	30
atg000001l_rc_rotated	731	30
atg000001l_rc_rotated	732	30
atg000001l_rc_rotated	733	30
atg000001l_rc_rotated	734	30
atg000001l_rc_rotated	735	30
atg000001l_rc_rotated	736	30
atg000001l_rc_rotated	737	30
atg000001l_rc_rotated	738	30
atg000001l_rc_rotated	739	30
atg000001l_rc_rotated	740	30
atg000001l_rc_rotated	741	30
atg000001l_rc_rotated	742	30
atg000001l_rc_rotated	743	30
atg000001l_rc_rotated	744	30
atg000001l_rc_rotated	745	30
atg000001l_rc_rotated	746	30
atg000001l_rc_rotated	747	30
atg000001l_rc_rotated	748	30
atg000001l_rc_rotated	749	30
atg000001l_rc_rotated	750	30
atg000001l_rc_rotated	751	30
atg000001l_rc_rotated	752	30
atg000001l_rc_rotated	753	30
atg000001l_rc_rotated	754	30
atg000001l_rc_rotated	755	30
atg000001l_rc_rotated	756	30
atg000001l_rc_rotated	757	30
atg000001l_rc_rotated	758	30
atg000001l_rc_rotated	759	30
atg000001l_rc_rotated	760	30
atg000001l_rc_rotated	761	30
atg000001l_rc_rotated	762	30
atg000001l_rc_rotated	763	30
atg000001l_rc_rotated	764	30
atg000001l_rc_rotated	765	30
atg000001l_rc_rotated	766	30
atg000001l_rc_rotated	767	30
atg000001l_rc_rotated	768	30
atg000001l_rc_rotated	769	30
atg000001l_rc_rotated	770	30
atg000001l_rc_rotated	771	30
atg000001l_rc_rotated	772	30
atg000001l_rc_rotated	773	30
atg000001l_rc_rotated	774	30
atg000001l_rc_rotated	775	30
atg000001l_rc_rotated	776	30
atg000001l_rc_rotated	777	30
atg000001l_rc_rotated	778	30
atg000001l_rc_rotated	779	30
atg000001l_rc_rotated	780	30
atg000001l_rc_rotated	781	30
atg000001l_rc_rotated	782	30
atg000001l_rc_rotated	783	30
atg000001l_rc_rotated	784	30
atg000001l_rc_rotated	785	30
atg000001l_rc_rotated	786	30
atg000001l_rc_rotated	787	30
atg000001l_rc_rotated	788	30
atg000001l_rc_rotated	789	30
atg000001l_rc_rotated	790	30
atg000001l_rc_rotated	791	30
atg000001l_rc_rotated	792	30
atg000001l_rc_rotated	793	30
atg000001l_rc_rotated	794	30
atg000001l_rc_rotated	795	30
atg000001l_rc_rotated	796	30
atg000001l_rc_rotated	797	30
atg000001l_rc_rotated	798	30
atg000001l_rc_rotated	799	30
atg000001l_rc_rotated	800	30
atg000001l_rc_rotated	801	30
atg000001l_rc_rotated	802	30
atg000001l_rc_rotated	803	30
atg000001l_rc_rotated	804	30
atg000001l_rc_rotated	805	30
atg000001l_rc_rotated	806	30
atg000001l_rc_rotated	807	30
atg000001l_rc_rotated	808	30
atg000001l_rc_rotated	809	30
atg000001l_rc_rotated	810	30
atg000001l_rc_rotated	811	30
atg000001l_rc_rotated	812	30
atg000001l_rc_rotated	813	30
atg000001l_rc_rotated	814	30
atg000001l_rc_rotated	815	30
atg000001l_rc_rotated	816	30
atg000001l_rc_rotated	817	30
atg000001l_rc_rotated	818	30
atg000001l_rc_rotated	819	30
atg000001l_rc_rotated	820	30
atg000001l_rc_rotated	821	30
atg000001l_rc_rotated	822	30
atg000001l_rc_rotated	823	30
atg000001l_rc_rotated	824	30
atg000001l_rc_rotated	825	30
atg000001l_rc_rotated	826	30
atg000001l_rc_rotated	827	30
atg000001l_rc_rotated	828	30
atg000001l_rc_rotated	829	30
atg000001l_rc_rotated	830	30
atg000001l_rc_rotated	831	30
atg000001l_rc_rotated	832	30
atg000001l_rc_rotated	833	30
atg000001l_rc_rotated	834	30
atg000001l_rc_rotated	835	30
atg000001l_rc_rotated	836	30
atg000001l_rc_rotated	837	30
atg000001l_rc_rotated	838	30
atg000001l_rc_rotated	839	30
atg000001l_rc_rotated	840	30
atg000001l_rc_rotated	841	30
atg000001l_rc_rotated	842	30
atg000001l_rc_rotated	843	30
atg000001l_rc_rotated	844	30
atg000001l_rc_rotated	845	30
atg000001l_rc_rotated	846	30
atg000001l_rc_rotated	847	30
atg000001l_rc_rotated	848	30
atg000001l_rc_rotated	849	30
atg000001l_rc_rotated	850	30
atg000001l_rc_rotated	851	30
atg000001l_rc_rotated	852	30
atg000001l_rc_rotated	853	30
atg000001l_rc_rotated	854	30
atg000001l_rc_rotated	855	30
atg000001l_rc_rotated	856	30
atg000001l_rc_rotated	857	30
atg000001l_rc_rotated	858	30
atg000001l_rc_rotated	859	30
atg000001l_rc_rotated	860	30
atg000001l_rc_rotated	861	30
atg000001l_rc_rotated	862	30
atg000001l_rc_rotated	863	30
atg000001l_rc_rotated	864	30
atg000001l_rc_rotated	865	30
atg000001l_rc_rotated	866	30
atg000001l_rc_rotated	867	30
atg000001l_rc_rotated	868	30
atg000001l_rc_rotated	869	30
atg000001l_rc_rotated	870	30
atg000001l_rc_rotated	871	30
atg000001l_rc_rotated	872	30
atg000001l_rc_rotated	873	30
atg000001l_rc_rotated	874	30
atg000001l_rc_rotated	875	30
atg000001l_rc_rotated	876	30
atg000001l_rc_rotated	877	30
atg000001l_rc_rotated	878	30
atg000001l_rc_rotated	879	30
atg000001l_rc_rotated	880	30
atg000001l_rc_rotated	881	30
atg000001l_rc_rotated	882	30
atg000001l_rc_rotated	883	30
atg000001l_rc_rotated	884	30
atg000001l_rc_rotated	885	30
atg000001l_rc_rotated	886	30
atg000001l_rc_rotated	887	30
atg000001l_rc_rotated	888	30
atg000001l_rc_rotated	889	30
atg000001l_rc_rotated	890	30
atg000001l_rc_rotated	891	30
atg000001l_rc_rotated	892	30
atg000001l_rc_rotated	893	30
atg000001l_rc_rotated	894	30
atg000001l_rc_rotated	895	30
atg000001l_rc_rotated	896	30
atg000001l_rc_rotated	897	30
atg000001l_rc_rotated	898	30
atg000001l_rc_rotated	899	30
atg000001l_rc_rotated	900	30
atg000001l_rc_rotated	901	30
atg000001l_rc_rotated	902	30
atg000001l_rc_rotated	903	30
atg000001l_rc_rotated	904	30
atg000001l_rc_rotated	905	30
atg000001l_rc_rotated	906	30
atg000001l_rc_rotated	907	30
atg000001l_rc_rotated	908	30
atg000001l_rc_rotated	909	30
atg000001l_rc_rotated	910	30
atg000001l_rc_rotated	911	30
atg000001l_rc_rotated	912	30
atg000001l_rc_rotated	913	30
atg000001l_rc_rotated	914	30
atg000001l_rc_rotated	915	30
atg000001l_rc_rotated	916	30
atg000001l_rc_rotated	917	30
atg000001l_rc_rotated	918	30
atg000001l_rc_rotated	919	30
atg000001l_rc_rotated	920	30
atg000001l_rc_rotated	921	30
atg000001l_rc_rotated	922	30
atg000001l_rc_rotated	923	30
atg000001l_rc_rotated	924	30
atg000001l_rc_rotated	925	30
atg000001l_rc_rotated	926	30
atg000001l_rc_rotated	927	30
atg000001l_rc_rotated	928	30
atg000001l_rc_rotated	929	30
atg000001l_rc_rotated	930	30
atg000001l_rc_rotated	931	30
atg000001l_rc_rotated	932	30
atg000001l_rc_rotated	933	30
atg000001l_rc_rotated	934	30
atg000001l_rc_rotated	935	30
atg000001l_rc_rotated	936	30
atg000001l_rc_rotated	937	30
atg000001l_rc_rotated	938	30
atg000001l_rc_rotated	939	30
atg000001l_rc_rotated	940	30
atg000001l_rc_rotated	941	30
atg000001l_rc_rotated	942	30
atg000001l_rc_rotated	943	30
atg000001l_rc_rotated	944	30
atg000001l_rc_rotated	945	30
atg000001l_rc_rotated	946	30
atg000001l_rc_rotated	947	30
atg000001l_rc_rotated	948	30
atg000001l_rc_rotated	949	30
atg000001l_rc_rotated	950	30
atg000001l_rc_rotated	951	30
atg000001l_rc_rotated	952	30
atg000001l_rc_rotated	953	30
atg000001l_rc_rotated	954	30
atg000001l_rc_rotated	955	30
atg000001l_rc_rotated	956	30
atg000001l_rc_rotated	957	30
atg000001l_rc_rotated	958	30
atg000001l_rc_rotated	959	30
atg000001l_rc_rotated	960	30
atg000001l_rc_rotated	961	30
atg000001l_rc_rotated	962	30
atg000001l_rc_rotated	963	30
atg000001l_rc_rotated	964	30
atg000001l_rc_rotated	965	30
atg000001l_rc_rotated	966	30
atg000001l_rc_rotated	967	30
atg000001l_rc_rotated	968	30
atg000001l_rc_rotated	969	30
atg000001l_rc_rotated	970	30
atg000001l_rc_rotated	971	30
atg000001l_rc_rotated	972	30
atg000001l_rc_rotated	973	30
atg000001l_rc_rotated	974	30
atg000001l_rc_rotated	975	30
atg000001l_rc_rotated	976	30
atg000001l_rc_rotated	977	30
atg000001l_rc_rotated	978	30
atg000001l_rc_rotated	979	30
atg000001l_rc_rotated	980	30
atg000001l_rc_rotated	981	29
atg000001l_rc_rotated	982	29
atg000001l_rc_rotated	983	29
atg000001l_rc_rotated	984	29
atg000001l_rc_rotated	985	29
atg000001l_rc_rotated	986	29
atg000001l_rc_rotated	987	29
atg000001l_rc_rotated	988	29
atg000001l_rc_rotated	989	29
atg000001l_rc_rotated	990	29
atg000001l_rc_rotated	991	29
atg000001l_rc_rotated	992	29
atg000001l_rc_rotated	993	29
atg000001l_rc_rotated	994	29
atg000001l_rc_rotated	995	29
atg000001l_rc_rotated	996	29
atg000001l_rc_rotated	997	29
atg000001l_rc_rotated	998	29
atg000001l_rc_rotated	999	29
atg000001l_rc_rotated	1000	29
atg000001l_rc_rotated	1001	29
atg000001l_rc_rotated	1002	29
atg000001l_rc_rotated	1003	29
atg000001l_rc_rotated	1004	29
atg000001l_rc_rotated	1005	29
atg000001l_rc_rotated	1006	29
atg000001l_rc_rotated	1007	29
atg000001l_rc_rotated	1008	29
atg000001l_rc_rotated	1009	29
atg000001l_rc_rotated	1010	29
atg000001l_rc_rotated	1011	29
atg000001l_rc_rotated	1012	29
atg000001l_rc_rotated	1013	29
atg000001l_rc_rotated	1014	29
atg000001l_rc_rotated	1015	29
atg000001l_rc_rotated	1016	29
atg000001l_rc_rotated	1017	29
atg000001l_rc_rotated	1018	29
atg000001l_rc_rotated	1019	29
atg000001l_rc_rotated	1020	29
atg000001l_rc_rotated	1021	29
atg000001l_rc_rotated	1022	29
atg000001l_rc_rotated	1023	29
atg000001l_rc_rotated	1024	29
atg000001l_rc_rotated	1025	29
atg000001l_rc_rotated	1026	29
atg000001l_rc_rotated	1027	29
atg000001l_rc_rotated	1028	29
atg000001l_rc_rotated	1029	29
atg000001l_rc_rotated	1030	29
atg000001l_rc_rotated	1031	29
atg000001l_rc_rotated	1032	29
atg000001l_rc_rotated	1033	29
atg000001l_rc_rotated	1034	29
atg000001l_rc_rotated	1035	29
atg000001l_rc_rotated	1036	29
atg000001l_rc_rotated	1037	29
atg000001l_rc_rotated	1038	29
atg000001l_rc_rotated	1039	29
atg000001l_rc_rotated	1040	29
atg000001l_rc_rotated	1041	29
atg000001l_rc_rotated	1042	29
atg000001l_rc_rotated	1043	29
atg000001l_rc_rotated	1044	29
atg000001l_rc_rotated	1045	29
atg000001l_rc_rotated	1046	29
atg000001l_rc_rotated	1047	29
atg000001l_rc_rotated	1048	29
atg000001l_rc_rotated	1049	29
atg000001l_rc_rotated	1050	29
atg000001l_rc_rotated	1051	29
atg000001l_rc_rotated	1052	29
atg000001l_rc_rotated	1053	29
atg000001l_rc_rotated	1054	29
atg000001l_rc_rotated	1055	29
atg000001l_rc_rotated	1056	29
atg000001l_rc_rotated	1057	29
atg000001l_rc_rotated	1058	29
atg000001l_rc_rotated	1059	29
atg000001l_rc_rotated	1060	29
atg000001l_rc_rotated	1061	29
atg000001l_rc_rotated	1062	29
atg000001l_rc_rotated	1063	29
atg000001l_rc_rotated	1064	29
atg000001l_rc_rotated	1065	29
atg000001l_rc_rotated	1066	29
atg000001l_rc_rotated	1067	29
atg000001l_rc_rotated	1068	29
atg000001l_rc_rotated	1069	29
atg000001l_rc_rotated	1070	29
atg000001l_rc_rotated	1071	29
atg000001l_rc_rotated	1072	29
atg000001l_rc_rotated	1073	29
atg000001l_rc_rotated	1074	29
atg000001l_rc_rotated	1075	29
atg000001l_rc_rotated	1076	29
atg000001l_rc_rotated	1077	29
atg000001l_rc_rotated	1078	29
atg000001l_rc_rotated	1079	29
atg000001l_rc_rotated	1080	29
atg000001l_rc_rotated	1081	29
atg000001l_rc_rotated	1082	29
atg000001l_rc_rotated	1083	29
atg000001l_rc_rotated	1084	29
atg000001l_rc_rotated	1085	29
atg000001l_rc_rotated	1086	29
atg000001l_rc_rotated	1087	29
atg000001l_rc_rotated	1088	29
atg000001l_rc_rotated	1089	29
atg000001l_rc_rotated	1090	29
atg000001l_rc_rotated	1091	29
atg000001l_rc_rotated	1092	29
atg000001l_rc_rotated	1093	29
atg000001l_rc_rotated	1094	29
atg000001l_rc_rotated	1095	29
atg000001l_rc_rotated	1096	29
atg000001l_rc_rotated	1097	29
atg000001l_rc_rotated	1098	29
atg000001l_rc_rotated	1099	29
atg000001l_rc_rotated	1100	29
atg000001l_rc_rotated	1101	29
atg000001l_rc_rotated	1102	29
atg000001l_rc_rotated	1103	29
atg000001l_rc_rotated	1104	29
atg000001l_rc_rotated	1105	29
atg000001l_rc_rotated	1106	29
atg000001l_rc_rotated	1107	29
atg000001l_rc_rotated	1108	29
atg000001l_rc_rotated	1109	29
atg000001l_rc_rotated	1110	28
atg000001l_rc_rotated	1111	28
atg000001l_rc_rotated	1112	28
atg000001l_rc_rotated	1113	28
atg000001l_rc_rotated	1114	28
atg000001l_rc_rotated	1115	28
atg000001l_rc_rotated	1116	28
atg000001l_rc_rotated	1117	28
atg000001l_rc_rotated	1118	28
atg000001l_rc_rotated	1119	28
atg000001l_rc_rotated	1120	28
atg000001l_rc_rotated	1121	28
atg000001l_rc_rotated	1122	28
atg000001l_rc_rotated	1123	28
atg000001l_rc_rotated	1124	28
atg000001l_rc_rotated	1125	28
atg000001l_rc_rotated	1126	28
atg000001l_rc_rotated	1127	28
atg000001l_rc_rotated	1128	28
atg000001l_rc_rotated	1129	28
atg000001l_rc_rotated	1130	28
atg000001l_rc_rotated	1131	28
atg000001l_rc_rotated	1132	28
atg000001l_rc_rotated	1133	28
atg000001l_rc_rotated	1134	28
atg000001l_rc_rotated	1135	28
atg000001l_rc_rotated	1136	28
atg000001l_rc_rotated	1137	28
atg000001l_rc_rotated	1138	28
atg000001l_rc_rotated	1139	28
atg000001l_rc_rotated	1140	28
atg000001l_rc_rotated	1141	28
atg000001l_rc_rotated	1142	28
atg000001l_rc_rotated	1143	28
atg000001l_rc_rotated	1144	28
atg000001l_rc_rotated	1145	28
atg000001l_rc_rotated	1146	28
atg000001l_rc_rotated	1147	28
atg000001l_rc_rotated	1148	28
atg000001l_rc_rotated	1149	28
atg000001l_rc_rotated	1150	28
atg000001l_rc_rotated	1151	28
atg000001l_rc_rotated	1152	28
atg000001l_rc_rotated	1153	28
atg000001l_rc_rotated	1154	28
atg000001l_rc_rotated	1155	28
atg000001l_rc_rotated	1156	28
atg000001l_rc_rotated	1157	28
atg000001l_rc_rotated	1158	28
atg000001l_rc_rotated	1159	28
atg000001l_rc_rotated	1160	28
atg000001l_rc_rotated	1161	28
atg000001l_rc_rotated	1162	28
atg000001l_rc_rotated	1163	28
atg000001l_rc_rotated	1164	28
atg000001l_rc_rotated	1165	28
atg000001l_rc_rotated	1166	28
atg000001l_rc_rotated	1167	28
atg000001l_rc_rotated	1168	28
atg000001l_rc_rotated	1169	28
atg000001l_rc_rotated	1170	28
atg000001l_rc_rotated	1171	29
atg000001l_rc_rotated	1172	29
atg000001l_rc_rotated	1173	29
atg000001l_rc_rotated	1174	29
atg000001l_rc_rotated	1175	29
atg000001l_rc_rotated	1176	29
atg000001l_rc_rotated	1177	29
atg000001l_rc_rotated	1178	29
atg000001l_rc_rotated	1179	29
atg000001l_rc_rotated	1180	29
atg000001l_rc_rotated	1181	29
atg000001l_rc_rotated	1182	29
atg000001l_rc_rotated	1183	29
atg000001l_rc_rotated	1184	29
atg000001l_rc_rotated	1185	29
atg000001l_rc_rotated	1186	29
atg000001l_rc_rotated	1187	29
atg000001l_rc_rotated	1188	29
atg000001l_rc_rotated	1189	29
atg000001l_rc_rotated	1190	29
atg000001l_rc_rotated	1191	29
atg000001l_rc_rotated	1192	29
atg000001l_rc_rotated	1193	29
atg000001l_rc_rotated	1194	29
atg000001l_rc_rotated	1195	29
atg000001l_rc_rotated	1196	29
atg000001l_rc_rotated	1197	29
atg000001l_rc_rotated	1198	29
atg000001l_rc_rotated	1199	29
atg000001l_rc_rotated	1200	29
atg000001l_rc_rotated	1201	29
atg000001l_rc_rotated	1202	29
atg000001l_rc_rotated	1203	29
atg000001l_rc_rotated	1204	29
atg000001l_rc_rotated	1205	29
atg000001l_rc_rotated	1206	29
atg000001l_rc_rotated	1207	29
atg000001l_rc_rotated	1208	29
atg000001l_rc_rotated	1209	29
atg000001l_rc_rotated	1210	29
atg000001l_rc_rotated	1211	29
atg000001l_rc_rotated	1212	29
atg000001l_rc_rotated	1213	29
atg000001l_rc_rotated	1214	29
atg000001l_rc_rotated	1215	29
atg000001l_rc_rotated	1216	29
atg000001l_rc_rotated	1217	29
atg000001l_rc_rotated	1218	29
atg000001l_rc_rotated	1219	29
atg000001l_rc_rotated	1220	29
atg000001l_rc_rotated	1221	29
atg000001l_rc_rotated	1222	29
atg000001l_rc_rotated	1223	29
atg000001l_rc_rotated	1224	29
atg000001l_rc_rotated	1225	29
atg000001l_rc_rotated	1226	29
atg000001l_rc_rotated	1227	29
atg000001l_rc_rotated	1228	29
atg000001l_rc_rotated	1229	29
atg000001l_rc_rotated	1230	29
atg000001l_rc_rotated	1231	29
atg000001l_rc_rotated	1232	29
atg000001l_rc_rotated	1233	29
atg000001l_rc_rotated	1234	29
atg000001l_rc_rotated	1235	29
atg000001l_rc_rotated	1236	29
atg000001l_rc_rotated	1237	29
atg000001l_rc_rotated	1238	29
atg000001l_rc_rotated	1239	29
atg000001l_rc_rotated	1240	29
atg000001l_rc_rotated	1241	29
atg000001l_rc_rotated	1242	29
atg000001l_rc_rotated	1243	29
atg000001l_rc_rotated	1244	29
atg000001l_rc_rotated	1245	29
atg000001l_rc_rotated	1246	29
atg000001l_rc_rotated	1247	29
atg000001l_rc_rotated	1248	29
atg000001l_rc_rotated	1249	29
atg000001l_rc_rotated	1250	29
atg000001l_rc_rotated	1251	29
atg000001l_rc_rotated	1252	29
atg000001l_rc_rotated	1253	29
atg000001l_rc_rotated	1254	29
atg000001l_rc_rotated	1255	29
atg000001l_rc_rotated	1256	29
atg000001l_rc_rotated	1257	29
atg000001l_rc_rotated	1258	29
atg000001l_rc_rotated	1259	29
atg000001l_rc_rotated	1260	29
atg000001l_rc_rotated	1261	29
atg000001l_rc_rotated	1262	29
atg000001l_rc_rotated	1263	29
atg000001l_rc_rotated	1264	29
atg000001l_rc_rotated	1265	29
atg000001l_rc_rotated	1266	29
atg000001l_rc_rotated	1267	29
atg000001l_rc_rotated	1268	29
atg000001l_rc_rotated	1269	29
atg000001l_rc_rotated	1270	29
atg000001l_rc_rotated	1271	29
atg000001l_rc_rotated	1272	29
atg000001l_rc_rotated	1273	29
atg000001l_rc_rotated	1274	29
atg000001l_rc_rotated	1275	29
atg000001l_rc_rotated	1276	29
atg000001l_rc_rotated	1277	29
atg000001l_rc_rotated	1278	29
atg000001l_rc_rotated	1279	29
atg000001l_rc_rotated	1280	29
atg000001l_rc_rotated	1281	29
atg000001l_rc_rotated	1282	29
atg000001l_rc_rotated	1283	29
atg000001l_rc_rotated	1284	29
atg000001l_rc_rotated	1285	29
atg000001l_rc_rotated	1286	29
atg000001l_rc_rotated	1287	29
atg000001l_rc_rotated	1288	29
atg000001l_rc_rotated	1289	29
atg000001l_rc_rotated	1290	29
atg000001l_rc_rotated	1291	29
atg000001l_rc_rotated	1292	29
atg000001l_rc_rotated	1293	29
atg000001l_rc_rotated	1294	29
atg000001l_rc_rotated	1295	29
atg000001l_rc_rotated	1296	29
atg000001l_rc_rotated	1297	29
atg000001l_rc_rotated	1298	29
atg000001l_rc_rotated	1299	29
atg000001l_rc_rotated	1300	29
atg000001l_rc_rotated	1301	29
atg000001l_rc_rotated	1302	29
atg000001l_rc_rotated	1303	29
atg000001l_rc_rotated	1304	29
atg000001l_rc_rotated	1305	29
atg000001l_rc_rotated	1306	29
atg000001l_rc_rotated	1307	29
atg000001l_rc_rotated	1308	29
atg000001l_rc_rotated	1309	29
atg000001l_rc_rotated	1310	29
atg000001l_rc_rotated	1311	29
atg000001l_rc_rotated	1312	29
atg000001l_rc_rotated	1313	29
atg000001l_rc_rotated	1314	29
atg000001l_rc_rotated	1315	29
atg000001l_rc_rotated	1316	29
atg000001l_rc_rotated	1317	29
atg000001l_rc_rotated	1318	29
atg000001l_rc_rotated	1319	29
atg000001l_rc_rotated	1320	29
atg000001l_rc_rotated	1321	29
atg000001l_rc_rotated	1322	29
atg000001l_rc_rotated	1323	29
atg000001l_rc_rotated	1324	29
atg000001l_rc_rotated	1325	29
atg000001l_rc_rotated	1326	29
atg000001l_rc_rotated	1327	29
atg000001l_rc_rotated	1328	29
atg000001l_rc_rotated	1329	29
atg000001l_rc_rotated	1330	29
atg000001l_rc_rotated	1331	29
atg000001l_rc_rotated	1332	29
atg000001l_rc_rotated	1333	29
atg000001l_rc_rotated	1334	29
atg000001l_rc_rotated	1335	29
atg000001l_rc_rotated	1336	29
atg000001l_rc_rotated	1337	29
atg000001l_rc_rotated	1338	29
atg000001l_rc_rotated	1339	29
atg000001l_rc_rotated	1340	29
atg000001l_rc_rotated	1341	29
atg000001l_rc_rotated	1342	29
atg000001l_rc_rotated	1343	29
atg000001l_rc_rotated	1344	29
atg000001l_rc_rotated	1345	29
atg000001l_rc_rotated	1346	29
atg000001l_rc_rotated	1347	29
atg000001l_rc_rotated	1348	29
atg000001l_rc_rotated	1349	29
atg000001l_rc_rotated	1350	29
atg000001l_rc_rotated	1351	29
atg000001l_rc_rotated	1352	29
atg000001l_rc_rotated	1353	29
atg000001l_rc_rotated	1354	29
atg000001l_rc_rotated	1355	29
atg000001l_rc_rotated	1356	29
atg000001l_rc_rotated	1357	29
atg000001l_rc_rotated	1358	29
atg000001l_rc_rotated	1359	29
atg000001l_rc_rotated	1360	29
atg000001l_rc_rotated	1361	29
atg000001l_rc_rotated	1362	29
atg000001l_rc_rotated	1363	29
atg000001l_rc_rotated	1364	29
atg000001l_rc_rotated	1365	29
atg000001l_rc_rotated	1366	29
atg000001l_rc_rotated	1367	29
atg000001l_rc_rotated	1368	29
atg000001l_rc_rotated	1369	29
atg000001l_rc_rotated	1370	29
atg000001l_rc_rotated	1371	29
atg000001l_rc_rotated	1372	29
atg000001l_rc_rotated	1373	29
atg000001l_rc_rotated	1374	29
atg000001l_rc_rotated	1375	29
atg000001l_rc_rotated	1376	29
atg000001l_rc_rotated	1377	29
atg000001l_rc_rotated	1378	29
atg000001l_rc_rotated	1379	29
atg000001l_rc_rotated	1380	29
atg000001l_rc_rotated	1381	29
atg000001l_rc_rotated	1382	29
atg000001l_rc_rotated	1383	29
atg000001l_rc_rotated	1384	29
atg000001l_rc_rotated	1385	29
atg000001l_rc_rotated	1386	29
atg000001l_rc_rotated	1387	29
atg000001l_rc_rotated	1388	29
atg000001l_rc_rotated	1389	29
atg000001l_rc_rotated	1390	29
atg000001l_rc_rotated	1391	29
atg000001l_rc_rotated	1392	29
atg000001l_rc_rotated	1393	29
atg000001l_rc_rotated	1394	29
atg000001l_rc_rotated	1395	29
atg000001l_rc_rotated	1396	29
atg000001l_rc_rotated	1397	29
atg000001l_rc_rotated	1398	29
atg000001l_rc_rotated	1399	29
atg000001l_rc_rotated	1400	29
atg000001l_rc_rotated	1401	29
atg000001l_rc_rotated	1402	29
atg000001l_rc_rotated	1403	29
atg000001l_rc_rotated	1404	29
atg000001l_rc_rotated	1405	29
atg000001l_rc_rotated	1406	29
atg000001l_rc_rotated	1407	29
atg000001l_rc_rotated	1408	29
atg000001l_rc_rotated	1409	29
atg000001l_rc_rotated	1410	29
atg000001l_rc_rotated	1411	29
atg000001l_rc_rotated	1412	29
atg000001l_rc_rotated	1413	29
atg000001l_rc_rotated	1414	29
atg000001l_rc_rotated	1415	29
atg000001l_rc_rotated	1416	29
atg000001l_rc_rotated	1417	29
atg000001l_rc_rotated	1418	29
atg000001l_rc_rotated	1419	29
atg000001l_rc_rotated	1420	29
atg000001l_rc_rotated	1421	29
atg000001l_rc_rotated	1422	29
atg000001l_rc_rotated	1423	29
atg000001l_rc_rotated	1424	29
atg000001l_rc_rotated	1425	29
atg000001l_rc_rotated	1426	29
atg000001l_rc_rotated	1427	29
atg000001l_rc_rotated	1428	29
atg000001l_rc_rotated	1429	29
atg000001l_rc_rotated	1430	29
atg000001l_rc_rotated	1431	29
atg000001l_rc_rotated	1432	29
atg000001l_rc_rotated	1433	29
atg000001l_rc_rotated	1434	29
atg000001l_rc_rotated	1435	29
atg000001l_rc_rotated	1436	29
atg000001l_rc_rotated	1437	29
atg000001l_rc_rotated	1438	29
atg000001l_rc_rotated	1439	29
atg000001l_rc_rotated	1440	29
atg000001l_rc_rotated	1441	29
atg000001l_rc_rotated	1442	29
atg000001l_rc_rotated	1443	29
atg000001l_rc_rotated	1444	29
atg000001l_rc_rotated	1445	29
atg000001l_rc_rotated	1446	29
atg000001l_rc_rotated	1447	29
atg000001l_rc_rotated	1448	29
atg000001l_rc_rotated	1449	29
atg000001l_rc_rotated	1450	29
atg000001l_rc_rotated	1451	29
atg000001l_rc_rotated	1452	29
atg000001l_rc_rotated	1453	29
atg000001l_rc_rotated	1454	29
atg000001l_rc_rotated	1455	29
atg000001l_rc_rotated	1456	29
atg000001l_rc_rotated	1457	29
atg000001l_rc_rotated	1458	29
atg000001l_rc_rotated	1459	29
atg000001l_rc_rotated	1460	29
atg000001l_rc_rotated	1461	29
atg000001l_rc_rotated	1462	29
atg000001l_rc_rotated	1463	29
atg000001l_rc_rotated	1464	29
atg000001l_rc_rotated	1465	29
atg000001l_rc_rotated	1466	29
atg000001l_rc_rotated	1467	29
atg000001l_rc_rotated	1468	29
atg000001l_rc_rotated	1469	29
atg000001l_rc_rotated	1470	29
atg000001l_rc_rotated	1471	29
atg000001l_rc_rotated	1472	29
atg000001l_rc_rotated	1473	29
atg000001l_rc_rotated	1474	29
atg000001l_rc_rotated	1475	29
atg000001l_rc_rotated	1476	29
atg000001l_rc_rotated	1477	29
atg000001l_rc_rotated	1478	29
atg000001l_rc_rotated	1479	29
atg000001l_rc_rotated	1480	29
atg000001l_rc_rotated	1481	29
atg000001l_rc_rotated	1482	29
atg000001l_rc_rotated	1483	29
atg000001l_rc_rotated	1484	29
atg000001l_rc_rotated	1485	29
atg000001l_rc_rotated	1486	29
atg000001l_rc_rotated	1487	29
atg000001l_rc_rotated	1488	29
atg000001l_rc_rotated	1489	29
atg000001l_rc_rotated	1490	29
atg000001l_rc_rotated	1491	29
atg000001l_rc_rotated	1492	29
atg000001l_rc_rotated	1493	29
atg000001l_rc_rotated	1494	29
atg000001l_rc_rotated	1495	29
atg000001l_rc_rotated	1496	29
atg000001l_rc_rotated	1497	29
atg000001l_rc_rotated	1498	29
atg000001l_rc_rotated	1499	29
atg000001l_rc_rotated	1500	29
atg000001l_rc_rotated	1501	29
atg000001l_rc_rotated	1502	29
atg000001l_rc_rotated	1503	29
atg000001l_rc_rotated	1504	29
atg000001l_rc_rotated	1505	29
atg000001l_rc_rotated	1506	30
atg000001l_rc_rotated	1507	30
atg000001l_rc_rotated	1508	30
atg000001l_rc_rotated	1509	30
atg000001l_rc_rotated	1510	30
atg000001l_rc_rotated	1511	30
atg000001l_rc_rotated	1512	30
atg000001l_rc_rotated	1513	30
atg000001l_rc_rotated	1514	30
atg000001l_rc_rotated	1515	30
atg000001l_rc_rotated	1516	30
atg000001l_rc_rotated	1517	30
atg000001l_rc_rotated	1518	30
atg000001l_rc_rotated	1519	30
atg000001l_rc_rotated	1520	30
atg000001l_rc_rotated	1521	30
atg000001l_rc_rotated	1522	30
atg000001l_rc_rotated	1523	30
atg000001l_rc_rotated	1524	30
atg000001l_rc_rotated	1525	30
atg000001l_rc_rotated	1526	30
atg000001l_rc_rotated	1527	30
atg000001l_rc_rotated	1528	30
atg000001l_rc_rotated	1529	30
atg000001l_rc_rotated	1530	30
atg000001l_rc_rotated	1531	30
atg000001l_rc_rotated	1532	30
atg000001l_rc_rotated	1533	30
atg000001l_rc_rotated	1534	30
atg000001l_rc_rotated	1535	30
atg000001l_rc_rotated	1536	30
atg000001l_rc_rotated	1537	30
atg000001l_rc_rotated	1538	30
atg000001l_rc_rotated	1539	30
atg000001l_rc_rotated	1540	30
atg000001l_rc_rotated	1541	30
atg000001l_rc_rotated	1542	30
atg000001l_rc_rotated	1543	30
atg000001l_rc_rotated	1544	30
atg000001l_rc_rotated	1545	30
atg000001l_rc_rotated	1546	30
atg000001l_rc_rotated	1547	30
atg000001l_rc_rotated	1548	30
atg000001l_rc_rotated	1549	30
atg000001l_rc_rotated	1550	30
atg000001l_rc_rotated	1551	30
atg000001l_rc_rotated	1552	30
atg000001l_rc_rotated	1553	30
atg000001l_rc_rotated	1554	30
atg000001l_rc_rotated	1555	30
atg000001l_rc_rotated	1556	30
atg000001l_rc_rotated	1557	30
atg000001l_rc_rotated	1558	30
atg000001l_rc_rotated	1559	30
atg000001l_rc_rotated	1560	30
atg000001l_rc_rotated	1561	30
atg000001l_rc_rotated	1562	30
atg000001l_rc_rotated	1563	30
atg000001l_rc_rotated	1564	30
atg000001l_rc_rotated	1565	30
atg000001l_rc_rotated	1566	30
atg000001l_rc_rotated	1567	30
atg000001l_rc_rotated	1568	30
atg000001l_rc_rotated	1569	30
atg000001l_rc_rotated	1570	30
atg000001l_rc_rotated	1571	30
atg000001l_rc_rotated	1572	30
atg000001l_rc_rotated	1573	30
atg000001l_rc_rotated	1574	30
atg000001l_rc_rotated	1575	30
atg000001l_rc_rotated	1576	30
atg000001l_rc_rotated	1577	30
atg000001l_rc_rotated	1578	30
atg000001l_rc_rotated	1579	30
atg000001l_rc_rotated	1580	30
atg000001l_rc_rotated	1581	30
atg000001l_rc_rotated	1582	30
atg000001l_rc_rotated	1583	30
atg000001l_rc_rotated	1584	30
atg000001l_rc_rotated	1585	30
atg000001l_rc_rotated	1586	30
atg000001l_rc_rotated	1587	30
atg000001l_rc_rotated	1588	30
atg000001l_rc_rotated	1589	30
atg000001l_rc_rotated	1590	30
atg000001l_rc_rotated	1591	30
atg000001l_rc_rotated	1592	30
atg000001l_rc_rotated	1593	30
atg000001l_rc_rotated	1594	30
atg000001l_rc_rotated	1595	30
atg000001l_rc_rotated	1596	30
atg000001l_rc_rotated	1597	30
atg000001l_rc_rotated	1598	30
atg000001l_rc_rotated	1599	30
atg000001l_rc_rotated	1600	30
atg000001l_rc_rotated	1601	30
atg000001l_rc_rotated	1602	30
atg000001l_rc_rotated	1603	30
atg000001l_rc_rotated	1604	30
atg000001l_rc_rotated	1605	30
atg000001l_rc_rotated	1606	30
atg000001l_rc_rotated	1607	30
atg000001l_rc_rotated	1608	30
atg000001l_rc_rotated	1609	30
atg000001l_rc_rotated	1610	30
atg000001l_rc_rotated	1611	30
atg000001l_rc_rotated	1612	30
atg000001l_rc_rotated	1613	30
atg000001l_rc_rotated	1614	30
atg000001l_rc_rotated	1615	30
atg000001l_rc_rotated	1616	30
atg000001l_rc_rotated	1617	30
atg000001l_rc_rotated	1618	30
atg000001l_rc_rotated	1619	30
atg000001l_rc_rotated	1620	30
atg000001l_rc_rotated	1621	30
atg000001l_rc_rotated	1622	30
atg000001l_rc_rotated	1623	30
atg000001l_rc_rotated	1624	30
atg000001l_rc_rotated	1625	30
atg000001l_rc_rotated	1626	30
atg000001l_rc_rotated	1627	30
atg000001l_rc_rotated	1628	30
atg000001l_rc_rotated	1629	30
atg000001l_rc_rotated	1630	30
atg000001l_rc_rotated	1631	30
atg000001l_rc_rotated	1632	30
atg000001l_rc_rotated	1633	30
atg000001l_rc_rotated	1634	30
atg000001l_rc_rotated	1635	30
atg000001l_rc_rotated	1636	30
atg000001l_rc_rotated	1637	30
atg000001l_rc_rotated	1638	30
atg000001l_rc_rotated	1639	30
atg000001l_rc_rotated	1640	30
atg000001l_rc_rotated	1641	30
atg000001l_rc_rotated	1642	30
atg000001l_rc_rotated	1643	30
atg000001l_rc_rotated	1644	30
atg000001l_rc_rotated	1645	30
atg000001l_rc_rotated	1646	30
atg000001l_rc_rotated	1647	30
atg000001l_rc_rotated	1648	30
atg000001l_rc_rotated	1649	30
atg000001l_rc_rotated	1650	30
atg000001l_rc_rotated	1651	30
atg000001l_rc_rotated	1652	30
atg000001l_rc_rotated	1653	30
atg000001l_rc_rotated	1654	30
atg000001l_rc_rotated	1655	30
atg000001l_rc_rotated	1656	30
atg000001l_rc_rotated	1657	30
atg000001l_rc_rotated	1658	30
atg000001l_rc_rotated	1659	30
atg000001l_rc_rotated	1660	30
atg000001l_rc_rotated	1661	30
atg000001l_rc_rotated	1662	30
atg000001l_rc_rotated	1663	30
atg000001l_rc_rotated	1664	30
atg000001l_rc_rotated	1665	30
atg000001l_rc_rotated	1666	30
atg000001l_rc_rotated	1667	30
atg000001l_rc_rotated	1668	30
atg000001l_rc_rotated	1669	30
atg000001l_rc_rotated	1670	30
atg000001l_rc_rotated	1671	30
atg000001l_rc_rotated	1672	30
atg000001l_rc_rotated	1673	30
atg000001l_rc_rotated	1674	30
atg000001l_rc_rotated	1675	30
atg000001l_rc_rotated	1676	30
atg000001l_rc_rotated	1677	30
atg000001l_rc_rotated	1678	30
atg000001l_rc_rotated	1679	30
atg000001l_rc_rotated	1680	30
atg000001l_rc_rotated	1681	30
atg000001l_rc_rotated	1682	30
atg000001l_rc_rotated	1683	30
atg000001l_rc_rotated	1684	30
atg000001l_rc_rotated	1685	30
atg000001l_rc_rotated	1686	30
atg000001l_rc_rotated	1687	30
atg000001l_rc_rotated	1688	30
atg000001l_rc_rotated	1689	30
atg000001l_rc_rotated	1690	30
atg000001l_rc_rotated	1691	30
atg000001l_rc_rotated	1692	30
atg000001l_rc_rotated	1693	30
atg000001l_rc_rotated	1694	30
atg000001l_rc_rotated	1695	30
atg000001l_rc_rotated	1696	30
atg000001l_rc_rotated	1697	30
atg000001l_rc_rotated	1698	30
atg000001l_rc_rotated	1699	30
atg000001l_rc_rotated	1700	30
atg000001l_rc_rotated	1701	30
atg000001l_rc_rotated	1702	30
atg000001l_rc_rotated	1703	30
atg000001l_rc_rotated	1704	30
atg000001l_rc_rotated	1705	30
atg000001l_rc_rotated	1706	30
atg000001l_rc_rotated	1707	30
atg000001l_rc_rotated	1708	30
atg000001l_rc_rotated	1709	30
atg000001l_rc_rotated	1710	30
atg000001l_rc_rotated	1711	30
atg000001l_rc_rotated	1712	30
atg000001l_rc_rotated	1713	30
atg000001l_rc_rotated	1714	30
atg000001l_rc_rotated	1715	30
atg000001l_rc_rotated	1716	30
atg000001l_rc_rotated	1717	30
atg000001l_rc_rotated	1718	30
atg000001l_rc_rotated	1719	31
atg000001l_rc_rotated	1720	31
atg000001l_rc_rotated	1721	31
atg000001l_rc_rotated	1722	31
atg000001l_rc_rotated	1723	31
atg000001l_rc_rotated	1724	31
atg000001l_rc_rotated	1725	31
atg000001l_rc_rotated	1726	31
atg000001l_rc_rotated	1727	31
atg000001l_rc_rotated	1728	31
atg000001l_rc_rotated	1729	31
atg000001l_rc_rotated	1730	31
atg000001l_rc_rotated	1731	31
atg000001l_rc_rotated	1732	31
atg000001l_rc_rotated	1733	31
atg000001l_rc_rotated	1734	31
atg000001l_rc_rotated	1735	31
atg000001l_rc_rotated	1736	31
atg000001l_rc_rotated	1737	31
atg000001l_rc_rotated	1738	31
atg000001l_rc_rotated	1739	31
atg000001l_rc_rotated	1740	31
atg000001l_rc_rotated	1741	31
atg000001l_rc_rotated	1742	31
atg000001l_rc_rotated	1743	31
atg000001l_rc_rotated	1744	31
atg000001l_rc_rotated	1745	31
atg000001l_rc_rotated	1746	31
atg000001l_rc_rotated	1747	31
atg000001l_rc_rotated	1748	31
atg000001l_rc_rotated	1749	31
atg000001l_rc_rotated	1750	31
atg000001l_rc_rotated	1751	31
atg000001l_rc_rotated	1752	31
atg000001l_rc_rotated	1753	31
atg000001l_rc_rotated	1754	31
atg000001l_rc_rotated	1755	31
atg000001l_rc_rotated	1756	31
atg000001l_rc_rotated	1757	31
atg000001l_rc_rotated	1758	31
atg000001l_rc_rotated	1759	31
atg000001l_rc_rotated	1760	31
atg000001l_rc_rotated	1761	31
atg000001l_rc_rotated	1762	31
atg000001l_rc_rotated	1763	31
atg000001l_rc_rotated	1764	31
atg000001l_rc_rotated	1765	31
atg000001l_rc_rotated	1766	31
atg000001l_rc_rotated	1767	31
atg000001l_rc_rotated	1768	31
atg000001l_rc_rotated	1769	31
atg000001l_rc_rotated	1770	31
atg000001l_rc_rotated	1771	31
atg000001l_rc_rotated	1772	31
atg000001l_rc_rotated	1773	31
atg000001l_rc_rotated	1774	31
atg000001l_rc_rotated	1775	31
atg000001l_rc_rotated	1776	31
atg000001l_rc_rotated	1777	31
atg000001l_rc_rotated	1778	31
atg000001l_rc_rotated	1779	31
atg000001l_rc_rotated	1780	31
atg000001l_rc_rotated	1781	31
atg000001l_rc_rotated	1782	31
atg000001l_rc_rotated	1783	31
atg000001l_rc_rotated	1784	31
atg000001l_rc_rotated	1785	31
atg000001l_rc_rotated	1786	31
atg000001l_rc_rotated	1787	31
atg000001l_rc_rotated	1788	31
atg000001l_rc_rotated	1789	31
atg000001l_rc_rotated	1790	31
atg000001l_rc_rotated	1791	31
atg000001l_rc_rotated	1792	31
atg000001l_rc_rotated	1793	31
atg000001l_rc_rotated	1794	31
atg000001l_rc_rotated	1795	31
atg000001l_rc_rotated	1796	31
atg000001l_rc_rotated	1797	31
atg000001l_rc_rotated	1798	31
atg000001l_rc_rotated	1799	31
atg000001l_rc_rotated	1800	31
atg000001l_rc_rotated	1801	31
atg000001l_rc_rotated	1802	31
atg000001l_rc_rotated	1803	31
atg000001l_rc_rotated	1804	31
atg000001l_rc_rotated	1805	31
atg000001l_rc_rotated	1806	31
atg000001l_rc_rotated	1807	31
atg000001l_rc_rotated	1808	31
atg000001l_rc_rotated	1809	31
atg000001l_rc_rotated	1810	31
atg000001l_rc_rotated	1811	31
atg000001l_rc_rotated	1812	31
atg000001l_rc_rotated	1813	31
atg000001l_rc_rotated	1814	31
atg000001l_rc_rotated	1815	31
atg000001l_rc_rotated	1816	31
atg000001l_rc_rotated	1817	31
atg000001l_rc_rotated	1818	31
atg000001l_rc_rotated	1819	31
atg000001l_rc_rotated	1820	31
atg000001l_rc_rotated	1821	31
atg000001l_rc_rotated	1822	31
atg000001l_rc_rotated	1823	31
atg000001l_rc_rotated	1824	31
atg000001l_rc_rotated	1825	31
atg000001l_rc_rotated	1826	31
atg000001l_rc_rotated	1827	31
atg000001l_rc_rotated	1828	31
atg000001l_rc_rotated	1829	31
atg000001l_rc_rotated	1830	31
atg000001l_rc_rotated	1831	31
atg000001l_rc_rotated	1832	31
atg000001l_rc_rotated	1833	31
atg000001l_rc_rotated	1834	31
atg000001l_rc_rotated	1835	31
atg000001l_rc_rotated	1836	31
atg000001l_rc_rotated	1837	31
atg000001l_rc_rotated	1838	31
atg000001l_rc_rotated	1839	31
atg000001l_rc_rotated	1840	31
atg000001l_rc_rotated	1841	31
atg000001l_rc_rotated	1842	31
atg000001l_rc_rotated	1843	31
atg000001l_rc_rotated	1844	31
atg000001l_rc_rotated	1845	31
atg000001l_rc_rotated	1846	31
atg000001l_rc_rotated	1847	31
atg000001l_rc_rotated	1848	31
atg000001l_rc_rotated	1849	31
atg000001l_rc_rotated	1850	31
atg000001l_rc_rotated	1851	31
atg000001l_rc_rotated	1852	31
atg000001l_rc_rotated	1853	31
atg000001l_rc_rotated	1854	31
atg000001l_rc_rotated	1855	31
atg000001l_rc_rotated	1856	31
atg000001l_rc_rotated	1857	31
atg000001l_rc_rotated	1858	31
atg000001l_rc_rotated	1859	31
atg000001l_rc_rotated	1860	31
atg000001l_rc_rotated	1861	31
atg000001l_rc_rotated	1862	31
atg000001l_rc_rotated	1863	31
atg000001l_rc_rotated	1864	31
atg000001l_rc_rotated	1865	31
atg000001l_rc_rotated	1866	31
atg000001l_rc_rotated	1867	31
atg000001l_rc_rotated	1868	31
atg000001l_rc_rotated	1869	31
atg000001l_rc_rotated	1870	31
atg000001l_rc_rotated	1871	31
atg000001l_rc_rotated	1872	31
atg000001l_rc_rotated	1873	31
atg000001l_rc_rotated	1874	31
atg000001l_rc_rotated	1875	31
atg000001l_rc_rotated	1876	31
atg000001l_rc_rotated	1877	31
atg000001l_rc_rotated	1878	31
atg000001l_rc_rotated	1879	31
atg000001l_rc_rotated	1880	31
atg000001l_rc_rotated	1881	31
atg000001l_rc_rotated	1882	31
atg000001l_rc_rotated	1883	31
atg000001l_rc_rotated	1884	31
atg000001l_rc_rotated	1885	31
atg000001l_rc_rotated	1886	31
atg000001l_rc_rotated	1887	31
atg000001l_rc_rotated	1888	31
atg000001l_rc_rotated	1889	31
atg000001l_rc_rotated	1890	31
atg000001l_rc_rotated	1891	31
atg000001l_rc_rotated	1892	31
atg000001l_rc_rotated	1893	31
atg000001l_rc_rotated	1894	31
atg000001l_rc_rotated	1895	31
atg000001l_rc_rotated	1896	31
atg000001l_rc_rotated	1897	31
atg000001l_rc_rotated	1898	31
atg000001l_rc_rotated	1899	31
atg000001l_rc_rotated	1900	31
atg000001l_rc_rotated	1901	31
atg000001l_rc_rotated	1902	31
atg000001l_rc_rotated	1903	31
atg000001l_rc_rotated	1904	31
atg000001l_rc_rotated	1905	31
atg000001l_rc_rotated	1906	31
atg000001l_rc_rotated	1907	31
atg000001l_rc_rotated	1908	31
atg000001l_rc_rotated	1909	31
atg000001l_rc_rotated	1910	31
atg000001l_rc_rotated	1911	31
atg000001l_rc_rotated	1912	31
atg000001l_rc_rotated	1913	31
atg000001l_rc_rotated	1914	31
atg000001l_rc_rotated	1915	31
atg000001l_rc_rotated	1916	31
atg000001l_rc_rotated	1917	31
atg000001l_rc_rotated	1918	31
atg000001l_rc_rotated	1919	31
atg000001l_rc_rotated	1920	31
atg000001l_rc_rotated	1921	31
atg000001l_rc_rotated	1922	31
atg000001l_rc_rotated	1923	31
atg000001l_rc_rotated	1924	31
atg000001l_rc_rotated	1925	31
atg000001l_rc_rotated	1926	31
atg000001l_rc_rotated	1927	31
atg000001l_rc_rotated	1928	31
atg000001l_rc_rotated	1929	31
atg000001l_rc_rotated	1930	31
atg000001l_rc_rotated	1931	31
atg000001l_rc_rotated	1932	31
atg000001l_rc_rotated	1933	31
atg000001l_rc_rotated	1934	31
atg000001l_rc_rotated	1935	31
atg000001l_rc_rotated	1936	31
atg000001l_rc_rotated	1937	31
atg000001l_rc_rotated	1938	31
atg000001l_rc_rotated	1939	31
atg000001l_rc_rotated	1940	31
atg000001l_rc_rotated	1941	31
atg000001l_rc_rotated	1942	31
atg000001l_rc_rotated	1943	31
atg000001l_rc_rotated	1944	31
atg000001l_rc_rotated	1945	31
atg000001l_rc_rotated	1946	31
atg000001l_rc_rotated	1947	31
atg000001l_rc_rotated	1948	31
atg000001l_rc_rotated	1949	31
atg000001l_rc_rotated	1950	31
atg000001l_rc_rotated	1951	31
atg000001l_rc_rotated	1952	31
atg000001l_rc_rotated	1953	31
atg000001l_rc_rotated	1954	31
atg000001l_rc_rotated	1955	31
atg000001l_rc_rotated	1956	31
atg000001l_rc_rotated	1957	31
atg000001l_rc_rotated	1958	31
atg000001l_rc_rotated	1959	31
atg000001l_rc_rotated	1960	31
atg000001l_rc_rotated	1961	31
atg000001l_rc_rotated	1962	31
atg000001l_rc_rotated	1963	31
atg000001l_rc_rotated	1964	31
atg000001l_rc_rotated	1965	31
atg000001l_rc_rotated	1966	31
atg000001l_rc_rotated	1967	31
atg000001l_rc_rotated	1968	31
atg000001l_rc_rotated	1969	31
atg000001l_rc_rotated	1970	31
atg000001l_rc_rotated	1971	31
atg000001l_rc_rotated	1972	31
atg000001l_rc_rotated	1973	31
atg000001l_rc_rotated	1974	31
atg000001l_rc_rotated	1975	31
atg000001l_rc_rotated	1976	31
atg000001l_rc_rotated	1977	31
atg000001l_rc_rotated	1978	31
atg000001l_rc_rotated	1979	31
atg000001l_rc_rotated	1980	31
atg000001l_rc_rotated	1981	31
atg000001l_rc_rotated	1982	31
atg000001l_rc_rotated	1983	31
atg000001l_rc_rotated	1984	31
atg000001l_rc_rotated	1985	31
atg000001l_rc_rotated	1986	31
atg000001l_rc_rotated	1987	31
atg000001l_rc_rotated	1988	31
atg000001l_rc_rotated	1989	31
atg000001l_rc_rotated	1990	31
atg000001l_rc_rotated	1991	31
atg000001l_rc_rotated	1992	31
atg000001l_rc_rotated	1993	31
atg000001l_rc_rotated	1994	31
atg000001l_rc_rotated	1995	31
atg000001l_rc_rotated	1996	31
atg000001l_rc_rotated	1997	31
atg000001l_rc_rotated	1998	31
atg000001l_rc_rotated	1999	31
atg000001l_rc_rotated	2000	31
atg000001l_rc_rotated	2001	31
atg000001l_rc_rotated	2002	31
atg000001l_rc_rotated	2003	31
atg000001l_rc_rotated	2004	31
atg000001l_rc_rotated	2005	31
atg000001l_rc_rotated	2006	31
atg000001l_rc_rotated	2007	31
atg000001l_rc_rotated	2008	31
atg000001l_rc_rotated	2009	31
atg000001l_rc_rotated	2010	31
atg000001l_rc_rotated	2011	31
atg000001l_rc_rotated	2012	31
atg000001l_rc_rotated	2013	31
atg000001l_rc_rotated	2014	31
atg000001l_rc_rotated	2015	31
atg000001l_rc_rotated	2016	31
atg000001l_rc_rotated	2017	31
atg000001l_rc_rotated	2018	31
atg000001l_rc_rotated	2019	31
atg000001l_rc_rotated	2020	31
atg000001l_rc_rotated	2021	31
atg000001l_rc_rotated	2022	31
atg000001l_rc_rotated	2023	31
atg000001l_rc_rotated	2024	31
atg000001l_rc_rotated	2025	31
atg000001l_rc_rotated	2026	31
atg000001l_rc_rotated	2027	31
atg000001l_rc_rotated	2028	31
atg000001l_rc_rotated	2029	31
atg000001l_rc_rotated	2030	31
atg000001l_rc_rotated	2031	31
atg000001l_rc_rotated	2032	31
atg000001l_rc_rotated	2033	31
atg000001l_rc_rotated	2034	31
atg000001l_rc_rotated	2035	31
atg000001l_rc_rotated	2036	31
atg000001l_rc_rotated	2037	31
atg000001l_rc_rotated	2038	31
atg000001l_rc_rotated	2039	31
atg000001l_rc_rotated	2040	31
atg000001l_rc_rotated	2041	31
atg000001l_rc_rotated	2042	31
atg000001l_rc_rotated	2043	31
atg000001l_rc_rotated	2044	31
atg000001l_rc_rotated	2045	31
atg000001l_rc_rotated	2046	31
atg000001l_rc_rotated	2047	31
atg000001l_rc_rotated	2048	31
atg000001l_rc_rotated	2049	31
atg000001l_rc_rotated	2050	31
atg000001l_rc_rotated	2051	31
atg000001l_rc_rotated	2052	31
atg000001l_rc_rotated	2053	31
atg000001l_rc_rotated	2054	31
atg000001l_rc_rotated	2055	31
atg000001l_rc_rotated	2056	31
atg000001l_rc_rotated	2057	31
atg000001l_rc_rotated	2058	31
atg000001l_rc_rotated	2059	31
atg000001l_rc_rotated	2060	31
atg000001l_rc_rotated	2061	31
atg000001l_rc_rotated	2062	31
atg000001l_rc_rotated	2063	31
atg000001l_rc_rotated	2064	31
atg000001l_rc_rotated	2065	31
atg000001l_rc_rotated	2066	31
atg000001l_rc_rotated	2067	31
atg000001l_rc_rotated	2068	31
atg000001l_rc_rotated	2069	31
atg000001l_rc_rotated	2070	31
atg000001l_rc_rotated	2071	31
atg000001l_rc_rotated	2072	31
atg000001l_rc_rotated	2073	31
atg000001l_rc_rotated	2074	31
atg000001l_rc_rotated	2075	31
atg000001l_rc_rotated	2076	31
atg000001l_rc_rotated	2077	31
atg000001l_rc_rotated	2078	31
atg000001l_rc_rotated	2079	31
atg000001l_rc_rotated	2080	31
atg000001l_rc_rotated	2081	31
atg000001l_rc_rotated	2082	31
atg000001l_rc_rotated	2083	31
atg000001l_rc_rotated	2084	31
atg000001l_rc_rotated	2085	31
atg000001l_rc_rotated	2086	31
atg000001l_rc_rotated	2087	31
atg000001l_rc_rotated	2088	31
atg000001l_rc_rotated	2089	31
atg000001l_rc_rotated	2090	31
atg000001l_rc_rotated	2091	31
atg000001l_rc_rotated	2092	31
atg000001l_rc_rotated	2093	31
atg000001l_rc_rotated	2094	31
atg000001l_rc_rotated	2095	31
atg000001l_rc_rotated	2096	31
atg000001l_rc_rotated	2097	31
atg000001l_rc_rotated	2098	31
atg000001l_rc_rotated	2099	31
atg000001l_rc_rotated	2100	31
atg000001l_rc_rotated	2101	31
atg000001l_rc_rotated	2102	31
atg000001l_rc_rotated	2103	31
atg000001l_rc_rotated	2104	31
atg000001l_rc_rotated	2105	31
atg000001l_rc_rotated	2106	31
atg000001l_rc_rotated	2107	31
atg000001l_rc_rotated	2108	31
atg000001l_rc_rotated	2109	31
atg000001l_rc_rotated	2110	31
atg000001l_rc_rotated	2111	31
atg000001l_rc_rotated	2112	31
atg000001l_rc_rotated	2113	31
atg000001l_rc_rotated	2114	31
atg000001l_rc_rotated	2115	31
atg000001l_rc_rotated	2116	31
atg000001l_rc_rotated	2117	31
atg000001l_rc_rotated	2118	31
atg000001l_rc_rotated	2119	31
atg000001l_rc_rotated	2120	31
atg000001l_rc_rotated	2121	31
atg000001l_rc_rotated	2122	31
atg000001l_rc_rotated	2123	31
atg000001l_rc_rotated	2124	31
atg000001l_rc_rotated	2125	31
atg000001l_rc_rotated	2126	31
atg000001l_rc_rotated	2127	31
atg000001l_rc_rotated	2128	31
atg000001l_rc_rotated	2129	31
atg000001l_rc_rotated	2130	31
atg000001l_rc_rotated	2131	31
atg000001l_rc_rotated	2132	31
atg000001l_rc_rotated	2133	31
atg000001l_rc_rotated	2134	31
atg000001l_rc_rotated	2135	31
atg000001l_rc_rotated	2136	31
atg000001l_rc_rotated	2137	31
atg000001l_rc_rotated	2138	31
atg000001l_rc_rotated	2139	31
atg000001l_rc_rotated	2140	31
atg000001l_rc_rotated	2141	31
atg000001l_rc_rotated	2142	31
atg000001l_rc_rotated	2143	31
atg000001l_rc_rotated	2144	31
atg000001l_rc_rotated	2145	31
atg000001l_rc_rotated	2146	31
atg000001l_rc_rotated	2147	31
atg000001l_rc_rotated	2148	31
atg000001l_rc_rotated	2149	31
atg000001l_rc_rotated	2150	31
atg000001l_rc_rotated	2151	31
atg000001l_rc_rotated	2152	31
atg000001l_rc_rotated	2153	31
atg000001l_rc_rotated	2154	31
atg000001l_rc_rotated	2155	31
atg000001l_rc_rotated	2156	31
atg000001l_rc_rotated	2157	31
atg000001l_rc_rotated	2158	31
atg000001l_rc_rotated	2159	31
atg000001l_rc_rotated	2160	31
atg000001l_rc_rotated	2161	31
atg000001l_rc_rotated	2162	31
atg000001l_rc_rotated	2163	31
atg000001l_rc_rotated	2164	31
atg000001l_rc_rotated	2165	31
atg000001l_rc_rotated	2166	31
atg000001l_rc_rotated	2167	31
atg000001l_rc_rotated	2168	31
atg000001l_rc_rotated	2169	31
atg000001l_rc_rotated	2170	31
atg000001l_rc_rotated	2171	31
atg000001l_rc_rotated	2172	31
atg000001l_rc_rotated	2173	31
atg000001l_rc_rotated	2174	31
atg000001l_rc_rotated	2175	31
atg000001l_rc_rotated	2176	31
atg000001l_rc_rotated	2177	31
atg000001l_rc_rotated	2178	31
atg000001l_rc_rotated	2179	31
atg000001l_rc_rotated	2180	31
atg000001l_rc_rotated	2181	31
atg000001l_rc_rotated	2182	31
atg000001l_rc_rotated	2183	31
atg000001l_rc_rotated	2184	31
atg000001l_rc_rotated	2185	31
atg000001l_rc_rotated	2186	31
atg000001l_rc_rotated	2187	31
atg000001l_rc_rotated	2188	31
atg000001l_rc_rotated	2189	31
atg000001l_rc_rotated	2190	31
atg000001l_rc_rotated	2191	31
atg000001l_rc_rotated	2192	31
atg000001l_rc_rotated	2193	31
atg000001l_rc_rotated	2194	31
atg000001l_rc_rotated	2195	31
atg000001l_rc_rotated	2196	31
atg000001l_rc_rotated	2197	31
atg000001l_rc_rotated	2198	31
atg000001l_rc_rotated	2199	31
atg000001l_rc_rotated	2200	31
atg000001l_rc_rotated	2201	31
atg000001l_rc_rotated	2202	31
atg000001l_rc_rotated	2203	31
atg000001l_rc_rotated	2204	31
atg000001l_rc_rotated	2205	31
atg000001l_rc_rotated	2206	31
atg000001l_rc_rotated	2207	31
atg000001l_rc_rotated	2208	31
atg000001l_rc_rotated	2209	31
atg000001l_rc_rotated	2210	31
atg000001l_rc_rotated	2211	31
atg000001l_rc_rotated	2212	31
atg000001l_rc_rotated	2213	31
atg000001l_rc_rotated	2214	31
atg000001l_rc_rotated	2215	31
atg000001l_rc_rotated	2216	31
atg000001l_rc_rotated	2217	31
atg000001l_rc_rotated	2218	31
atg000001l_rc_rotated	2219	31
atg000001l_rc_rotated	2220	31
atg000001l_rc_rotated	2221	31
atg000001l_rc_rotated	2222	31
atg000001l_rc_rotated	2223	31
atg000001l_rc_rotated	2224	31
atg000001l_rc_rotated	2225	31
atg000001l_rc_rotated	2226	31
atg000001l_rc_rotated	2227	31
atg000001l_rc_rotated	2228	31
atg000001l_rc_rotated	2229	31
atg000001l_rc_rotated	2230	31
atg000001l_rc_rotated	2231	31
atg000001l_rc_rotated	2232	31
atg000001l_rc_rotated	2233	31
atg000001l_rc_rotated	2234	31
atg000001l_rc_rotated	2235	31
atg000001l_rc_rotated	2236	31
atg000001l_rc_rotated	2237	31
atg000001l_rc_rotated	2238	31
atg000001l_rc_rotated	2239	31
atg000001l_rc_rotated	2240	31
atg000001l_rc_rotated	2241	31
atg000001l_rc_rotated	2242	31
atg000001l_rc_rotated	2243	31
atg000001l_rc_rotated	2244	31
atg000001l_rc_rotated	2245	31
atg000001l_rc_rotated	2246	31
atg000001l_rc_rotated	2247	31
atg000001l_rc_rotated	2248	31
atg000001l_rc_rotated	2249	31
atg000001l_rc_rotated	2250	31
atg000001l_rc_rotated	2251	31
atg000001l_rc_rotated	2252	31
atg000001l_rc_rotated	2253	31
atg000001l_rc_rotated	2254	31
atg000001l_rc_rotated	2255	31
atg000001l_rc_rotated	2256	31
atg000001l_rc_rotated	2257	31
atg000001l_rc_rotated	2258	31
atg000001l_rc_rotated	2259	31
atg000001l_rc_rotated	2260	31
atg000001l_rc_rotated	2261	31
atg000001l_rc_rotated	2262	31
atg000001l_rc_rotated	2263	31
atg000001l_rc_rotated	2264	31
atg000001l_rc_rotated	2265	31
atg000001l_rc_rotated	2266	31
atg000001l_rc_rotated	2267	31
atg000001l_rc_rotated	2268	31
atg000001l_rc_rotated	2269	31
atg000001l_rc_rotated	2270	31
atg000001l_rc_rotated	2271	31
atg000001l_rc_rotated	2272	31
atg000001l_rc_rotated	2273	31
atg000001l_rc_rotated	2274	31
atg000001l_rc_rotated	2275	31
atg000001l_rc_rotated	2276	31
atg000001l_rc_rotated	2277	31
atg000001l_rc_rotated	2278	31
atg000001l_rc_rotated	2279	31
atg000001l_rc_rotated	2280	31
atg000001l_rc_rotated	2281	31
atg000001l_rc_rotated	2282	31
atg000001l_rc_rotated	2283	31
atg000001l_rc_rotated	2284	31
atg000001l_rc_rotated	2285	31
atg000001l_rc_rotated	2286	31
atg000001l_rc_rotated	2287	31
atg000001l_rc_rotated	2288	31
atg000001l_rc_rotated	2289	31
atg000001l_rc_rotated	2290	31
atg000001l_rc_rotated	2291	31
atg000001l_rc_rotated	2292	31
atg000001l_rc_rotated	2293	31
atg000001l_rc_rotated	2294	31
atg000001l_rc_rotated	2295	31
atg000001l_rc_rotated	2296	31
atg000001l_rc_rotated	2297	31
atg000001l_rc_rotated	2298	31
atg000001l_rc_rotated	2299	31
atg000001l_rc_rotated	2300	31
atg000001l_rc_rotated	2301	31
atg000001l_rc_rotated	2302	31
atg000001l_rc_rotated	2303	31
atg000001l_rc_rotated	2304	31
atg000001l_rc_rotated	2305	31
atg000001l_rc_rotated	2306	31
atg000001l_rc_rotated	2307	31
atg000001l_rc_rotated	2308	31
atg000001l_rc_rotated	2309	31
atg000001l_rc_rotated	2310	31
atg000001l_rc_rotated	2311	31
atg000001l_rc_rotated	2312	31
atg000001l_rc_rotated	2313	31
atg000001l_rc_rotated	2314	31
atg000001l_rc_rotated	2315	31
atg000001l_rc_rotated	2316	31
atg000001l_rc_rotated	2317	31
atg000001l_rc_rotated	2318	31
atg000001l_rc_rotated	2319	31
atg000001l_rc_rotated	2320	31
atg000001l_rc_rotated	2321	31
atg000001l_rc_rotated	2322	31
atg000001l_rc_rotated	2323	31
atg000001l_rc_rotated	2324	31
atg000001l_rc_rotated	2325	31
atg000001l_rc_rotated	2326	31
atg000001l_rc_rotated	2327	31
atg000001l_rc_rotated	2328	31
atg000001l_rc_rotated	2329	31
atg000001l_rc_rotated	2330	31
atg000001l_rc_rotated	2331	31
atg000001l_rc_rotated	2332	31
atg000001l_rc_rotated	2333	31
atg000001l_rc_rotated	2334	31
atg000001l_rc_rotated	2335	31
atg000001l_rc_rotated	2336	31
atg000001l_rc_rotated	2337	31
atg000001l_rc_rotated	2338	31
atg000001l_rc_rotated	2339	31
atg000001l_rc_rotated	2340	31
atg000001l_rc_rotated	2341	31
atg000001l_rc_rotated	2342	31
atg000001l_rc_rotated	2343	31
atg000001l_rc_rotated	2344	31
atg000001l_rc_rotated	2345	31
atg000001l_rc_rotated	2346	31
atg000001l_rc_rotated	2347	31
atg000001l_rc_rotated	2348	31
atg000001l_rc_rotated	2349	31
atg000001l_rc_rotated	2350	31
atg000001l_rc_rotated	2351	31
atg000001l_rc_rotated	2352	31
atg000001l_rc_rotated	2353	31
atg000001l_rc_rotated	2354	31
atg000001l_rc_rotated	2355	31
atg000001l_rc_rotated	2356	31
atg000001l_rc_rotated	2357	31
atg000001l_rc_rotated	2358	31
atg000001l_rc_rotated	2359	31
atg000001l_rc_rotated	2360	31
atg000001l_rc_rotated	2361	31
atg000001l_rc_rotated	2362	31
atg000001l_rc_rotated	2363	31
atg000001l_rc_rotated	2364	31
atg000001l_rc_rotated	2365	31
atg000001l_rc_rotated	2366	31
atg000001l_rc_rotated	2367	31
atg000001l_rc_rotated	2368	31
atg000001l_rc_rotated	2369	31
atg000001l_rc_rotated	2370	31
atg000001l_rc_rotated	2371	32
atg000001l_rc_rotated	2372	32
atg000001l_rc_rotated	2373	32
atg000001l_rc_rotated	2374	32
atg000001l_rc_rotated	2375	32
atg000001l_rc_rotated	2376	32
atg000001l_rc_rotated	2377	32
atg000001l_rc_rotated	2378	32
atg000001l_rc_rotated	2379	32
atg000001l_rc_rotated	2380	32
atg000001l_rc_rotated	2381	32
atg000001l_rc_rotated	2382	32
atg000001l_rc_rotated	2383	32
atg000001l_rc_rotated	2384	32
atg000001l_rc_rotated	2385	32
atg000001l_rc_rotated	2386	32
atg000001l_rc_rotated	2387	32
atg000001l_rc_rotated	2388	32
atg000001l_rc_rotated	2389	32
atg000001l_rc_rotated	2390	32
atg000001l_rc_rotated	2391	32
atg000001l_rc_rotated	2392	32
atg000001l_rc_rotated	2393	32
atg000001l_rc_rotated	2394	32
atg000001l_rc_rotated	2395	32
atg000001l_rc_rotated	2396	32
atg000001l_rc_rotated	2397	32
atg000001l_rc_rotated	2398	32
atg000001l_rc_rotated	2399	32
atg000001l_rc_rotated	2400	32
atg000001l_rc_rotated	2401	32
atg000001l_rc_rotated	2402	32
atg000001l_rc_rotated	2403	32
atg000001l_rc_rotated	2404	32
atg000001l_rc_rotated	2405	32
atg000001l_rc_rotated	2406	32
atg000001l_rc_rotated	2407	32
atg000001l_rc_rotated	2408	32
atg000001l_rc_rotated	2409	32
atg000001l_rc_rotated	2410	32
atg000001l_rc_rotated	2411	32
atg000001l_rc_rotated	2412	32
atg000001l_rc_rotated	2413	32
atg000001l_rc_rotated	2414	32
atg000001l_rc_rotated	2415	32
atg000001l_rc_rotated	2416	32
atg000001l_rc_rotated	2417	32
atg000001l_rc_rotated	2418	32
atg000001l_rc_rotated	2419	32
atg000001l_rc_rotated	2420	32
atg000001l_rc_rotated	2421	32
atg000001l_rc_rotated	2422	32
atg000001l_rc_rotated	2423	32
atg000001l_rc_rotated	2424	32
atg000001l_rc_rotated	2425	32
atg000001l_rc_rotated	2426	32
atg000001l_rc_rotated	2427	32
atg000001l_rc_rotated	2428	32
atg000001l_rc_rotated	2429	32
atg000001l_rc_rotated	2430	32
atg000001l_rc_rotated	2431	32
atg000001l_rc_rotated	2432	32
atg000001l_rc_rotated	2433	32
atg000001l_rc_rotated	2434	32
atg000001l_rc_rotated	2435	32
atg000001l_rc_rotated	2436	32
atg000001l_rc_rotated	2437	32
atg000001l_rc_rotated	2438	32
atg000001l_rc_rotated	2439	32
atg000001l_rc_rotated	2440	32
atg000001l_rc_rotated	2441	32
atg000001l_rc_rotated	2442	32
atg000001l_rc_rotated	2443	32
atg000001l_rc_rotated	2444	32
atg000001l_rc_rotated	2445	32
atg000001l_rc_rotated	2446	32
atg000001l_rc_rotated	2447	32
atg000001l_rc_rotated	2448	32
atg000001l_rc_rotated	2449	32
atg000001l_rc_rotated	2450	32
atg000001l_rc_rotated	2451	32
atg000001l_rc_rotated	2452	32
atg000001l_rc_rotated	2453	32
atg000001l_rc_rotated	2454	32
atg000001l_rc_rotated	2455	32
atg000001l_rc_rotated	2456	32
atg000001l_rc_rotated	2457	32
atg000001l_rc_rotated	2458	32
atg000001l_rc_rotated	2459	32
atg000001l_rc_rotated	2460	32
atg000001l_rc_rotated	2461	32
atg000001l_rc_rotated	2462	32
atg000001l_rc_rotated	2463	32
atg000001l_rc_rotated	2464	32
atg000001l_rc_rotated	2465	32
atg000001l_rc_rotated	2466	32
atg000001l_rc_rotated	2467	32
atg000001l_rc_rotated	2468	32
atg000001l_rc_rotated	2469	32
atg000001l_rc_rotated	2470	32
atg000001l_rc_rotated	2471	32
atg000001l_rc_rotated	2472	32
atg000001l_rc_rotated	2473	32
atg000001l_rc_rotated	2474	32
atg000001l_rc_rotated	2475	32
atg000001l_rc_rotated	2476	32
atg000001l_rc_rotated	2477	32
atg000001l_rc_rotated	2478	32
atg000001l_rc_rotated	2479	32
atg000001l_rc_rotated	2480	32
atg000001l_rc_rotated	2481	32
atg000001l_rc_rotated	2482	32
atg000001l_rc_rotated	2483	32
atg000001l_rc_rotated	2484	32
atg000001l_rc_rotated	2485	32
atg000001l_rc_rotated	2486	32
atg000001l_rc_rotated	2487	32
atg000001l_rc_rotated	2488	32
atg000001l_rc_rotated	2489	32
atg000001l_rc_rotated	2490	32
atg000001l_rc_rotated	2491	32
atg000001l_rc_rotated	2492	32
atg000001l_rc_rotated	2493	32
atg000001l_rc_rotated	2494	32
atg000001l_rc_rotated	2495	32
atg000001l_rc_rotated	2496	32
atg000001l_rc_rotated	2497	32
atg000001l_rc_rotated	2498	32
atg000001l_rc_rotated	2499	32
atg000001l_rc_rotated	2500	32
atg000001l_rc_rotated	2501	32
atg000001l_rc_rotated	2502	32
atg000001l_rc_rotated	2503	32
atg000001l_rc_rotated	2504	32
atg000001l_rc_rotated	2505	32
atg000001l_rc_rotated	2506	32
atg000001l_rc_rotated	2507	32
atg000001l_rc_rotated	2508	32
atg000001l_rc_rotated	2509	32
atg000001l_rc_rotated	2510	32
atg000001l_rc_rotated	2511	32
atg000001l_rc_rotated	2512	32
atg000001l_rc_rotated	2513	32
atg000001l_rc_rotated	2514	32
atg000001l_rc_rotated	2515	32
atg000001l_rc_rotated	2516	32
atg000001l_rc_rotated	2517	32
atg000001l_rc_rotated	2518	32
atg000001l_rc_rotated	2519	32
atg000001l_rc_rotated	2520	32
atg000001l_rc_rotated	2521	32
atg000001l_rc_rotated	2522	32
atg000001l_rc_rotated	2523	32
atg000001l_rc_rotated	2524	32
atg000001l_rc_rotated	2525	32
atg000001l_rc_rotated	2526	32
atg000001l_rc_rotated	2527	32
atg000001l_rc_rotated	2528	32
atg000001l_rc_rotated	2529	32
atg000001l_rc_rotated	2530	32
atg000001l_rc_rotated	2531	32
atg000001l_rc_rotated	2532	32
atg000001l_rc_rotated	2533	32
atg000001l_rc_rotated	2534	32
atg000001l_rc_rotated	2535	32
atg000001l_rc_rotated	2536	32
atg000001l_rc_rotated	2537	32
atg000001l_rc_rotated	2538	32
atg000001l_rc_rotated	2539	32
atg000001l_rc_rotated	2540	32
atg000001l_rc_rotated	2541	32
atg000001l_rc_rotated	2542	32
atg000001l_rc_rotated	2543	32
atg000001l_rc_rotated	2544	32
atg000001l_rc_rotated	2545	32
atg000001l_rc_rotated	2546	32
atg000001l_rc_rotated	2547	32
atg000001l_rc_rotated	2548	32
atg000001l_rc_rotated	2549	32
atg000001l_rc_rotated	2550	32
atg000001l_rc_rotated	2551	32
atg000001l_rc_rotated	2552	32
atg000001l_rc_rotated	2553	32
atg000001l_rc_rotated	2554	32
atg000001l_rc_rotated	2555	32
atg000001l_rc_rotated	2556	32
atg000001l_rc_rotated	2557	32
atg000001l_rc_rotated	2558	32
atg000001l_rc_rotated	2559	32
atg000001l_rc_rotated	2560	32
atg000001l_rc_rotated	2561	32
atg000001l_rc_rotated	2562	32
atg000001l_rc_rotated	2563	32
atg000001l_rc_rotated	2564	32
atg000001l_rc_rotated	2565	32
atg000001l_rc_rotated	2566	32
atg000001l_rc_rotated	2567	32
atg000001l_rc_rotated	2568	32
atg000001l_rc_rotated	2569	32
atg000001l_rc_rotated	2570	32
atg000001l_rc_rotated	2571	32
atg000001l_rc_rotated	2572	32
atg000001l_rc_rotated	2573	32
atg000001l_rc_rotated	2574	32
atg000001l_rc_rotated	2575	32
atg000001l_rc_rotated	2576	32
atg000001l_rc_rotated	2577	32
atg000001l_rc_rotated	2578	32
atg000001l_rc_rotated	2579	32
atg000001l_rc_rotated	2580	32
atg000001l_rc_rotated	2581	32
atg000001l_rc_rotated	2582	32
atg000001l_rc_rotated	2583	32
atg000001l_rc_rotated	2584	32
atg000001l_rc_rotated	2585	32
atg000001l_rc_rotated	2586	32
atg000001l_rc_rotated	2587	32
atg000001l_rc_rotated	2588	32
atg000001l_rc_rotated	2589	32
atg000001l_rc_rotated	2590	32
atg000001l_rc_rotated	2591	32
atg000001l_rc_rotated	2592	32
atg000001l_rc_rotated	2593	32
atg000001l_rc_rotated	2594	32
atg000001l_rc_rotated	2595	32
atg000001l_rc_rotated	2596	32
atg000001l_rc_rotated	2597	32
atg000001l_rc_rotated	2598	32
atg000001l_rc_rotated	2599	32
atg000001l_rc_rotated	2600	32
atg000001l_rc_rotated	2601	32
atg000001l_rc_rotated	2602	32
atg000001l_rc_rotated	2603	32
atg000001l_rc_rotated	2604	32
atg000001l_rc_rotated	2605	32
atg000001l_rc_rotated	2606	32
atg000001l_rc_rotated	2607	32
atg000001l_rc_rotated	2608	32
atg000001l_rc_rotated	2609	32
atg000001l_rc_rotated	2610	32
atg000001l_rc_rotated	2611	32
atg000001l_rc_rotated	2612	32
atg000001l_rc_rotated	2613	32
atg000001l_rc_rotated	2614	32
atg000001l_rc_rotated	2615	32
atg000001l_rc_rotated	2616	32
atg000001l_rc_rotated	2617	32
atg000001l_rc_rotated	2618	32
atg000001l_rc_rotated	2619	32
atg000001l_rc_rotated	2620	32
atg000001l_rc_rotated	2621	32
atg000001l_rc_rotated	2622	32
atg000001l_rc_rotated	2623	32
atg000001l_rc_rotated	2624	32
atg000001l_rc_rotated	2625	32
atg000001l_rc_rotated	2626	32
atg000001l_rc_rotated	2627	32
atg000001l_rc_rotated	2628	32
atg000001l_rc_rotated	2629	32
atg000001l_rc_rotated	2630	32
atg000001l_rc_rotated	2631	32
atg000001l_rc_rotated	2632	32
atg000001l_rc_rotated	2633	32
atg000001l_rc_rotated	2634	32
atg000001l_rc_rotated	2635	32
atg000001l_rc_rotated	2636	32
atg000001l_rc_rotated	2637	32
atg000001l_rc_rotated	2638	32
atg000001l_rc_rotated	2639	32
atg000001l_rc_rotated	2640	32
atg000001l_rc_rotated	2641	32
atg000001l_rc_rotated	2642	32
atg000001l_rc_rotated	2643	32
atg000001l_rc_rotated	2644	32
atg000001l_rc_rotated	2645	32
atg000001l_rc_rotated	2646	32
atg000001l_rc_rotated	2647	32
atg000001l_rc_rotated	2648	32
atg000001l_rc_rotated	2649	32
atg000001l_rc_rotated	2650	32
atg000001l_rc_rotated	2651	32
atg000001l_rc_rotated	2652	32
atg000001l_rc_rotated	2653	32
atg000001l_rc_rotated	2654	32
atg000001l_rc_rotated	2655	32
atg000001l_rc_rotated	2656	32
atg000001l_rc_rotated	2657	32
atg000001l_rc_rotated	2658	32
atg000001l_rc_rotated	2659	32
atg000001l_rc_rotated	2660	32
atg000001l_rc_rotated	2661	32
atg000001l_rc_rotated	2662	32
atg000001l_rc_rotated	2663	32
atg000001l_rc_rotated	2664	32
atg000001l_rc_rotated	2665	32
atg000001l_rc_rotated	2666	32
atg000001l_rc_rotated	2667	32
atg000001l_rc_rotated	2668	32
atg000001l_rc_rotated	2669	32
atg000001l_rc_rotated	2670	32
atg000001l_rc_rotated	2671	32
atg000001l_rc_rotated	2672	32
atg000001l_rc_rotated	2673	32
atg000001l_rc_rotated	2674	32
atg000001l_rc_rotated	2675	32
atg000001l_rc_rotated	2676	32
atg000001l_rc_rotated	2677	32
atg000001l_rc_rotated	2678	32
atg000001l_rc_rotated	2679	32
atg000001l_rc_rotated	2680	32
atg000001l_rc_rotated	2681	32
atg000001l_rc_rotated	2682	32
atg000001l_rc_rotated	2683	32
atg000001l_rc_rotated	2684	32
atg000001l_rc_rotated	2685	32
atg000001l_rc_rotated	2686	32
atg000001l_rc_rotated	2687	32
atg000001l_rc_rotated	2688	32
atg000001l_rc_rotated	2689	32
atg000001l_rc_rotated	2690	32
atg000001l_rc_rotated	2691	32
atg000001l_rc_rotated	2692	32
atg000001l_rc_rotated	2693	32
atg000001l_rc_rotated	2694	32
atg000001l_rc_rotated	2695	32
atg000001l_rc_rotated	2696	32
atg000001l_rc_rotated	2697	32
atg000001l_rc_rotated	2698	32
atg000001l_rc_rotated	2699	32
atg000001l_rc_rotated	2700	32
atg000001l_rc_rotated	2701	32
atg000001l_rc_rotated	2702	32
atg000001l_rc_rotated	2703	32
atg000001l_rc_rotated	2704	32
atg000001l_rc_rotated	2705	32
atg000001l_rc_rotated	2706	32
atg000001l_rc_rotated	2707	32
atg000001l_rc_rotated	2708	32
atg000001l_rc_rotated	2709	32
atg000001l_rc_rotated	2710	32
atg000001l_rc_rotated	2711	32
atg000001l_rc_rotated	2712	32
atg000001l_rc_rotated	2713	32
atg000001l_rc_rotated	2714	32
atg000001l_rc_rotated	2715	32
atg000001l_rc_rotated	2716	32
atg000001l_rc_rotated	2717	32
atg000001l_rc_rotated	2718	32
atg000001l_rc_rotated	2719	32
atg000001l_rc_rotated	2720	32
atg000001l_rc_rotated	2721	32
atg000001l_rc_rotated	2722	32
atg000001l_rc_rotated	2723	32
atg000001l_rc_rotated	2724	32
atg000001l_rc_rotated	2725	32
atg000001l_rc_rotated	2726	32
atg000001l_rc_rotated	2727	32
atg000001l_rc_rotated	2728	32
atg000001l_rc_rotated	2729	32
atg000001l_rc_rotated	2730	32
atg000001l_rc_rotated	2731	32
atg000001l_rc_rotated	2732	32
atg000001l_rc_rotated	2733	32
atg000001l_rc_rotated	2734	32
atg000001l_rc_rotated	2735	32
atg000001l_rc_rotated	2736	32
atg000001l_rc_rotated	2737	32
atg000001l_rc_rotated	2738	32
atg000001l_rc_rotated	2739	32
atg000001l_rc_rotated	2740	32
atg000001l_rc_rotated	2741	32
atg000001l_rc_rotated	2742	32
atg000001l_rc_rotated	2743	32
atg000001l_rc_rotated	2744	32
atg000001l_rc_rotated	2745	32
atg000001l_rc_rotated	2746	32
atg000001l_rc_rotated	2747	32
atg000001l_rc_rotated	2748	32
atg000001l_rc_rotated	2749	32
atg000001l_rc_rotated	2750	32
atg000001l_rc_rotated	2751	32
atg000001l_rc_rotated	2752	32
atg000001l_rc_rotated	2753	32
atg000001l_rc_rotated	2754	32
atg000001l_rc_rotated	2755	32
atg000001l_rc_rotated	2756	32
atg000001l_rc_rotated	2757	32
atg000001l_rc_rotated	2758	32
atg000001l_rc_rotated	2759	32
atg000001l_rc_rotated	2760	32
atg000001l_rc_rotated	2761	32
atg000001l_rc_rotated	2762	32
atg000001l_rc_rotated	2763	32
atg000001l_rc_rotated	2764	32
atg000001l_rc_rotated	2765	32
atg000001l_rc_rotated	2766	32
atg000001l_rc_rotated	2767	32
atg000001l_rc_rotated	2768	32
atg000001l_rc_rotated	2769	32
atg000001l_rc_rotated	2770	32
atg000001l_rc_rotated	2771	32
atg000001l_rc_rotated	2772	32
atg000001l_rc_rotated	2773	32
atg000001l_rc_rotated	2774	32
atg000001l_rc_rotated	2775	32
atg000001l_rc_rotated	2776	32
atg000001l_rc_rotated	2777	32
atg000001l_rc_rotated	2778	32
atg000001l_rc_rotated	2779	32
atg000001l_rc_rotated	2780	32
atg000001l_rc_rotated	2781	32
atg000001l_rc_rotated	2782	32
atg000001l_rc_rotated	2783	32
atg000001l_rc_rotated	2784	32
atg000001l_rc_rotated	2785	32
atg000001l_rc_rotated	2786	32
atg000001l_rc_rotated	2787	32
atg000001l_rc_rotated	2788	32
atg000001l_rc_rotated	2789	32
atg000001l_rc_rotated	2790	32
atg000001l_rc_rotated	2791	32
atg000001l_rc_rotated	2792	32
atg000001l_rc_rotated	2793	32
atg000001l_rc_rotated	2794	32
atg000001l_rc_rotated	2795	32
atg000001l_rc_rotated	2796	32
atg000001l_rc_rotated	2797	32
atg000001l_rc_rotated	2798	32
atg000001l_rc_rotated	2799	32
atg000001l_rc_rotated	2800	32
atg000001l_rc_rotated	2801	32
atg000001l_rc_rotated	2802	32
atg000001l_rc_rotated	2803	32
atg000001l_rc_rotated	2804	32
atg000001l_rc_rotated	2805	32
atg000001l_rc_rotated	2806	32
atg000001l_rc_rotated	2807	32
atg000001l_rc_rotated	2808	32
atg000001l_rc_rotated	2809	32
atg000001l_rc_rotated	2810	32
atg000001l_rc_rotated	2811	32
atg000001l_rc_rotated	2812	32
atg000001l_rc_rotated	2813	32
atg000001l_rc_rotated	2814	32
atg000001l_rc_rotated	2815	32
atg000001l_rc_rotated	2816	32
atg000001l_rc_rotated	2817	32
atg000001l_rc_rotated	2818	32
atg000001l_rc_rotated	2819	32
atg000001l_rc_rotated	2820	32
atg000001l_rc_rotated	2821	32
atg000001l_rc_rotated	2822	32
atg000001l_rc_rotated	2823	32
atg000001l_rc_rotated	2824	32
atg000001l_rc_rotated	2825	32
atg000001l_rc_rotated	2826	32
atg000001l_rc_rotated	2827	32
atg000001l_rc_rotated	2828	32
atg000001l_rc_rotated	2829	32
atg000001l_rc_rotated	2830	32
atg000001l_rc_rotated	2831	32
atg000001l_rc_rotated	2832	32
atg000001l_rc_rotated	2833	32
atg000001l_rc_rotated	2834	32
atg000001l_rc_rotated	2835	32
atg000001l_rc_rotated	2836	32
atg000001l_rc_rotated	2837	32
atg000001l_rc_rotated	2838	32
atg000001l_rc_rotated	2839	32
atg000001l_rc_rotated	2840	32
atg000001l_rc_rotated	2841	32
atg000001l_rc_rotated	2842	32
atg000001l_rc_rotated	2843	32
atg000001l_rc_rotated	2844	32
atg000001l_rc_rotated	2845	32
atg000001l_rc_rotated	2846	32
atg000001l_rc_rotated	2847	32
atg000001l_rc_rotated	2848	32
atg000001l_rc_rotated	2849	32
atg000001l_rc_rotated	2850	32
atg000001l_rc_rotated	2851	32
atg000001l_rc_rotated	2852	32
atg000001l_rc_rotated	2853	32
atg000001l_rc_rotated	2854	32
atg000001l_rc_rotated	2855	32
atg000001l_rc_rotated	2856	32
atg000001l_rc_rotated	2857	32
atg000001l_rc_rotated	2858	32
atg000001l_rc_rotated	2859	32
atg000001l_rc_rotated	2860	32
atg000001l_rc_rotated	2861	32
atg000001l_rc_rotated	2862	32
atg000001l_rc_rotated	2863	32
atg000001l_rc_rotated	2864	32
atg000001l_rc_rotated	2865	32
atg000001l_rc_rotated	2866	32
atg000001l_rc_rotated	2867	32
atg000001l_rc_rotated	2868	32
atg000001l_rc_rotated	2869	32
atg000001l_rc_rotated	2870	32
atg000001l_rc_rotated	2871	32
atg000001l_rc_rotated	2872	32
atg000001l_rc_rotated	2873	34
atg000001l_rc_rotated	2874	34
atg000001l_rc_rotated	2875	34
atg000001l_rc_rotated	2876	34
atg000001l_rc_rotated	2877	34
atg000001l_rc_rotated	2878	34
atg000001l_rc_rotated	2879	34
atg000001l_rc_rotated	2880	34
atg000001l_rc_rotated	2881	34
atg000001l_rc_rotated	2882	34
atg000001l_rc_rotated	2883	34
atg000001l_rc_rotated	2884	34
atg000001l_rc_rotated	2885	34
atg000001l_rc_rotated	2886	34
atg000001l_rc_rotated	2887	34
atg000001l_rc_rotated	2888	34
atg000001l_rc_rotated	2889	34
atg000001l_rc_rotated	2890	34
atg000001l_rc_rotated	2891	34
atg000001l_rc_rotated	2892	34
atg000001l_rc_rotated	2893	34
atg000001l_rc_rotated	2894	34
atg000001l_rc_rotated	2895	34
atg000001l_rc_rotated	2896	34
atg000001l_rc_rotated	2897	34
atg000001l_rc_rotated	2898	34
atg000001l_rc_rotated	2899	34
atg000001l_rc_rotated	2900	34
atg000001l_rc_rotated	2901	34
atg000001l_rc_rotated	2902	34
atg000001l_rc_rotated	2903	34
atg000001l_rc_rotated	2904	34
atg000001l_rc_rotated	2905	34
atg000001l_rc_rotated	2906	34
atg000001l_rc_rotated	2907	34
atg000001l_rc_rotated	2908	34
atg000001l_rc_rotated	2909	34
atg000001l_rc_rotated	2910	34
atg000001l_rc_rotated	2911	34
atg000001l_rc_rotated	2912	34
atg000001l_rc_rotated	2913	34
atg000001l_rc_rotated	2914	34
atg000001l_rc_rotated	2915	34
atg000001l_rc_rotated	2916	34
atg000001l_rc_rotated	2917	34
atg000001l_rc_rotated	2918	34
atg000001l_rc_rotated	2919	34
atg000001l_rc_rotated	2920	34
atg000001l_rc_rotated	2921	34
atg000001l_rc_rotated	2922	34
atg000001l_rc_rotated	2923	34
atg000001l_rc_rotated	2924	34
atg000001l_rc_rotated	2925	34
atg000001l_rc_rotated	2926	34
atg000001l_rc_rotated	2927	34
atg000001l_rc_rotated	2928	34
atg000001l_rc_rotated	2929	34
atg000001l_rc_rotated	2930	34
atg000001l_rc_rotated	2931	34
atg000001l_rc_rotated	2932	34
atg000001l_rc_rotated	2933	34
atg000001l_rc_rotated	2934	34
atg000001l_rc_rotated	2935	34
atg000001l_rc_rotated	2936	34
atg000001l_rc_rotated	2937	34
atg000001l_rc_rotated	2938	34
atg000001l_rc_rotated	2939	34
atg000001l_rc_rotated	2940	34
atg000001l_rc_rotated	2941	34
atg000001l_rc_rotated	2942	34
atg000001l_rc_rotated	2943	34
atg000001l_rc_rotated	2944	34
atg000001l_rc_rotated	2945	34
atg000001l_rc_rotated	2946	34
atg000001l_rc_rotated	2947	34
atg000001l_rc_rotated	2948	34
atg000001l_rc_rotated	2949	34
atg000001l_rc_rotated	2950	34
atg000001l_rc_rotated	2951	34
atg000001l_rc_rotated	2952	34
atg000001l_rc_rotated	2953	34
atg000001l_rc_rotated	2954	34
atg000001l_rc_rotated	2955	34
atg000001l_rc_rotated	2956	34
atg000001l_rc_rotated	2957	34
atg000001l_rc_rotated	2958	34
atg000001l_rc_rotated	2959	34
atg000001l_rc_rotated	2960	34
atg000001l_rc_rotated	2961	34
atg000001l_rc_rotated	2962	34
atg000001l_rc_rotated	2963	34
atg000001l_rc_rotated	2964	34
atg000001l_rc_rotated	2965	34
atg000001l_rc_rotated	2966	34
atg000001l_rc_rotated	2967	34
atg000001l_rc_rotated	2968	34
atg000001l_rc_rotated	2969	34
atg000001l_rc_rotated	2970	34
atg000001l_rc_rotated	2971	34
atg000001l_rc_rotated	2972	34
atg000001l_rc_rotated	2973	34
atg000001l_rc_rotated	2974	34
atg000001l_rc_rotated	2975	34
atg000001l_rc_rotated	2976	34
atg000001l_rc_rotated	2977	34
atg000001l_rc_rotated	2978	34
atg000001l_rc_rotated	2979	34
atg000001l_rc_rotated	2980	34
atg000001l_rc_rotated	2981	34
atg000001l_rc_rotated	2982	34
atg000001l_rc_rotated	2983	34
atg000001l_rc_rotated	2984	34
atg000001l_rc_rotated	2985	34
atg000001l_rc_rotated	2986	34
atg000001l_rc_rotated	2987	34
atg000001l_rc_rotated	2988	34
atg000001l_rc_rotated	2989	34
atg000001l_rc_rotated	2990	34
atg000001l_rc_rotated	2991	34
atg000001l_rc_rotated	2992	34
atg000001l_rc_rotated	2993	34
atg000001l_rc_rotated	2994	34
atg000001l_rc_rotated	2995	34
atg000001l_rc_rotated	2996	34
atg000001l_rc_rotated	2997	34
atg000001l_rc_rotated	2998	34
atg000001l_rc_rotated	2999	34
atg000001l_rc_rotated	3000	34
atg000001l_rc_rotated	3001	34
atg000001l_rc_rotated	3002	34
atg000001l_rc_rotated	3003	34
atg000001l_rc_rotated	3004	34
atg000001l_rc_rotated	3005	34
atg000001l_rc_rotated	3006	34
atg000001l_rc_rotated	3007	34
atg000001l_rc_rotated	3008	34
atg000001l_rc_rotated	3009	34
atg000001l_rc_rotated	3010	34
atg000001l_rc_rotated	3011	34
atg000001l_rc_rotated	3012	34
atg000001l_rc_rotated	3013	34
atg000001l_rc_rotated	3014	34
atg000001l_rc_rotated	3015	34
atg000001l_rc_rotated	3016	34
atg000001l_rc_rotated	3017	34
atg000001l_rc_rotated	3018	34
atg000001l_rc_rotated	3019	34
atg000001l_rc_rotated	3020	34
atg000001l_rc_rotated	3021	34
atg000001l_rc_rotated	3022	34
atg000001l_rc_rotated	3023	34
atg000001l_rc_rotated	3024	34
atg000001l_rc_rotated	3025	34
atg000001l_rc_rotated	3026	34
atg000001l_rc_rotated	3027	34
atg000001l_rc_rotated	3028	34
atg000001l_rc_rotated	3029	34
atg000001l_rc_rotated	3030	34
atg000001l_rc_rotated	3031	34
atg000001l_rc_rotated	3032	34
atg000001l_rc_rotated	3033	34
atg000001l_rc_rotated	3034	34
atg000001l_rc_rotated	3035	34
atg000001l_rc_rotated	3036	34
atg000001l_rc_rotated	3037	34
atg000001l_rc_rotated	3038	34
atg000001l_rc_rotated	3039	34
atg000001l_rc_rotated	3040	34
atg000001l_rc_rotated	3041	34
atg000001l_rc_rotated	3042	34
atg000001l_rc_rotated	3043	34
atg000001l_rc_rotated	3044	34
atg000001l_rc_rotated	3045	34
atg000001l_rc_rotated	3046	34
atg000001l_rc_rotated	3047	34
atg000001l_rc_rotated	3048	34
atg000001l_rc_rotated	3049	34
atg000001l_rc_rotated	3050	34
atg000001l_rc_rotated	3051	34
atg000001l_rc_rotated	3052	34
atg000001l_rc_rotated	3053	34
atg000001l_rc_rotated	3054	34
atg000001l_rc_rotated	3055	34
atg000001l_rc_rotated	3056	34
atg000001l_rc_rotated	3057	34
atg000001l_rc_rotated	3058	34
atg000001l_rc_rotated	3059	34
atg000001l_rc_rotated	3060	34
atg000001l_rc_rotated	3061	34
atg000001l_rc_rotated	3062	34
atg000001l_rc_rotated	3063	34
atg000001l_rc_rotated	3064	34
atg000001l_rc_rotated	3065	34
atg000001l_rc_rotated	3066	34
atg000001l_rc_rotated	3067	34
atg000001l_rc_rotated	3068	34
atg000001l_rc_rotated	3069	34
atg000001l_rc_rotated	3070	34
atg000001l_rc_rotated	3071	34
atg000001l_rc_rotated	3072	34
atg000001l_rc_rotated	3073	34
atg000001l_rc_rotated	3074	34
atg000001l_rc_rotated	3075	34
atg000001l_rc_rotated	3076	34
atg000001l_rc_rotated	3077	34
atg000001l_rc_rotated	3078	34
atg000001l_rc_rotated	3079	34
atg000001l_rc_rotated	3080	34
atg000001l_rc_rotated	3081	34
atg000001l_rc_rotated	3082	34
atg000001l_rc_rotated	3083	34
atg000001l_rc_rotated	3084	34
atg000001l_rc_rotated	3085	34
atg000001l_rc_rotated	3086	34
atg000001l_rc_rotated	3087	34
atg000001l_rc_rotated	3088	34
atg000001l_rc_rotated	3089	34
atg000001l_rc_rotated	3090	34
atg000001l_rc_rotated	3091	34
atg000001l_rc_rotated	3092	34
atg000001l_rc_rotated	3093	34
atg000001l_rc_rotated	3094	34
atg000001l_rc_rotated	3095	34
atg000001l_rc_rotated	3096	34
atg000001l_rc_rotated	3097	34
atg000001l_rc_rotated	3098	34
atg000001l_rc_rotated	3099	34
atg000001l_rc_rotated	3100	34
atg000001l_rc_rotated	3101	34
atg000001l_rc_rotated	3102	34
atg000001l_rc_rotated	3103	34
atg000001l_rc_rotated	3104	34
atg000001l_rc_rotated	3105	34
atg000001l_rc_rotated	3106	34
atg000001l_rc_rotated	3107	34
atg000001l_rc_rotated	3108	34
atg000001l_rc_rotated	3109	34
atg000001l_rc_rotated	3110	34
atg000001l_rc_rotated	3111	34
atg000001l_rc_rotated	3112	34
atg000001l_rc_rotated	3113	34
atg000001l_rc_rotated	3114	34
atg000001l_rc_rotated	3115	34
atg000001l_rc_rotated	3116	34
atg000001l_rc_rotated	3117	34
atg000001l_rc_rotated	3118	34
atg000001l_rc_rotated	3119	34
atg000001l_rc_rotated	3120	34
atg000001l_rc_rotated	3121	34
atg000001l_rc_rotated	3122	34
atg000001l_rc_rotated	3123	34
atg000001l_rc_rotated	3124	34
atg000001l_rc_rotated	3125	34
atg000001l_rc_rotated	3126	34
atg000001l_rc_rotated	3127	34
atg000001l_rc_rotated	3128	34
atg000001l_rc_rotated	3129	34
atg000001l_rc_rotated	3130	34
atg000001l_rc_rotated	3131	34
atg000001l_rc_rotated	3132	34
atg000001l_rc_rotated	3133	34
atg000001l_rc_rotated	3134	34
atg000001l_rc_rotated	3135	34
atg000001l_rc_rotated	3136	34
atg000001l_rc_rotated	3137	34
atg000001l_rc_rotated	3138	34
atg000001l_rc_rotated	3139	34
atg000001l_rc_rotated	3140	34
atg000001l_rc_rotated	3141	34
atg000001l_rc_rotated	3142	34
atg000001l_rc_rotated	3143	34
atg000001l_rc_rotated	3144	34
atg000001l_rc_rotated	3145	34
atg000001l_rc_rotated	3146	34
atg000001l_rc_rotated	3147	34
atg000001l_rc_rotated	3148	34
atg000001l_rc_rotated	3149	34
atg000001l_rc_rotated	3150	34
atg000001l_rc_rotated	3151	34
atg000001l_rc_rotated	3152	34
atg000001l_rc_rotated	3153	34
atg000001l_rc_rotated	3154	34
atg000001l_rc_rotated	3155	34
atg000001l_rc_rotated	3156	34
atg000001l_rc_rotated	3157	34
atg000001l_rc_rotated	3158	34
atg000001l_rc_rotated	3159	34
atg000001l_rc_rotated	3160	34
atg000001l_rc_rotated	3161	34
atg000001l_rc_rotated	3162	34
atg000001l_rc_rotated	3163	34
atg000001l_rc_rotated	3164	34
atg000001l_rc_rotated	3165	34
atg000001l_rc_rotated	3166	34
atg000001l_rc_rotated	3167	34
atg000001l_rc_rotated	3168	34
atg000001l_rc_rotated	3169	34
atg000001l_rc_rotated	3170	34
atg000001l_rc_rotated	3171	34
atg000001l_rc_rotated	3172	34
atg000001l_rc_rotated	3173	34
atg000001l_rc_rotated	3174	34
atg000001l_rc_rotated	3175	34
atg000001l_rc_rotated	3176	34
atg000001l_rc_rotated	3177	34
atg000001l_rc_rotated	3178	34
atg000001l_rc_rotated	3179	34
atg000001l_rc_rotated	3180	34
atg000001l_rc_rotated	3181	34
atg000001l_rc_rotated	3182	34
atg000001l_rc_rotated	3183	34
atg000001l_rc_rotated	3184	34
atg000001l_rc_rotated	3185	34
atg000001l_rc_rotated	3186	34
atg000001l_rc_rotated	3187	34
atg000001l_rc_rotated	3188	34
atg000001l_rc_rotated	3189	34
atg000001l_rc_rotated	3190	34
atg000001l_rc_rotated	3191	34
atg000001l_rc_rotated	3192	34
atg000001l_rc_rotated	3193	34
atg000001l_rc_rotated	3194	34
atg000001l_rc_rotated	3195	34
atg000001l_rc_rotated	3196	34
atg000001l_rc_rotated	3197	34
atg000001l_rc_rotated	3198	34
atg000001l_rc_rotated	3199	34
atg000001l_rc_rotated	3200	34
atg000001l_rc_rotated	3201	34
atg000001l_rc_rotated	3202	34
atg000001l_rc_rotated	3203	34
atg000001l_rc_rotated	3204	34
atg000001l_rc_rotated	3205	34
atg000001l_rc_rotated	3206	34
atg000001l_rc_rotated	3207	34
atg000001l_rc_rotated	3208	34
atg000001l_rc_rotated	3209	34
atg000001l_rc_rotated	3210	34
atg000001l_rc_rotated	3211	34
atg000001l_rc_rotated	3212	34
atg000001l_rc_rotated	3213	34
atg000001l_rc_rotated	3214	34
atg000001l_rc_rotated	3215	34
atg000001l_rc_rotated	3216	34
atg000001l_rc_rotated	3217	34
atg000001l_rc_rotated	3218	34
atg000001l_rc_rotated	3219	34
atg000001l_rc_rotated	3220	34
atg000001l_rc_rotated	3221	34
atg000001l_rc_rotated	3222	34
atg000001l_rc_rotated	3223	34
atg000001l_rc_rotated	3224	34
atg000001l_rc_rotated	3225	34
atg000001l_rc_rotated	3226	34
atg000001l_rc_rotated	3227	34
atg000001l_rc_rotated	3228	34
atg000001l_rc_rotated	3229	34
atg000001l_rc_rotated	3230	34
atg000001l_rc_rotated	3231	34
atg000001l_rc_rotated	3232	34
atg000001l_rc_rotated	3233	34
atg000001l_rc_rotated	3234	34
atg000001l_rc_rotated	3235	34
atg000001l_rc_rotated	3236	34
atg000001l_rc_rotated	3237	34
atg000001l_rc_rotated	3238	34
atg000001l_rc_rotated	3239	34
atg000001l_rc_rotated	3240	34
atg000001l_rc_rotated	3241	34
atg000001l_rc_rotated	3242	34
atg000001l_rc_rotated	3243	34
atg000001l_rc_rotated	3244	34
atg000001l_rc_rotated	3245	34
atg000001l_rc_rotated	3246	34
atg000001l_rc_rotated	3247	34
atg000001l_rc_rotated	3248	34
atg000001l_rc_rotated	3249	34
atg000001l_rc_rotated	3250	34
atg000001l_rc_rotated	3251	34
atg000001l_rc_rotated	3252	34
atg000001l_rc_rotated	3253	34
atg000001l_rc_rotated	3254	34
atg000001l_rc_rotated	3255	34
atg000001l_rc_rotated	3256	34
atg000001l_rc_rotated	3257	34
atg000001l_rc_rotated	3258	34
atg000001l_rc_rotated	3259	34
atg000001l_rc_rotated	3260	34
atg000001l_rc_rotated	3261	34
atg000001l_rc_rotated	3262	34
atg000001l_rc_rotated	3263	34
atg000001l_rc_rotated	3264	34
atg000001l_rc_rotated	3265	34
atg000001l_rc_rotated	3266	34
atg000001l_rc_rotated	3267	34
atg000001l_rc_rotated	3268	34
atg000001l_rc_rotated	3269	34
atg000001l_rc_rotated	3270	34
atg000001l_rc_rotated	3271	34
atg000001l_rc_rotated	3272	34
atg000001l_rc_rotated	3273	34
atg000001l_rc_rotated	3274	34
atg000001l_rc_rotated	3275	34
atg000001l_rc_rotated	3276	34
atg000001l_rc_rotated	3277	34
atg000001l_rc_rotated	3278	34
atg000001l_rc_rotated	3279	34
atg000001l_rc_rotated	3280	34
atg000001l_rc_rotated	3281	34
atg000001l_rc_rotated	3282	34
atg000001l_rc_rotated	3283	34
atg000001l_rc_rotated	3284	34
atg000001l_rc_rotated	3285	34
atg000001l_rc_rotated	3286	34
atg000001l_rc_rotated	3287	34
atg000001l_rc_rotated	3288	34
atg000001l_rc_rotated	3289	34
atg000001l_rc_rotated	3290	34
atg000001l_rc_rotated	3291	34
atg000001l_rc_rotated	3292	34
atg000001l_rc_rotated	3293	34
atg000001l_rc_rotated	3294	34
atg000001l_rc_rotated	3295	34
atg000001l_rc_rotated	3296	34
atg000001l_rc_rotated	3297	34
atg000001l_rc_rotated	3298	34
atg000001l_rc_rotated	3299	34
atg000001l_rc_rotated	3300	34
atg000001l_rc_rotated	3301	34
atg000001l_rc_rotated	3302	34
atg000001l_rc_rotated	3303	34
atg000001l_rc_rotated	3304	34
atg000001l_rc_rotated	3305	34
atg000001l_rc_rotated	3306	34
atg000001l_rc_rotated	3307	34
atg000001l_rc_rotated	3308	34
atg000001l_rc_rotated	3309	34
atg000001l_rc_rotated	3310	34
atg000001l_rc_rotated	3311	34
atg000001l_rc_rotated	3312	34
atg000001l_rc_rotated	3313	34
atg000001l_rc_rotated	3314	34
atg000001l_rc_rotated	3315	34
atg000001l_rc_rotated	3316	34
atg000001l_rc_rotated	3317	34
atg000001l_rc_rotated	3318	34
atg000001l_rc_rotated	3319	34
atg000001l_rc_rotated	3320	34
atg000001l_rc_rotated	3321	34
atg000001l_rc_rotated	3322	34
atg000001l_rc_rotated	3323	34
atg000001l_rc_rotated	3324	34
atg000001l_rc_rotated	3325	34
atg000001l_rc_rotated	3326	34
atg000001l_rc_rotated	3327	34
atg000001l_rc_rotated	3328	34
atg000001l_rc_rotated	3329	34
atg000001l_rc_rotated	3330	34
atg000001l_rc_rotated	3331	34
atg000001l_rc_rotated	3332	34
atg000001l_rc_rotated	3333	34
atg000001l_rc_rotated	3334	34
atg000001l_rc_rotated	3335	34
atg000001l_rc_rotated	3336	34
atg000001l_rc_rotated	3337	34
atg000001l_rc_rotated	3338	34
atg000001l_rc_rotated	3339	34
atg000001l_rc_rotated	3340	34
atg000001l_rc_rotated	3341	34
atg000001l_rc_rotated	3342	34
atg000001l_rc_rotated	3343	34
atg000001l_rc_rotated	3344	34
atg000001l_rc_rotated	3345	34
atg000001l_rc_rotated	3346	34
atg000001l_rc_rotated	3347	34
atg000001l_rc_rotated	3348	34
atg000001l_rc_rotated	3349	34
atg000001l_rc_rotated	3350	34
atg000001l_rc_rotated	3351	34
atg000001l_rc_rotated	3352	34
atg000001l_rc_rotated	3353	34
atg000001l_rc_rotated	3354	35
atg000001l_rc_rotated	3355	35
atg000001l_rc_rotated	3356	35
atg000001l_rc_rotated	3357	35
atg000001l_rc_rotated	3358	35
atg000001l_rc_rotated	3359	35
atg000001l_rc_rotated	3360	35
atg000001l_rc_rotated	3361	35
atg000001l_rc_rotated	3362	35
atg000001l_rc_rotated	3363	35
atg000001l_rc_rotated	3364	35
atg000001l_rc_rotated	3365	35
atg000001l_rc_rotated	3366	35
atg000001l_rc_rotated	3367	35
atg000001l_rc_rotated	3368	35
atg000001l_rc_rotated	3369	35
atg000001l_rc_rotated	3370	35
atg000001l_rc_rotated	3371	35
atg000001l_rc_rotated	3372	35
atg000001l_rc_rotated	3373	35
atg000001l_rc_rotated	3374	35
atg000001l_rc_rotated	3375	35
atg000001l_rc_rotated	3376	35
atg000001l_rc_rotated	3377	35
atg000001l_rc_rotated	3378	35
atg000001l_rc_rotated	3379	35
atg000001l_rc_rotated	3380	35
atg000001l_rc_rotated	3381	35
atg000001l_rc_rotated	3382	35
atg000001l_rc_rotated	3383	35
atg000001l_rc_rotated	3384	35
atg000001l_rc_rotated	3385	35
atg000001l_rc_rotated	3386	35
atg000001l_rc_rotated	3387	35
atg000001l_rc_rotated	3388	35
atg000001l_rc_rotated	3389	35
atg000001l_rc_rotated	3390	35
atg000001l_rc_rotated	3391	35
atg000001l_rc_rotated	3392	35
atg000001l_rc_rotated	3393	35
atg000001l_rc_rotated	3394	35
atg000001l_rc_rotated	3395	35
atg000001l_rc_rotated	3396	35
atg000001l_rc_rotated	3397	35
atg000001l_rc_rotated	3398	35
atg000001l_rc_rotated	3399	35
atg000001l_rc_rotated	3400	35
atg000001l_rc_rotated	3401	35
atg000001l_rc_rotated	3402	35
atg000001l_rc_rotated	3403	35
atg000001l_rc_rotated	3404	35
atg000001l_rc_rotated	3405	35
atg000001l_rc_rotated	3406	35
atg000001l_rc_rotated	3407	35
atg000001l_rc_rotated	3408	35
atg000001l_rc_rotated	3409	35
atg000001l_rc_rotated	3410	35
atg000001l_rc_rotated	3411	35
atg000001l_rc_rotated	3412	35
atg000001l_rc_rotated	3413	35
atg000001l_rc_rotated	3414	35
atg000001l_rc_rotated	3415	35
atg000001l_rc_rotated	3416	35
atg000001l_rc_rotated	3417	35
atg000001l_rc_rotated	3418	35
atg000001l_rc_rotated	3419	36
atg000001l_rc_rotated	3420	36
atg000001l_rc_rotated	3421	36
atg000001l_rc_rotated	3422	36
atg000001l_rc_rotated	3423	36
atg000001l_rc_rotated	3424	36
atg000001l_rc_rotated	3425	36
atg000001l_rc_rotated	3426	36
atg000001l_rc_rotated	3427	36
atg000001l_rc_rotated	3428	36
atg000001l_rc_rotated	3429	36
atg000001l_rc_rotated	3430	36
atg000001l_rc_rotated	3431	36
atg000001l_rc_rotated	3432	36
atg000001l_rc_rotated	3433	36
atg000001l_rc_rotated	3434	36
atg000001l_rc_rotated	3435	36
atg000001l_rc_rotated	3436	36
atg000001l_rc_rotated	3437	36
atg000001l_rc_rotated	3438	36
atg000001l_rc_rotated	3439	36
atg000001l_rc_rotated	3440	36
atg000001l_rc_rotated	3441	36
atg000001l_rc_rotated	3442	36
atg000001l_rc_rotated	3443	36
atg000001l_rc_rotated	3444	36
atg000001l_rc_rotated	3445	36
atg000001l_rc_rotated	3446	36
atg000001l_rc_rotated	3447	36
atg000001l_rc_rotated	3448	36
atg000001l_rc_rotated	3449	36
atg000001l_rc_rotated	3450	36
atg000001l_rc_rotated	3451	36
atg000001l_rc_rotated	3452	36
atg000001l_rc_rotated	3453	36
atg000001l_rc_rotated	3454	36
atg000001l_rc_rotated	3455	36
atg000001l_rc_rotated	3456	36
atg000001l_rc_rotated	3457	36
atg000001l_rc_rotated	3458	36
atg000001l_rc_rotated	3459	36
atg000001l_rc_rotated	3460	36
atg000001l_rc_rotated	3461	36
atg000001l_rc_rotated	3462	36
atg000001l_rc_rotated	3463	36
atg000001l_rc_rotated	3464	36
atg000001l_rc_rotated	3465	36
atg000001l_rc_rotated	3466	36
atg000001l_rc_rotated	3467	36
atg000001l_rc_rotated	3468	36
atg000001l_rc_rotated	3469	36
atg000001l_rc_rotated	3470	36
atg000001l_rc_rotated	3471	36
atg000001l_rc_rotated	3472	36
atg000001l_rc_rotated	3473	36
atg000001l_rc_rotated	3474	36
atg000001l_rc_rotated	3475	36
atg000001l_rc_rotated	3476	36
atg000001l_rc_rotated	3477	36
atg000001l_rc_rotated	3478	36
atg000001l_rc_rotated	3479	36
atg000001l_rc_rotated	3480	36
atg000001l_rc_rotated	3481	36
atg000001l_rc_rotated	3482	36
atg000001l_rc_rotated	3483	36
atg000001l_rc_rotated	3484	36
atg000001l_rc_rotated	3485	36
atg000001l_rc_rotated	3486	36
atg000001l_rc_rotated	3487	36
atg000001l_rc_rotated	3488	36
atg000001l_rc_rotated	3489	36
atg000001l_rc_rotated	3490	36
atg000001l_rc_rotated	3491	36
atg000001l_rc_rotated	3492	36
atg000001l_rc_rotated	3493	36
atg000001l_rc_rotated	3494	36
atg000001l_rc_rotated	3495	36
atg000001l_rc_rotated	3496	36
atg000001l_rc_rotated	3497	36
atg000001l_rc_rotated	3498	36
atg000001l_rc_rotated	3499	36
atg000001l_rc_rotated	3500	36
atg000001l_rc_rotated	3501	36
atg000001l_rc_rotated	3502	36
atg000001l_rc_rotated	3503	36
atg000001l_rc_rotated	3504	36
atg000001l_rc_rotated	3505	36
atg000001l_rc_rotated	3506	36
atg000001l_rc_rotated	3507	36
atg000001l_rc_rotated	3508	36
atg000001l_rc_rotated	3509	36
atg000001l_rc_rotated	3510	36
atg000001l_rc_rotated	3511	36
atg000001l_rc_rotated	3512	36
atg000001l_rc_rotated	3513	36
atg000001l_rc_rotated	3514	36
atg000001l_rc_rotated	3515	36
atg000001l_rc_rotated	3516	36
atg000001l_rc_rotated	3517	36
atg000001l_rc_rotated	3518	36
atg000001l_rc_rotated	3519	36
atg000001l_rc_rotated	3520	36
atg000001l_rc_rotated	3521	36
atg000001l_rc_rotated	3522	36
atg000001l_rc_rotated	3523	36
atg000001l_rc_rotated	3524	36
atg000001l_rc_rotated	3525	36
atg000001l_rc_rotated	3526	36
atg000001l_rc_rotated	3527	36
atg000001l_rc_rotated	3528	36
atg000001l_rc_rotated	3529	36
atg000001l_rc_rotated	3530	36
atg000001l_rc_rotated	3531	36
atg000001l_rc_rotated	3532	36
atg000001l_rc_rotated	3533	36
atg000001l_rc_rotated	3534	36
atg000001l_rc_rotated	3535	36
atg000001l_rc_rotated	3536	36
atg000001l_rc_rotated	3537	36
atg000001l_rc_rotated	3538	36
atg000001l_rc_rotated	3539	36
atg000001l_rc_rotated	3540	36
atg000001l_rc_rotated	3541	36
atg000001l_rc_rotated	3542	36
atg000001l_rc_rotated	3543	36
atg000001l_rc_rotated	3544	36
atg000001l_rc_rotated	3545	36
atg000001l_rc_rotated	3546	36
atg000001l_rc_rotated	3547	36
atg000001l_rc_rotated	3548	36
atg000001l_rc_rotated	3549	36
atg000001l_rc_rotated	3550	36
atg000001l_rc_rotated	3551	36
atg000001l_rc_rotated	3552	36
atg000001l_rc_rotated	3553	36
atg000001l_rc_rotated	3554	36
atg000001l_rc_rotated	3555	36
atg000001l_rc_rotated	3556	36
atg000001l_rc_rotated	3557	36
atg000001l_rc_rotated	3558	36
atg000001l_rc_rotated	3559	36
atg000001l_rc_rotated	3560	36
atg000001l_rc_rotated	3561	36
atg000001l_rc_rotated	3562	36
atg000001l_rc_rotated	3563	36
atg000001l_rc_rotated	3564	36
atg000001l_rc_rotated	3565	36
atg000001l_rc_rotated	3566	36
atg000001l_rc_rotated	3567	36
atg000001l_rc_rotated	3568	36
atg000001l_rc_rotated	3569	36
atg000001l_rc_rotated	3570	36
atg000001l_rc_rotated	3571	36
atg000001l_rc_rotated	3572	36
atg000001l_rc_rotated	3573	36
atg000001l_rc_rotated	3574	36
atg000001l_rc_rotated	3575	36
atg000001l_rc_rotated	3576	36
atg000001l_rc_rotated	3577	36
atg000001l_rc_rotated	3578	36
atg000001l_rc_rotated	3579	36
atg000001l_rc_rotated	3580	36
atg000001l_rc_rotated	3581	36
atg000001l_rc_rotated	3582	36
atg000001l_rc_rotated	3583	36
atg000001l_rc_rotated	3584	36
atg000001l_rc_rotated	3585	36
atg000001l_rc_rotated	3586	36
atg000001l_rc_rotated	3587	36
atg000001l_rc_rotated	3588	36
atg000001l_rc_rotated	3589	36
atg000001l_rc_rotated	3590	36
atg000001l_rc_rotated	3591	36
atg000001l_rc_rotated	3592	36
atg000001l_rc_rotated	3593	36
atg000001l_rc_rotated	3594	36
atg000001l_rc_rotated	3595	36
atg000001l_rc_rotated	3596	36
atg000001l_rc_rotated	3597	36
atg000001l_rc_rotated	3598	36
atg000001l_rc_rotated	3599	36
atg000001l_rc_rotated	3600	36
atg000001l_rc_rotated	3601	36
atg000001l_rc_rotated	3602	36
atg000001l_rc_rotated	3603	36
atg000001l_rc_rotated	3604	36
atg000001l_rc_rotated	3605	36
atg000001l_rc_rotated	3606	36
atg000001l_rc_rotated	3607	36
atg000001l_rc_rotated	3608	36
atg000001l_rc_rotated	3609	37
atg000001l_rc_rotated	3610	37
atg000001l_rc_rotated	3611	37
atg000001l_rc_rotated	3612	37
atg000001l_rc_rotated	3613	37
atg000001l_rc_rotated	3614	37
atg000001l_rc_rotated	3615	37
atg000001l_rc_rotated	3616	37
atg000001l_rc_rotated	3617	37
atg000001l_rc_rotated	3618	37
atg000001l_rc_rotated	3619	37
atg000001l_rc_rotated	3620	37
atg000001l_rc_rotated	3621	37
atg000001l_rc_rotated	3622	37
atg000001l_rc_rotated	3623	37
atg000001l_rc_rotated	3624	37
atg000001l_rc_rotated	3625	37
atg000001l_rc_rotated	3626	37
atg000001l_rc_rotated	3627	37
atg000001l_rc_rotated	3628	37
atg000001l_rc_rotated	3629	37
atg000001l_rc_rotated	3630	37
atg000001l_rc_rotated	3631	37
atg000001l_rc_rotated	3632	37
atg000001l_rc_rotated	3633	37
atg000001l_rc_rotated	3634	37
atg000001l_rc_rotated	3635	37
atg000001l_rc_rotated	3636	37
atg000001l_rc_rotated	3637	37
atg000001l_rc_rotated	3638	37
atg000001l_rc_rotated	3639	37
atg000001l_rc_rotated	3640	37
atg000001l_rc_rotated	3641	37
atg000001l_rc_rotated	3642	37
atg000001l_rc_rotated	3643	37
atg000001l_rc_rotated	3644	37
atg000001l_rc_rotated	3645	37
atg000001l_rc_rotated	3646	37
atg000001l_rc_rotated	3647	37
atg000001l_rc_rotated	3648	37
atg000001l_rc_rotated	3649	37
atg000001l_rc_rotated	3650	37
atg000001l_rc_rotated	3651	37
atg000001l_rc_rotated	3652	37
atg000001l_rc_rotated	3653	37
atg000001l_rc_rotated	3654	37
atg000001l_rc_rotated	3655	37
atg000001l_rc_rotated	3656	37
atg000001l_rc_rotated	3657	37
atg000001l_rc_rotated	3658	37
atg000001l_rc_rotated	3659	37
atg000001l_rc_rotated	3660	37
atg000001l_rc_rotated	3661	37
atg000001l_rc_rotated	3662	37
atg000001l_rc_rotated	3663	37
atg000001l_rc_rotated	3664	37
atg000001l_rc_rotated	3665	37
atg000001l_rc_rotated	3666	37
atg000001l_rc_rotated	3667	37
atg000001l_rc_rotated	3668	37
atg000001l_rc_rotated	3669	37
atg000001l_rc_rotated	3670	37
atg000001l_rc_rotated	3671	37
atg000001l_rc_rotated	3672	37
atg000001l_rc_rotated	3673	37
atg000001l_rc_rotated	3674	37
atg000001l_rc_rotated	3675	37
atg000001l_rc_rotated	3676	37
atg000001l_rc_rotated	3677	37
atg000001l_rc_rotated	3678	37
atg000001l_rc_rotated	3679	37
atg000001l_rc_rotated	3680	37
atg000001l_rc_rotated	3681	37
atg000001l_rc_rotated	3682	37
atg000001l_rc_rotated	3683	37
atg000001l_rc_rotated	3684	37
atg000001l_rc_rotated	3685	37
atg000001l_rc_rotated	3686	37
atg000001l_rc_rotated	3687	37
atg000001l_rc_rotated	3688	37
atg000001l_rc_rotated	3689	37
atg000001l_rc_rotated	3690	37
atg000001l_rc_rotated	3691	37
atg000001l_rc_rotated	3692	37
atg000001l_rc_rotated	3693	37
atg000001l_rc_rotated	3694	37
atg000001l_rc_rotated	3695	37
atg000001l_rc_rotated	3696	37
atg000001l_rc_rotated	3697	37
atg000001l_rc_rotated	3698	37
atg000001l_rc_rotated	3699	37
atg000001l_rc_rotated	3700	37
atg000001l_rc_rotated	3701	37
atg000001l_rc_rotated	3702	37
atg000001l_rc_rotated	3703	37
atg000001l_rc_rotated	3704	37
atg000001l_rc_rotated	3705	37
atg000001l_rc_rotated	3706	37
atg000001l_rc_rotated	3707	37
atg000001l_rc_rotated	3708	37
atg000001l_rc_rotated	3709	37
atg000001l_rc_rotated	3710	37
atg000001l_rc_rotated	3711	37
atg000001l_rc_rotated	3712	37
atg000001l_rc_rotated	3713	37
atg000001l_rc_rotated	3714	37
atg000001l_rc_rotated	3715	37
atg000001l_rc_rotated	3716	37
atg000001l_rc_rotated	3717	37
atg000001l_rc_rotated	3718	37
atg000001l_rc_rotated	3719	37
atg000001l_rc_rotated	3720	37
atg000001l_rc_rotated	3721	37
atg000001l_rc_rotated	3722	37
atg000001l_rc_rotated	3723	37
atg000001l_rc_rotated	3724	37
atg000001l_rc_rotated	3725	37
atg000001l_rc_rotated	3726	37
atg000001l_rc_rotated	3727	37
atg000001l_rc_rotated	3728	37
atg000001l_rc_rotated	3729	37
atg000001l_rc_rotated	3730	37
atg000001l_rc_rotated	3731	37
atg000001l_rc_rotated	3732	37
atg000001l_rc_rotated	3733	37
atg000001l_rc_rotated	3734	37
atg000001l_rc_rotated	3735	37
atg000001l_rc_rotated	3736	37
atg000001l_rc_rotated	3737	37
atg000001l_rc_rotated	3738	37
atg000001l_rc_rotated	3739	37
atg000001l_rc_rotated	3740	37
atg000001l_rc_rotated	3741	37
atg000001l_rc_rotated	3742	37
atg000001l_rc_rotated	3743	37
atg000001l_rc_rotated	3744	37
atg000001l_rc_rotated	3745	37
atg000001l_rc_rotated	3746	37
atg000001l_rc_rotated	3747	37
atg000001l_rc_rotated	3748	37
atg000001l_rc_rotated	3749	37
atg000001l_rc_rotated	3750	37
atg000001l_rc_rotated	3751	37
atg000001l_rc_rotated	3752	37
atg000001l_rc_rotated	3753	37
atg000001l_rc_rotated	3754	37
atg000001l_rc_rotated	3755	37
atg000001l_rc_rotated	3756	37
atg000001l_rc_rotated	3757	37
atg000001l_rc_rotated	3758	37
atg000001l_rc_rotated	3759	37
atg000001l_rc_rotated	3760	37
atg000001l_rc_rotated	3761	37
atg000001l_rc_rotated	3762	37
atg000001l_rc_rotated	3763	37
atg000001l_rc_rotated	3764	37
atg000001l_rc_rotated	3765	37
atg000001l_rc_rotated	3766	37
atg000001l_rc_rotated	3767	37
atg000001l_rc_rotated	3768	37
atg000001l_rc_rotated	3769	37
atg000001l_rc_rotated	3770	37
atg000001l_rc_rotated	3771	37
atg000001l_rc_rotated	3772	37
atg000001l_rc_rotated	3773	37
atg000001l_rc_rotated	3774	37
atg000001l_rc_rotated	3775	37
atg000001l_rc_rotated	3776	37
atg000001l_rc_rotated	3777	37
atg000001l_rc_rotated	3778	37
atg000001l_rc_rotated	3779	37
atg000001l_rc_rotated	3780	37
atg000001l_rc_rotated	3781	37
atg000001l_rc_rotated	3782	37
atg000001l_rc_rotated	3783	37
atg000001l_rc_rotated	3784	37
atg000001l_rc_rotated	3785	37
atg000001l_rc_rotated	3786	37
atg000001l_rc_rotated	3787	37
atg000001l_rc_rotated	3788	37
atg000001l_rc_rotated	3789	37
atg000001l_rc_rotated	3790	37
atg000001l_rc_rotated	3791	37
atg000001l_rc_rotated	3792	37
atg000001l_rc_rotated	3793	37
atg000001l_rc_rotated	3794	37
atg000001l_rc_rotated	3795	37
atg000001l_rc_rotated	3796	37
atg000001l_rc_rotated	3797	37
atg000001l_rc_rotated	3798	37
atg000001l_rc_rotated	3799	37
atg000001l_rc_rotated	3800	37
atg000001l_rc_rotated	3801	37
atg000001l_rc_rotated	3802	37
atg000001l_rc_rotated	3803	37
atg000001l_rc_rotated	3804	37
atg000001l_rc_rotated	3805	37
atg000001l_rc_rotated	3806	37
atg000001l_rc_rotated	3807	37
atg000001l_rc_rotated	3808	37
atg000001l_rc_rotated	3809	37
atg000001l_rc_rotated	3810	37
atg000001l_rc_rotated	3811	37
atg000001l_rc_rotated	3812	37
atg000001l_rc_rotated	3813	37
atg000001l_rc_rotated	3814	37
atg000001l_rc_rotated	3815	37
atg000001l_rc_rotated	3816	37
atg000001l_rc_rotated	3817	37
atg000001l_rc_rotated	3818	37
atg000001l_rc_rotated	3819	37
atg000001l_rc_rotated	3820	37
atg000001l_rc_rotated	3821	37
atg000001l_rc_rotated	3822	37
atg000001l_rc_rotated	3823	37
atg000001l_rc_rotated	3824	37
atg000001l_rc_rotated	3825	37
atg000001l_rc_rotated	3826	37
atg000001l_rc_rotated	3827	37
atg000001l_rc_rotated	3828	37
atg000001l_rc_rotated	3829	37
atg000001l_rc_rotated	3830	37
atg000001l_rc_rotated	3831	37
atg000001l_rc_rotated	3832	37
atg000001l_rc_rotated	3833	37
atg000001l_rc_rotated	3834	37
atg000001l_rc_rotated	3835	37
atg000001l_rc_rotated	3836	37
atg000001l_rc_rotated	3837	37
atg000001l_rc_rotated	3838	37
atg000001l_rc_rotated	3839	37
atg000001l_rc_rotated	3840	37
atg000001l_rc_rotated	3841	37
atg000001l_rc_rotated	3842	37
atg000001l_rc_rotated	3843	37
atg000001l_rc_rotated	3844	37
atg000001l_rc_rotated	3845	37
atg000001l_rc_rotated	3846	37
atg000001l_rc_rotated	3847	37
atg000001l_rc_rotated	3848	37
atg000001l_rc_rotated	3849	37
atg000001l_rc_rotated	3850	37
atg000001l_rc_rotated	3851	37
atg000001l_rc_rotated	3852	37
atg000001l_rc_rotated	3853	37
atg000001l_rc_rotated	3854	37
atg000001l_rc_rotated	3855	36
atg000001l_rc_rotated	3856	36
atg000001l_rc_rotated	3857	36
atg000001l_rc_rotated	3858	36
atg000001l_rc_rotated	3859	36
atg000001l_rc_rotated	3860	36
atg000001l_rc_rotated	3861	36
atg000001l_rc_rotated	3862	36
atg000001l_rc_rotated	3863	36
atg000001l_rc_rotated	3864	36
atg000001l_rc_rotated	3865	36
atg000001l_rc_rotated	3866	36
atg000001l_rc_rotated	3867	36
atg000001l_rc_rotated	3868	36
atg000001l_rc_rotated	3869	36
atg000001l_rc_rotated	3870	36
atg000001l_rc_rotated	3871	36
atg000001l_rc_rotated	3872	36
atg000001l_rc_rotated	3873	36
atg000001l_rc_rotated	3874	36
atg000001l_rc_rotated	3875	36
atg000001l_rc_rotated	3876	36
atg000001l_rc_rotated	3877	36
atg000001l_rc_rotated	3878	36
atg000001l_rc_rotated	3879	36
atg000001l_rc_rotated	3880	36
atg000001l_rc_rotated	3881	36
atg000001l_rc_rotated	3882	36
atg000001l_rc_rotated	3883	36
atg000001l_rc_rotated	3884	36
atg000001l_rc_rotated	3885	36
atg000001l_rc_rotated	3886	36
atg000001l_rc_rotated	3887	36
atg000001l_rc_rotated	3888	36
atg000001l_rc_rotated	3889	36
atg000001l_rc_rotated	3890	36
atg000001l_rc_rotated	3891	36
atg000001l_rc_rotated	3892	36
atg000001l_rc_rotated	3893	36
atg000001l_rc_rotated	3894	36
atg000001l_rc_rotated	3895	36
atg000001l_rc_rotated	3896	36
atg000001l_rc_rotated	3897	36
atg000001l_rc_rotated	3898	36
atg000001l_rc_rotated	3899	36
atg000001l_rc_rotated	3900	36
atg000001l_rc_rotated	3901	35
atg000001l_rc_rotated	3902	35
atg000001l_rc_rotated	3903	35
atg000001l_rc_rotated	3904	35
atg000001l_rc_rotated	3905	35
atg000001l_rc_rotated	3906	35
atg000001l_rc_rotated	3907	35
atg000001l_rc_rotated	3908	35
atg000001l_rc_rotated	3909	35
atg000001l_rc_rotated	3910	35
atg000001l_rc_rotated	3911	35
atg000001l_rc_rotated	3912	35
atg000001l_rc_rotated	3913	35
atg000001l_rc_rotated	3914	35
atg000001l_rc_rotated	3915	35
atg000001l_rc_rotated	3916	35
atg000001l_rc_rotated	3917	35
atg000001l_rc_rotated	3918	35
atg000001l_rc_rotated	3919	35
atg000001l_rc_rotated	3920	35
atg000001l_rc_rotated	3921	35
atg000001l_rc_rotated	3922	35
atg000001l_rc_rotated	3923	35
atg000001l_rc_rotated	3924	35
atg000001l_rc_rotated	3925	35
atg000001l_rc_rotated	3926	35
atg000001l_rc_rotated	3927	35
atg000001l_rc_rotated	3928	35
atg000001l_rc_rotated	3929	35
atg000001l_rc_rotated	3930	35
atg000001l_rc_rotated	3931	35
atg000001l_rc_rotated	3932	35
atg000001l_rc_rotated	3933	35
atg000001l_rc_rotated	3934	35
atg000001l_rc_rotated	3935	35
atg000001l_rc_rotated	3936	35
atg000001l_rc_rotated	3937	35
atg000001l_rc_rotated	3938	35
atg000001l_rc_rotated	3939	35
atg000001l_rc_rotated	3940	35
atg000001l_rc_rotated	3941	35
atg000001l_rc_rotated	3942	35
atg000001l_rc_rotated	3943	35
atg000001l_rc_rotated	3944	35
atg000001l_rc_rotated	3945	35
atg000001l_rc_rotated	3946	35
atg000001l_rc_rotated	3947	35
atg000001l_rc_rotated	3948	35
atg000001l_rc_rotated	3949	35
atg000001l_rc_rotated	3950	35
atg000001l_rc_rotated	3951	35
atg000001l_rc_rotated	3952	35
atg000001l_rc_rotated	3953	35
atg000001l_rc_rotated	3954	35
atg000001l_rc_rotated	3955	35
atg000001l_rc_rotated	3956	35
atg000001l_rc_rotated	3957	35
atg000001l_rc_rotated	3958	35
atg000001l_rc_rotated	3959	35
atg000001l_rc_rotated	3960	35
atg000001l_rc_rotated	3961	35
atg000001l_rc_rotated	3962	35
atg000001l_rc_rotated	3963	35
atg000001l_rc_rotated	3964	35
atg000001l_rc_rotated	3965	35
atg000001l_rc_rotated	3966	35
atg000001l_rc_rotated	3967	35
atg000001l_rc_rotated	3968	35
atg000001l_rc_rotated	3969	35
atg000001l_rc_rotated	3970	35
atg000001l_rc_rotated	3971	35
atg000001l_rc_rotated	3972	35
atg000001l_rc_rotated	3973	35
atg000001l_rc_rotated	3974	35
atg000001l_rc_rotated	3975	35
atg000001l_rc_rotated	3976	35
atg000001l_rc_rotated	3977	35
atg000001l_rc_rotated	3978	35
atg000001l_rc_rotated	3979	35
atg000001l_rc_rotated	3980	35
atg000001l_rc_rotated	3981	35
atg000001l_rc_rotated	3982	35
atg000001l_rc_rotated	3983	35
atg000001l_rc_rotated	3984	35
atg000001l_rc_rotated	3985	35
atg000001l_rc_rotated	3986	35
atg000001l_rc_rotated	3987	35
atg000001l_rc_rotated	3988	35
atg000001l_rc_rotated	3989	35
atg000001l_rc_rotated	3990	35
atg000001l_rc_rotated	3991	35
atg000001l_rc_rotated	3992	35
atg000001l_rc_rotated	3993	35
atg000001l_rc_rotated	3994	35
atg000001l_rc_rotated	3995	35
atg000001l_rc_rotated	3996	35
atg000001l_rc_rotated	3997	35
atg000001l_rc_rotated	3998	35
atg000001l_rc_rotated	3999	35
atg000001l_rc_rotated	4000	35
atg000001l_rc_rotated	4001	35
atg000001l_rc_rotated	4002	35
atg000001l_rc_rotated	4003	35
atg000001l_rc_rotated	4004	35
atg000001l_rc_rotated	4005	35
atg000001l_rc_rotated	4006	35
atg000001l_rc_rotated	4007	35
atg000001l_rc_rotated	4008	35
atg000001l_rc_rotated	4009	35
atg000001l_rc_rotated	4010	35
atg000001l_rc_rotated	4011	35
atg000001l_rc_rotated	4012	35
atg000001l_rc_rotated	4013	35
atg000001l_rc_rotated	4014	35
atg000001l_rc_rotated	4015	35
atg000001l_rc_rotated	4016	35
atg000001l_rc_rotated	4017	35
atg000001l_rc_rotated	4018	35
atg000001l_rc_rotated	4019	35
atg000001l_rc_rotated	4020	35
atg000001l_rc_rotated	4021	35
atg000001l_rc_rotated	4022	35
atg000001l_rc_rotated	4023	35
atg000001l_rc_rotated	4024	35
atg000001l_rc_rotated	4025	35
atg000001l_rc_rotated	4026	35
atg000001l_rc_rotated	4027	35
atg000001l_rc_rotated	4028	35
atg000001l_rc_rotated	4029	35
atg000001l_rc_rotated	4030	35
atg000001l_rc_rotated	4031	35
atg000001l_rc_rotated	4032	35
atg000001l_rc_rotated	4033	35
atg000001l_rc_rotated	4034	35
atg000001l_rc_rotated	4035	35
atg000001l_rc_rotated	4036	35
atg000001l_rc_rotated	4037	35
atg000001l_rc_rotated	4038	35
atg000001l_rc_rotated	4039	35
atg000001l_rc_rotated	4040	35
atg000001l_rc_rotated	4041	35
atg000001l_rc_rotated	4042	35
atg000001l_rc_rotated	4043	35
atg000001l_rc_rotated	4044	35
atg000001l_rc_rotated	4045	35
atg000001l_rc_rotated	4046	35
atg000001l_rc_rotated	4047	35
atg000001l_rc_rotated	4048	35
atg000001l_rc_rotated	4049	35
atg000001l_rc_rotated	4050	35
atg000001l_rc_rotated	4051	35
atg000001l_rc_rotated	4052	35
atg000001l_rc_rotated	4053	35
atg000001l_rc_rotated	4054	35
atg000001l_rc_rotated	4055	35
atg000001l_rc_rotated	4056	35
atg000001l_rc_rotated	4057	35
atg000001l_rc_rotated	4058	35
atg000001l_rc_rotated	4059	35
atg000001l_rc_rotated	4060	35
atg000001l_rc_rotated	4061	35
atg000001l_rc_rotated	4062	35
atg000001l_rc_rotated	4063	35
atg000001l_rc_rotated	4064	35
atg000001l_rc_rotated	4065	35
atg000001l_rc_rotated	4066	35
atg000001l_rc_rotated	4067	35
atg000001l_rc_rotated	4068	35
atg000001l_rc_rotated	4069	35
atg000001l_rc_rotated	4070	35
atg000001l_rc_rotated	4071	35
atg000001l_rc_rotated	4072	35
atg000001l_rc_rotated	4073	35
atg000001l_rc_rotated	4074	35
atg000001l_rc_rotated	4075	35
atg000001l_rc_rotated	4076	35
atg000001l_rc_rotated	4077	35
atg000001l_rc_rotated	4078	35
atg000001l_rc_rotated	4079	35
atg000001l_rc_rotated	4080	35
atg000001l_rc_rotated	4081	35
atg000001l_rc_rotated	4082	35
atg000001l_rc_rotated	4083	35
atg000001l_rc_rotated	4084	35
atg000001l_rc_rotated	4085	35
atg000001l_rc_rotated	4086	35
atg000001l_rc_rotated	4087	35
atg000001l_rc_rotated	4088	35
atg000001l_rc_rotated	4089	35
atg000001l_rc_rotated	4090	35
atg000001l_rc_rotated	4091	35
atg000001l_rc_rotated	4092	35
atg000001l_rc_rotated	4093	35
atg000001l_rc_rotated	4094	35
atg000001l_rc_rotated	4095	35
atg000001l_rc_rotated	4096	35
atg000001l_rc_rotated	4097	35
atg000001l_rc_rotated	4098	35
atg000001l_rc_rotated	4099	35
atg000001l_rc_rotated	4100	35
atg000001l_rc_rotated	4101	35
atg000001l_rc_rotated	4102	35
atg000001l_rc_rotated	4103	35
atg000001l_rc_rotated	4104	35
atg000001l_rc_rotated	4105	35
atg000001l_rc_rotated	4106	35
atg000001l_rc_rotated	4107	35
atg000001l_rc_rotated	4108	35
atg000001l_rc_rotated	4109	35
atg000001l_rc_rotated	4110	35
atg000001l_rc_rotated	4111	35
atg000001l_rc_rotated	4112	35
atg000001l_rc_rotated	4113	35
atg000001l_rc_rotated	4114	35
atg000001l_rc_rotated	4115	35
atg000001l_rc_rotated	4116	35
atg000001l_rc_rotated	4117	36
atg000001l_rc_rotated	4118	36
atg000001l_rc_rotated	4119	36
atg000001l_rc_rotated	4120	36
atg000001l_rc_rotated	4121	36
atg000001l_rc_rotated	4122	36
atg000001l_rc_rotated	4123	36
atg000001l_rc_rotated	4124	36
atg000001l_rc_rotated	4125	36
atg000001l_rc_rotated	4126	36
atg000001l_rc_rotated	4127	36
atg000001l_rc_rotated	4128	36
atg000001l_rc_rotated	4129	36
atg000001l_rc_rotated	4130	36
atg000001l_rc_rotated	4131	36
atg000001l_rc_rotated	4132	36
atg000001l_rc_rotated	4133	36
atg000001l_rc_rotated	4134	36
atg000001l_rc_rotated	4135	36
atg000001l_rc_rotated	4136	36
atg000001l_rc_rotated	4137	36
atg000001l_rc_rotated	4138	36
atg000001l_rc_rotated	4139	36
atg000001l_rc_rotated	4140	36
atg000001l_rc_rotated	4141	36
atg000001l_rc_rotated	4142	36
atg000001l_rc_rotated	4143	36
atg000001l_rc_rotated	4144	36
atg000001l_rc_rotated	4145	36
atg000001l_rc_rotated	4146	36
atg000001l_rc_rotated	4147	36
atg000001l_rc_rotated	4148	36
atg000001l_rc_rotated	4149	36
atg000001l_rc_rotated	4150	36
atg000001l_rc_rotated	4151	36
atg000001l_rc_rotated	4152	36
atg000001l_rc_rotated	4153	36
atg000001l_rc_rotated	4154	36
atg000001l_rc_rotated	4155	36
atg000001l_rc_rotated	4156	36
atg000001l_rc_rotated	4157	36
atg000001l_rc_rotated	4158	36
atg000001l_rc_rotated	4159	36
atg000001l_rc_rotated	4160	36
atg000001l_rc_rotated	4161	36
atg000001l_rc_rotated	4162	36
atg000001l_rc_rotated	4163	36
atg000001l_rc_rotated	4164	36
atg000001l_rc_rotated	4165	36
atg000001l_rc_rotated	4166	36
atg000001l_rc_rotated	4167	36
atg000001l_rc_rotated	4168	36
atg000001l_rc_rotated	4169	36
atg000001l_rc_rotated	4170	36
atg000001l_rc_rotated	4171	36
atg000001l_rc_rotated	4172	36
atg000001l_rc_rotated	4173	36
atg000001l_rc_rotated	4174	36
atg000001l_rc_rotated	4175	36
atg000001l_rc_rotated	4176	36
atg000001l_rc_rotated	4177	36
atg000001l_rc_rotated	4178	36
atg000001l_rc_rotated	4179	36
atg000001l_rc_rotated	4180	36
atg000001l_rc_rotated	4181	36
atg000001l_rc_rotated	4182	36
atg000001l_rc_rotated	4183	36
atg000001l_rc_rotated	4184	36
atg000001l_rc_rotated	4185	34
atg000001l_rc_rotated	4186	34
atg000001l_rc_rotated	4187	34
atg000001l_rc_rotated	4188	34
atg000001l_rc_rotated	4189	34
atg000001l_rc_rotated	4190	34
atg000001l_rc_rotated	4191	34
atg000001l_rc_rotated	4192	34
atg000001l_rc_rotated	4193	34
atg000001l_rc_rotated	4194	34
atg000001l_rc_rotated	4195	34
atg000001l_rc_rotated	4196	34
atg000001l_rc_rotated	4197	34
atg000001l_rc_rotated	4198	34
atg000001l_rc_rotated	4199	34
atg000001l_rc_rotated	4200	34
atg000001l_rc_rotated	4201	34
atg000001l_rc_rotated	4202	34
atg000001l_rc_rotated	4203	34
atg000001l_rc_rotated	4204	34
atg000001l_rc_rotated	4205	34
atg000001l_rc_rotated	4206	34
atg000001l_rc_rotated	4207	34
atg000001l_rc_rotated	4208	34
atg000001l_rc_rotated	4209	34
atg000001l_rc_rotated	4210	34
atg000001l_rc_rotated	4211	34
atg000001l_rc_rotated	4212	34
atg000001l_rc_rotated	4213	34
atg000001l_rc_rotated	4214	34
atg000001l_rc_rotated	4215	34
atg000001l_rc_rotated	4216	34
atg000001l_rc_rotated	4217	34
atg000001l_rc_rotated	4218	34
atg000001l_rc_rotated	4219	34
atg000001l_rc_rotated	4220	34
atg000001l_rc_rotated	4221	34
atg000001l_rc_rotated	4222	34
atg000001l_rc_rotated	4223	34
atg000001l_rc_rotated	4224	34
atg000001l_rc_rotated	4225	34
atg000001l_rc_rotated	4226	34
atg000001l_rc_rotated	4227	34
atg000001l_rc_rotated	4228	34
atg000001l_rc_rotated	4229	34
atg000001l_rc_rotated	4230	34
atg000001l_rc_rotated	4231	34
atg000001l_rc_rotated	4232	34
atg000001l_rc_rotated	4233	34
atg000001l_rc_rotated	4234	34
atg000001l_rc_rotated	4235	34
atg000001l_rc_rotated	4236	34
atg000001l_rc_rotated	4237	34
atg000001l_rc_rotated	4238	34
atg000001l_rc_rotated	4239	34
atg000001l_rc_rotated	4240	34
atg000001l_rc_rotated	4241	34
atg000001l_rc_rotated	4242	34
atg000001l_rc_rotated	4243	34
atg000001l_rc_rotated	4244	34
atg000001l_rc_rotated	4245	34
atg000001l_rc_rotated	4246	34
atg000001l_rc_rotated	4247	34
atg000001l_rc_rotated	4248	34
atg000001l_rc_rotated	4249	34
atg000001l_rc_rotated	4250	34
atg000001l_rc_rotated	4251	34
atg000001l_rc_rotated	4252	34
atg000001l_rc_rotated	4253	34
atg000001l_rc_rotated	4254	34
atg000001l_rc_rotated	4255	34
atg000001l_rc_rotated	4256	34
atg000001l_rc_rotated	4257	34
atg000001l_rc_rotated	4258	34
atg000001l_rc_rotated	4259	34
atg000001l_rc_rotated	4260	34
atg000001l_rc_rotated	4261	34
atg000001l_rc_rotated	4262	34
atg000001l_rc_rotated	4263	34
atg000001l_rc_rotated	4264	34
atg000001l_rc_rotated	4265	34
atg000001l_rc_rotated	4266	34
atg000001l_rc_rotated	4267	34
atg000001l_rc_rotated	4268	34
atg000001l_rc_rotated	4269	34
atg000001l_rc_rotated	4270	34
atg000001l_rc_rotated	4271	34
atg000001l_rc_rotated	4272	34
atg000001l_rc_rotated	4273	34
atg000001l_rc_rotated	4274	34
atg000001l_rc_rotated	4275	34
atg000001l_rc_rotated	4276	34
atg000001l_rc_rotated	4277	34
atg000001l_rc_rotated	4278	34
atg000001l_rc_rotated	4279	34
atg000001l_rc_rotated	4280	34
atg000001l_rc_rotated	4281	34
atg000001l_rc_rotated	4282	34
atg000001l_rc_rotated	4283	34
atg000001l_rc_rotated	4284	34
atg000001l_rc_rotated	4285	34
atg000001l_rc_rotated	4286	34
atg000001l_rc_rotated	4287	34
atg000001l_rc_rotated	4288	34
atg000001l_rc_rotated	4289	34
atg000001l_rc_rotated	4290	34
atg000001l_rc_rotated	4291	34
atg000001l_rc_rotated	4292	34
atg000001l_rc_rotated	4293	34
atg000001l_rc_rotated	4294	34
atg000001l_rc_rotated	4295	34
atg000001l_rc_rotated	4296	34
atg000001l_rc_rotated	4297	34
atg000001l_rc_rotated	4298	34
atg000001l_rc_rotated	4299	33
atg000001l_rc_rotated	4300	33
atg000001l_rc_rotated	4301	33
atg000001l_rc_rotated	4302	33
atg000001l_rc_rotated	4303	33
atg000001l_rc_rotated	4304	33
atg000001l_rc_rotated	4305	33
atg000001l_rc_rotated	4306	33
atg000001l_rc_rotated	4307	33
atg000001l_rc_rotated	4308	33
atg000001l_rc_rotated	4309	33
atg000001l_rc_rotated	4310	33
atg000001l_rc_rotated	4311	33
atg000001l_rc_rotated	4312	33
atg000001l_rc_rotated	4313	33
atg000001l_rc_rotated	4314	33
atg000001l_rc_rotated	4315	33
atg000001l_rc_rotated	4316	33
atg000001l_rc_rotated	4317	33
atg000001l_rc_rotated	4318	33
atg000001l_rc_rotated	4319	34
atg000001l_rc_rotated	4320	34
atg000001l_rc_rotated	4321	34
atg000001l_rc_rotated	4322	34
atg000001l_rc_rotated	4323	34
atg000001l_rc_rotated	4324	34
atg000001l_rc_rotated	4325	34
atg000001l_rc_rotated	4326	34
atg000001l_rc_rotated	4327	34
atg000001l_rc_rotated	4328	34
atg000001l_rc_rotated	4329	34
atg000001l_rc_rotated	4330	34
atg000001l_rc_rotated	4331	34
atg000001l_rc_rotated	4332	34
atg000001l_rc_rotated	4333	34
atg000001l_rc_rotated	4334	34
atg000001l_rc_rotated	4335	34
atg000001l_rc_rotated	4336	34
atg000001l_rc_rotated	4337	34
atg000001l_rc_rotated	4338	34
atg000001l_rc_rotated	4339	34
atg000001l_rc_rotated	4340	34
atg000001l_rc_rotated	4341	34
atg000001l_rc_rotated	4342	34
atg000001l_rc_rotated	4343	34
atg000001l_rc_rotated	4344	34
atg000001l_rc_rotated	4345	34
atg000001l_rc_rotated	4346	34
atg000001l_rc_rotated	4347	34
atg000001l_rc_rotated	4348	34
atg000001l_rc_rotated	4349	34
atg000001l_rc_rotated	4350	34
atg000001l_rc_rotated	4351	34
atg000001l_rc_rotated	4352	34
atg000001l_rc_rotated	4353	34
atg000001l_rc_rotated	4354	34
atg000001l_rc_rotated	4355	34
atg000001l_rc_rotated	4356	34
atg000001l_rc_rotated	4357	34
atg000001l_rc_rotated	4358	34
atg000001l_rc_rotated	4359	34
atg000001l_rc_rotated	4360	34
atg000001l_rc_rotated	4361	34
atg000001l_rc_rotated	4362	34
atg000001l_rc_rotated	4363	34
atg000001l_rc_rotated	4364	34
atg000001l_rc_rotated	4365	34
atg000001l_rc_rotated	4366	34
atg000001l_rc_rotated	4367	34
atg000001l_rc_rotated	4368	34
atg000001l_rc_rotated	4369	34
atg000001l_rc_rotated	4370	34
atg000001l_rc_rotated	4371	34
atg000001l_rc_rotated	4372	34
atg000001l_rc_rotated	4373	34
atg000001l_rc_rotated	4374	34
atg000001l_rc_rotated	4375	34
atg000001l_rc_rotated	4376	34
atg000001l_rc_rotated	4377	34
atg000001l_rc_rotated	4378	34
atg000001l_rc_rotated	4379	34
atg000001l_rc_rotated	4380	34
atg000001l_rc_rotated	4381	34
atg000001l_rc_rotated	4382	34
atg000001l_rc_rotated	4383	34
atg000001l_rc_rotated	4384	34
atg000001l_rc_rotated	4385	34
atg000001l_rc_rotated	4386	34
atg000001l_rc_rotated	4387	34
atg000001l_rc_rotated	4388	34
atg000001l_rc_rotated	4389	34
atg000001l_rc_rotated	4390	34
atg000001l_rc_rotated	4391	34
atg000001l_rc_rotated	4392	34
atg000001l_rc_rotated	4393	34
atg000001l_rc_rotated	4394	34
atg000001l_rc_rotated	4395	34
atg000001l_rc_rotated	4396	34
atg000001l_rc_rotated	4397	34
atg000001l_rc_rotated	4398	34
atg000001l_rc_rotated	4399	34
atg000001l_rc_rotated	4400	34
atg000001l_rc_rotated	4401	34
atg000001l_rc_rotated	4402	34
atg000001l_rc_rotated	4403	34
atg000001l_rc_rotated	4404	34
atg000001l_rc_rotated	4405	34
atg000001l_rc_rotated	4406	34
atg000001l_rc_rotated	4407	34
atg000001l_rc_rotated	4408	34
atg000001l_rc_rotated	4409	34
atg000001l_rc_rotated	4410	34
atg000001l_rc_rotated	4411	34
atg000001l_rc_rotated	4412	34
atg000001l_rc_rotated	4413	34
atg000001l_rc_rotated	4414	34
atg000001l_rc_rotated	4415	34
atg000001l_rc_rotated	4416	34
atg000001l_rc_rotated	4417	34
atg000001l_rc_rotated	4418	34
atg000001l_rc_rotated	4419	34
atg000001l_rc_rotated	4420	34
atg000001l_rc_rotated	4421	34
atg000001l_rc_rotated	4422	34
atg000001l_rc_rotated	4423	34
atg000001l_rc_rotated	4424	34
atg000001l_rc_rotated	4425	34
atg000001l_rc_rotated	4426	34
atg000001l_rc_rotated	4427	34
atg000001l_rc_rotated	4428	34
atg000001l_rc_rotated	4429	34
atg000001l_rc_rotated	4430	34
atg000001l_rc_rotated	4431	34
atg000001l_rc_rotated	4432	34
atg000001l_rc_rotated	4433	34
atg000001l_rc_rotated	4434	34
atg000001l_rc_rotated	4435	34
atg000001l_rc_rotated	4436	34
atg000001l_rc_rotated	4437	34
atg000001l_rc_rotated	4438	34
atg000001l_rc_rotated	4439	34
atg000001l_rc_rotated	4440	34
atg000001l_rc_rotated	4441	34
atg000001l_rc_rotated	4442	34
atg000001l_rc_rotated	4443	34
atg000001l_rc_rotated	4444	34
atg000001l_rc_rotated	4445	34
atg000001l_rc_rotated	4446	34
atg000001l_rc_rotated	4447	34
atg000001l_rc_rotated	4448	34
atg000001l_rc_rotated	4449	34
atg000001l_rc_rotated	4450	34
atg000001l_rc_rotated	4451	34
atg000001l_rc_rotated	4452	34
atg000001l_rc_rotated	4453	34
atg000001l_rc_rotated	4454	34
atg000001l_rc_rotated	4455	34
atg000001l_rc_rotated	4456	34
atg000001l_rc_rotated	4457	34
atg000001l_rc_rotated	4458	34
atg000001l_rc_rotated	4459	34
atg000001l_rc_rotated	4460	34
atg000001l_rc_rotated	4461	34
atg000001l_rc_rotated	4462	34
atg000001l_rc_rotated	4463	34
atg000001l_rc_rotated	4464	34
atg000001l_rc_rotated	4465	34
atg000001l_rc_rotated	4466	34
atg000001l_rc_rotated	4467	34
atg000001l_rc_rotated	4468	34
atg000001l_rc_rotated	4469	34
atg000001l_rc_rotated	4470	34
atg000001l_rc_rotated	4471	34
atg000001l_rc_rotated	4472	34
atg000001l_rc_rotated	4473	34
atg000001l_rc_rotated	4474	34
atg000001l_rc_rotated	4475	34
atg000001l_rc_rotated	4476	34
atg000001l_rc_rotated	4477	34
atg000001l_rc_rotated	4478	34
atg000001l_rc_rotated	4479	34
atg000001l_rc_rotated	4480	34
atg000001l_rc_rotated	4481	34
atg000001l_rc_rotated	4482	34
atg000001l_rc_rotated	4483	34
atg000001l_rc_rotated	4484	34
atg000001l_rc_rotated	4485	34
atg000001l_rc_rotated	4486	34
atg000001l_rc_rotated	4487	34
atg000001l_rc_rotated	4488	34
atg000001l_rc_rotated	4489	34
atg000001l_rc_rotated	4490	34
atg000001l_rc_rotated	4491	34
atg000001l_rc_rotated	4492	34
atg000001l_rc_rotated	4493	34
atg000001l_rc_rotated	4494	34
atg000001l_rc_rotated	4495	34
atg000001l_rc_rotated	4496	34
atg000001l_rc_rotated	4497	34
atg000001l_rc_rotated	4498	34
atg000001l_rc_rotated	4499	34
atg000001l_rc_rotated	4500	34
atg000001l_rc_rotated	4501	34
atg000001l_rc_rotated	4502	34
atg000001l_rc_rotated	4503	34
atg000001l_rc_rotated	4504	34
atg000001l_rc_rotated	4505	34
atg000001l_rc_rotated	4506	34
atg000001l_rc_rotated	4507	34
atg000001l_rc_rotated	4508	34
atg000001l_rc_rotated	4509	34
atg000001l_rc_rotated	4510	34
atg000001l_rc_rotated	4511	34
atg000001l_rc_rotated	4512	34
atg000001l_rc_rotated	4513	34
atg000001l_rc_rotated	4514	34
atg000001l_rc_rotated	4515	34
atg000001l_rc_rotated	4516	34
atg000001l_rc_rotated	4517	34
atg000001l_rc_rotated	4518	34
atg000001l_rc_rotated	4519	34
atg000001l_rc_rotated	4520	34
atg000001l_rc_rotated	4521	34
atg000001l_rc_rotated	4522	34
atg000001l_rc_rotated	4523	34
atg000001l_rc_rotated	4524	34
atg000001l_rc_rotated	4525	34
atg000001l_rc_rotated	4526	34
atg000001l_rc_rotated	4527	34
atg000001l_rc_rotated	4528	34
atg000001l_rc_rotated	4529	34
atg000001l_rc_rotated	4530	34
atg000001l_rc_rotated	4531	34
atg000001l_rc_rotated	4532	34
atg000001l_rc_rotated	4533	34
atg000001l_rc_rotated	4534	34
atg000001l_rc_rotated	4535	34
atg000001l_rc_rotated	4536	34
atg000001l_rc_rotated	4537	34
atg000001l_rc_rotated	4538	34
atg000001l_rc_rotated	4539	34
atg000001l_rc_rotated	4540	34
atg000001l_rc_rotated	4541	34
atg000001l_rc_rotated	4542	34
atg000001l_rc_rotated	4543	34
atg000001l_rc_rotated	4544	34
atg000001l_rc_rotated	4545	34
atg000001l_rc_rotated	4546	34
atg000001l_rc_rotated	4547	34
atg000001l_rc_rotated	4548	34
atg000001l_rc_rotated	4549	34
atg000001l_rc_rotated	4550	34
atg000001l_rc_rotated	4551	34
atg000001l_rc_rotated	4552	34
atg000001l_rc_rotated	4553	34
atg000001l_rc_rotated	4554	34
atg000001l_rc_rotated	4555	34
atg000001l_rc_rotated	4556	34
atg000001l_rc_rotated	4557	34
atg000001l_rc_rotated	4558	34
atg000001l_rc_rotated	4559	34
atg000001l_rc_rotated	4560	34
atg000001l_rc_rotated	4561	34
atg000001l_rc_rotated	4562	34
atg000001l_rc_rotated	4563	34
atg000001l_rc_rotated	4564	34
atg000001l_rc_rotated	4565	34
atg000001l_rc_rotated	4566	34
atg000001l_rc_rotated	4567	34
atg000001l_rc_rotated	4568	34
atg000001l_rc_rotated	4569	34
atg000001l_rc_rotated	4570	34
atg000001l_rc_rotated	4571	34
atg000001l_rc_rotated	4572	34
atg000001l_rc_rotated	4573	34
atg000001l_rc_rotated	4574	34
atg000001l_rc_rotated	4575	34
atg000001l_rc_rotated	4576	34
atg000001l_rc_rotated	4577	34
atg000001l_rc_rotated	4578	34
atg000001l_rc_rotated	4579	34
atg000001l_rc_rotated	4580	34
atg000001l_rc_rotated	4581	34
atg000001l_rc_rotated	4582	34
atg000001l_rc_rotated	4583	34
atg000001l_rc_rotated	4584	34
atg000001l_rc_rotated	4585	34
atg000001l_rc_rotated	4586	34
atg000001l_rc_rotated	4587	34
atg000001l_rc_rotated	4588	34
atg000001l_rc_rotated	4589	34
atg000001l_rc_rotated	4590	34
atg000001l_rc_rotated	4591	34
atg000001l_rc_rotated	4592	34
atg000001l_rc_rotated	4593	34
atg000001l_rc_rotated	4594	34
atg000001l_rc_rotated	4595	34
atg000001l_rc_rotated	4596	34
atg000001l_rc_rotated	4597	34
atg000001l_rc_rotated	4598	34
atg000001l_rc_rotated	4599	34
atg000001l_rc_rotated	4600	34
atg000001l_rc_rotated	4601	34
atg000001l_rc_rotated	4602	34
atg000001l_rc_rotated	4603	34
atg000001l_rc_rotated	4604	34
atg000001l_rc_rotated	4605	34
atg000001l_rc_rotated	4606	34
atg000001l_rc_rotated	4607	34
atg000001l_rc_rotated	4608	34
atg000001l_rc_rotated	4609	34
atg000001l_rc_rotated	4610	34
atg000001l_rc_rotated	4611	34
atg000001l_rc_rotated	4612	34
atg000001l_rc_rotated	4613	34
atg000001l_rc_rotated	4614	34
atg000001l_rc_rotated	4615	34
atg000001l_rc_rotated	4616	34
atg000001l_rc_rotated	4617	34
atg000001l_rc_rotated	4618	34
atg000001l_rc_rotated	4619	34
atg000001l_rc_rotated	4620	34
atg000001l_rc_rotated	4621	34
atg000001l_rc_rotated	4622	34
atg000001l_rc_rotated	4623	34
atg000001l_rc_rotated	4624	34
atg000001l_rc_rotated	4625	34
atg000001l_rc_rotated	4626	34
atg000001l_rc_rotated	4627	34
atg000001l_rc_rotated	4628	34
atg000001l_rc_rotated	4629	34
atg000001l_rc_rotated	4630	34
atg000001l_rc_rotated	4631	34
atg000001l_rc_rotated	4632	34
atg000001l_rc_rotated	4633	34
atg000001l_rc_rotated	4634	34
atg000001l_rc_rotated	4635	34
atg000001l_rc_rotated	4636	34
atg000001l_rc_rotated	4637	34
atg000001l_rc_rotated	4638	34
atg000001l_rc_rotated	4639	34
atg000001l_rc_rotated	4640	34
atg000001l_rc_rotated	4641	34
atg000001l_rc_rotated	4642	34
atg000001l_rc_rotated	4643	34
atg000001l_rc_rotated	4644	34
atg000001l_rc_rotated	4645	34
atg000001l_rc_rotated	4646	34
atg000001l_rc_rotated	4647	34
atg000001l_rc_rotated	4648	34
atg000001l_rc_rotated	4649	34
atg000001l_rc_rotated	4650	34
atg000001l_rc_rotated	4651	34
atg000001l_rc_rotated	4652	34
atg000001l_rc_rotated	4653	34
atg000001l_rc_rotated	4654	34
atg000001l_rc_rotated	4655	34
atg000001l_rc_rotated	4656	34
atg000001l_rc_rotated	4657	34
atg000001l_rc_rotated	4658	34
atg000001l_rc_rotated	4659	34
atg000001l_rc_rotated	4660	34
atg000001l_rc_rotated	4661	34
atg000001l_rc_rotated	4662	34
atg000001l_rc_rotated	4663	34
atg000001l_rc_rotated	4664	34
atg000001l_rc_rotated	4665	34
atg000001l_rc_rotated	4666	34
atg000001l_rc_rotated	4667	34
atg000001l_rc_rotated	4668	34
atg000001l_rc_rotated	4669	34
atg000001l_rc_rotated	4670	34
atg000001l_rc_rotated	4671	34
atg000001l_rc_rotated	4672	34
atg000001l_rc_rotated	4673	34
atg000001l_rc_rotated	4674	34
atg000001l_rc_rotated	4675	34
atg000001l_rc_rotated	4676	34
atg000001l_rc_rotated	4677	34
atg000001l_rc_rotated	4678	34
atg000001l_rc_rotated	4679	34
atg000001l_rc_rotated	4680	34
atg000001l_rc_rotated	4681	34
atg000001l_rc_rotated	4682	34
atg000001l_rc_rotated	4683	34
atg000001l_rc_rotated	4684	34
atg000001l_rc_rotated	4685	34
atg000001l_rc_rotated	4686	34
atg000001l_rc_rotated	4687	34
atg000001l_rc_rotated	4688	34
atg000001l_rc_rotated	4689	34
atg000001l_rc_rotated	4690	34
atg000001l_rc_rotated	4691	34
atg000001l_rc_rotated	4692	34
atg000001l_rc_rotated	4693	34
atg000001l_rc_rotated	4694	34
atg000001l_rc_rotated	4695	34
atg000001l_rc_rotated	4696	34
atg000001l_rc_rotated	4697	34
atg000001l_rc_rotated	4698	34
atg000001l_rc_rotated	4699	34
atg000001l_rc_rotated	4700	34
atg000001l_rc_rotated	4701	34
atg000001l_rc_rotated	4702	34
atg000001l_rc_rotated	4703	34
atg000001l_rc_rotated	4704	34
atg000001l_rc_rotated	4705	34
atg000001l_rc_rotated	4706	34
atg000001l_rc_rotated	4707	34
atg000001l_rc_rotated	4708	34
atg000001l_rc_rotated	4709	34
atg000001l_rc_rotated	4710	34
atg000001l_rc_rotated	4711	34
atg000001l_rc_rotated	4712	34
atg000001l_rc_rotated	4713	34
atg000001l_rc_rotated	4714	34
atg000001l_rc_rotated	4715	34
atg000001l_rc_rotated	4716	34
atg000001l_rc_rotated	4717	34
atg000001l_rc_rotated	4718	34
atg000001l_rc_rotated	4719	34
atg000001l_rc_rotated	4720	34
atg000001l_rc_rotated	4721	34
atg000001l_rc_rotated	4722	34
atg000001l_rc_rotated	4723	34
atg000001l_rc_rotated	4724	34
atg000001l_rc_rotated	4725	34
atg000001l_rc_rotated	4726	34
atg000001l_rc_rotated	4727	34
atg000001l_rc_rotated	4728	34
atg000001l_rc_rotated	4729	34
atg000001l_rc_rotated	4730	34
atg000001l_rc_rotated	4731	34
atg000001l_rc_rotated	4732	34
atg000001l_rc_rotated	4733	34
atg000001l_rc_rotated	4734	34
atg000001l_rc_rotated	4735	34
atg000001l_rc_rotated	4736	34
atg000001l_rc_rotated	4737	34
atg000001l_rc_rotated	4738	34
atg000001l_rc_rotated	4739	34
atg000001l_rc_rotated	4740	34
atg000001l_rc_rotated	4741	34
atg000001l_rc_rotated	4742	34
atg000001l_rc_rotated	4743	34
atg000001l_rc_rotated	4744	34
atg000001l_rc_rotated	4745	34
atg000001l_rc_rotated	4746	34
atg000001l_rc_rotated	4747	34
atg000001l_rc_rotated	4748	34
atg000001l_rc_rotated	4749	34
atg000001l_rc_rotated	4750	34
atg000001l_rc_rotated	4751	34
atg000001l_rc_rotated	4752	34
atg000001l_rc_rotated	4753	34
atg000001l_rc_rotated	4754	34
atg000001l_rc_rotated	4755	34
atg000001l_rc_rotated	4756	34
atg000001l_rc_rotated	4757	34
atg000001l_rc_rotated	4758	34
atg000001l_rc_rotated	4759	34
atg000001l_rc_rotated	4760	34
atg000001l_rc_rotated	4761	34
atg000001l_rc_rotated	4762	34
atg000001l_rc_rotated	4763	34
atg000001l_rc_rotated	4764	34
atg000001l_rc_rotated	4765	34
atg000001l_rc_rotated	4766	34
atg000001l_rc_rotated	4767	34
atg000001l_rc_rotated	4768	34
atg000001l_rc_rotated	4769	34
atg000001l_rc_rotated	4770	34
atg000001l_rc_rotated	4771	34
atg000001l_rc_rotated	4772	34
atg000001l_rc_rotated	4773	34
atg000001l_rc_rotated	4774	34
atg000001l_rc_rotated	4775	34
atg000001l_rc_rotated	4776	34
atg000001l_rc_rotated	4777	34
atg000001l_rc_rotated	4778	34
atg000001l_rc_rotated	4779	34
atg000001l_rc_rotated	4780	34
atg000001l_rc_rotated	4781	34
atg000001l_rc_rotated	4782	34
atg000001l_rc_rotated	4783	34
atg000001l_rc_rotated	4784	34
atg000001l_rc_rotated	4785	34
atg000001l_rc_rotated	4786	34
atg000001l_rc_rotated	4787	34
atg000001l_rc_rotated	4788	34
atg000001l_rc_rotated	4789	34
atg000001l_rc_rotated	4790	34
atg000001l_rc_rotated	4791	34
atg000001l_rc_rotated	4792	34
atg000001l_rc_rotated	4793	34
atg000001l_rc_rotated	4794	34
atg000001l_rc_rotated	4795	34
atg000001l_rc_rotated	4796	34
atg000001l_rc_rotated	4797	34
atg000001l_rc_rotated	4798	34
atg000001l_rc_rotated	4799	34
atg000001l_rc_rotated	4800	34
atg000001l_rc_rotated	4801	34
atg000001l_rc_rotated	4802	34
atg000001l_rc_rotated	4803	34
atg000001l_rc_rotated	4804	34
atg000001l_rc_rotated	4805	34
atg000001l_rc_rotated	4806	34
atg000001l_rc_rotated	4807	34
atg000001l_rc_rotated	4808	34
atg000001l_rc_rotated	4809	34
atg000001l_rc_rotated	4810	34
atg000001l_rc_rotated	4811	34
atg000001l_rc_rotated	4812	34
atg000001l_rc_rotated	4813	34
atg000001l_rc_rotated	4814	34
atg000001l_rc_rotated	4815	34
atg000001l_rc_rotated	4816	34
atg000001l_rc_rotated	4817	34
atg000001l_rc_rotated	4818	34
atg000001l_rc_rotated	4819	34
atg000001l_rc_rotated	4820	34
atg000001l_rc_rotated	4821	34
atg000001l_rc_rotated	4822	34
atg000001l_rc_rotated	4823	34
atg000001l_rc_rotated	4824	34
atg000001l_rc_rotated	4825	34
atg000001l_rc_rotated	4826	34
atg000001l_rc_rotated	4827	34
atg000001l_rc_rotated	4828	34
atg000001l_rc_rotated	4829	34
atg000001l_rc_rotated	4830	34
atg000001l_rc_rotated	4831	34
atg000001l_rc_rotated	4832	34
atg000001l_rc_rotated	4833	34
atg000001l_rc_rotated	4834	34
atg000001l_rc_rotated	4835	34
atg000001l_rc_rotated	4836	34
atg000001l_rc_rotated	4837	34
atg000001l_rc_rotated	4838	34
atg000001l_rc_rotated	4839	34
atg000001l_rc_rotated	4840	34
atg000001l_rc_rotated	4841	34
atg000001l_rc_rotated	4842	34
atg000001l_rc_rotated	4843	34
atg000001l_rc_rotated	4844	34
atg000001l_rc_rotated	4845	34
atg000001l_rc_rotated	4846	34
atg000001l_rc_rotated	4847	34
atg000001l_rc_rotated	4848	34
atg000001l_rc_rotated	4849	34
atg000001l_rc_rotated	4850	34
atg000001l_rc_rotated	4851	34
atg000001l_rc_rotated	4852	34
atg000001l_rc_rotated	4853	34
atg000001l_rc_rotated	4854	34
atg000001l_rc_rotated	4855	34
atg000001l_rc_rotated	4856	34
atg000001l_rc_rotated	4857	34
atg000001l_rc_rotated	4858	34
atg000001l_rc_rotated	4859	34
atg000001l_rc_rotated	4860	34
atg000001l_rc_rotated	4861	34
atg000001l_rc_rotated	4862	34
atg000001l_rc_rotated	4863	34
atg000001l_rc_rotated	4864	34
atg000001l_rc_rotated	4865	34
atg000001l_rc_rotated	4866	34
atg000001l_rc_rotated	4867	34
atg000001l_rc_rotated	4868	34
atg000001l_rc_rotated	4869	34
atg000001l_rc_rotated	4870	34
atg000001l_rc_rotated	4871	34
atg000001l_rc_rotated	4872	34
atg000001l_rc_rotated	4873	34
atg000001l_rc_rotated	4874	34
atg000001l_rc_rotated	4875	34
atg000001l_rc_rotated	4876	34
atg000001l_rc_rotated	4877	34
atg000001l_rc_rotated	4878	34
atg000001l_rc_rotated	4879	34
atg000001l_rc_rotated	4880	34
atg000001l_rc_rotated	4881	34
atg000001l_rc_rotated	4882	34
atg000001l_rc_rotated	4883	34
atg000001l_rc_rotated	4884	34
atg000001l_rc_rotated	4885	34
atg000001l_rc_rotated	4886	34
atg000001l_rc_rotated	4887	34
atg000001l_rc_rotated	4888	34
atg000001l_rc_rotated	4889	34
atg000001l_rc_rotated	4890	34
atg000001l_rc_rotated	4891	34
atg000001l_rc_rotated	4892	34
atg000001l_rc_rotated	4893	34
atg000001l_rc_rotated	4894	34
atg000001l_rc_rotated	4895	34
atg000001l_rc_rotated	4896	34
atg000001l_rc_rotated	4897	34
atg000001l_rc_rotated	4898	34
atg000001l_rc_rotated	4899	34
atg000001l_rc_rotated	4900	34
atg000001l_rc_rotated	4901	34
atg000001l_rc_rotated	4902	34
atg000001l_rc_rotated	4903	34
atg000001l_rc_rotated	4904	34
atg000001l_rc_rotated	4905	34
atg000001l_rc_rotated	4906	34
atg000001l_rc_rotated	4907	34
atg000001l_rc_rotated	4908	34
atg000001l_rc_rotated	4909	34
atg000001l_rc_rotated	4910	34
atg000001l_rc_rotated	4911	34
atg000001l_rc_rotated	4912	34
atg000001l_rc_rotated	4913	34
atg000001l_rc_rotated	4914	34
atg000001l_rc_rotated	4915	34
atg000001l_rc_rotated	4916	34
atg000001l_rc_rotated	4917	34
atg000001l_rc_rotated	4918	34
atg000001l_rc_rotated	4919	34
atg000001l_rc_rotated	4920	34
atg000001l_rc_rotated	4921	34
atg000001l_rc_rotated	4922	34
atg000001l_rc_rotated	4923	34
atg000001l_rc_rotated	4924	34
atg000001l_rc_rotated	4925	34
atg000001l_rc_rotated	4926	34
atg000001l_rc_rotated	4927	34
atg000001l_rc_rotated	4928	34
atg000001l_rc_rotated	4929	34
atg000001l_rc_rotated	4930	34
atg000001l_rc_rotated	4931	34
atg000001l_rc_rotated	4932	34
atg000001l_rc_rotated	4933	34
atg000001l_rc_rotated	4934	34
atg000001l_rc_rotated	4935	34
atg000001l_rc_rotated	4936	34
atg000001l_rc_rotated	4937	34
atg000001l_rc_rotated	4938	34
atg000001l_rc_rotated	4939	34
atg000001l_rc_rotated	4940	34
atg000001l_rc_rotated	4941	34
atg000001l_rc_rotated	4942	34
atg000001l_rc_rotated	4943	34
atg000001l_rc_rotated	4944	34
atg000001l_rc_rotated	4945	34
atg000001l_rc_rotated	4946	34
atg000001l_rc_rotated	4947	34
atg000001l_rc_rotated	4948	34
atg000001l_rc_rotated	4949	34
atg000001l_rc_rotated	4950	34
atg000001l_rc_rotated	4951	34
atg000001l_rc_rotated	4952	34
atg000001l_rc_rotated	4953	34
atg000001l_rc_rotated	4954	34
atg000001l_rc_rotated	4955	34
atg000001l_rc_rotated	4956	34
atg000001l_rc_rotated	4957	34
atg000001l_rc_rotated	4958	34
atg000001l_rc_rotated	4959	34
atg000001l_rc_rotated	4960	34
atg000001l_rc_rotated	4961	34
atg000001l_rc_rotated	4962	34
atg000001l_rc_rotated	4963	34
atg000001l_rc_rotated	4964	34
atg000001l_rc_rotated	4965	34
atg000001l_rc_rotated	4966	34
atg000001l_rc_rotated	4967	34
atg000001l_rc_rotated	4968	34
atg000001l_rc_rotated	4969	34
atg000001l_rc_rotated	4970	34
atg000001l_rc_rotated	4971	34
atg000001l_rc_rotated	4972	34
atg000001l_rc_rotated	4973	34
atg000001l_rc_rotated	4974	34
atg000001l_rc_rotated	4975	34
atg000001l_rc_rotated	4976	34
atg000001l_rc_rotated	4977	34
atg000001l_rc_rotated	4978	34
atg000001l_rc_rotated	4979	34
atg000001l_rc_rotated	4980	34
atg000001l_rc_rotated	4981	34
atg000001l_rc_rotated	4982	34
atg000001l_rc_rotated	4983	34
atg000001l_rc_rotated	4984	34
atg000001l_rc_rotated	4985	34
atg000001l_rc_rotated	4986	34
atg000001l_rc_rotated	4987	34
atg000001l_rc_rotated	4988	34
atg000001l_rc_rotated	4989	34
atg000001l_rc_rotated	4990	34
atg000001l_rc_rotated	4991	34
atg000001l_rc_rotated	4992	34
atg000001l_rc_rotated	4993	34
atg000001l_rc_rotated	4994	34
atg000001l_rc_rotated	4995	34
atg000001l_rc_rotated	4996	34
atg000001l_rc_rotated	4997	34
atg000001l_rc_rotated	4998	34
atg000001l_rc_rotated	4999	34
atg000001l_rc_rotated	5000	34
atg000001l_rc_rotated	5001	34
atg000001l_rc_rotated	5002	34
atg000001l_rc_rotated	5003	34
atg000001l_rc_rotated	5004	34
atg000001l_rc_rotated	5005	34
atg000001l_rc_rotated	5006	34
atg000001l_rc_rotated	5007	34
atg000001l_rc_rotated	5008	34
atg000001l_rc_rotated	5009	34
atg000001l_rc_rotated	5010	34
atg000001l_rc_rotated	5011	34
atg000001l_rc_rotated	5012	34
atg000001l_rc_rotated	5013	34
atg000001l_rc_rotated	5014	34
atg000001l_rc_rotated	5015	34
atg000001l_rc_rotated	5016	34
atg000001l_rc_rotated	5017	34
atg000001l_rc_rotated	5018	34
atg000001l_rc_rotated	5019	34
atg000001l_rc_rotated	5020	34
atg000001l_rc_rotated	5021	34
atg000001l_rc_rotated	5022	34
atg000001l_rc_rotated	5023	34
atg000001l_rc_rotated	5024	34
atg000001l_rc_rotated	5025	34
atg000001l_rc_rotated	5026	34
atg000001l_rc_rotated	5027	34
atg000001l_rc_rotated	5028	34
atg000001l_rc_rotated	5029	34
atg000001l_rc_rotated	5030	34
atg000001l_rc_rotated	5031	34
atg000001l_rc_rotated	5032	34
atg000001l_rc_rotated	5033	34
atg000001l_rc_rotated	5034	34
atg000001l_rc_rotated	5035	34
atg000001l_rc_rotated	5036	34
atg000001l_rc_rotated	5037	34
atg000001l_rc_rotated	5038	34
atg000001l_rc_rotated	5039	34
atg000001l_rc_rotated	5040	34
atg000001l_rc_rotated	5041	34
atg000001l_rc_rotated	5042	34
atg000001l_rc_rotated	5043	34
atg000001l_rc_rotated	5044	34
atg000001l_rc_rotated	5045	34
atg000001l_rc_rotated	5046	34
atg000001l_rc_rotated	5047	34
atg000001l_rc_rotated	5048	34
atg000001l_rc_rotated	5049	34
atg000001l_rc_rotated	5050	34
atg000001l_rc_rotated	5051	34
atg000001l_rc_rotated	5052	34
atg000001l_rc_rotated	5053	34
atg000001l_rc_rotated	5054	34
atg000001l_rc_rotated	5055	34
atg000001l_rc_rotated	5056	34
atg000001l_rc_rotated	5057	34
atg000001l_rc_rotated	5058	34
atg000001l_rc_rotated	5059	34
atg000001l_rc_rotated	5060	34
atg000001l_rc_rotated	5061	34
atg000001l_rc_rotated	5062	34
atg000001l_rc_rotated	5063	34
atg000001l_rc_rotated	5064	34
atg000001l_rc_rotated	5065	34
atg000001l_rc_rotated	5066	34
atg000001l_rc_rotated	5067	34
atg000001l_rc_rotated	5068	34
atg000001l_rc_rotated	5069	34
atg000001l_rc_rotated	5070	34
atg000001l_rc_rotated	5071	34
atg000001l_rc_rotated	5072	34
atg000001l_rc_rotated	5073	34
atg000001l_rc_rotated	5074	34
atg000001l_rc_rotated	5075	34
atg000001l_rc_rotated	5076	34
atg000001l_rc_rotated	5077	34
atg000001l_rc_rotated	5078	34
atg000001l_rc_rotated	5079	34
atg000001l_rc_rotated	5080	34
atg000001l_rc_rotated	5081	34
atg000001l_rc_rotated	5082	34
atg000001l_rc_rotated	5083	34
atg000001l_rc_rotated	5084	34
atg000001l_rc_rotated	5085	34
atg000001l_rc_rotated	5086	34
atg000001l_rc_rotated	5087	34
atg000001l_rc_rotated	5088	34
atg000001l_rc_rotated	5089	34
atg000001l_rc_rotated	5090	34
atg000001l_rc_rotated	5091	34
atg000001l_rc_rotated	5092	34
atg000001l_rc_rotated	5093	34
atg000001l_rc_rotated	5094	34
atg000001l_rc_rotated	5095	34
atg000001l_rc_rotated	5096	34
atg000001l_rc_rotated	5097	34
atg000001l_rc_rotated	5098	34
atg000001l_rc_rotated	5099	34
atg000001l_rc_rotated	5100	34
atg000001l_rc_rotated	5101	34
atg000001l_rc_rotated	5102	34
atg000001l_rc_rotated	5103	34
atg000001l_rc_rotated	5104	34
atg000001l_rc_rotated	5105	34
atg000001l_rc_rotated	5106	34
atg000001l_rc_rotated	5107	34
atg000001l_rc_rotated	5108	34
atg000001l_rc_rotated	5109	34
atg000001l_rc_rotated	5110	34
atg000001l_rc_rotated	5111	34
atg000001l_rc_rotated	5112	34
atg000001l_rc_rotated	5113	34
atg000001l_rc_rotated	5114	34
atg000001l_rc_rotated	5115	34
atg000001l_rc_rotated	5116	34
atg000001l_rc_rotated	5117	34
atg000001l_rc_rotated	5118	34
atg000001l_rc_rotated	5119	34
atg000001l_rc_rotated	5120	34
atg000001l_rc_rotated	5121	34
atg000001l_rc_rotated	5122	34
atg000001l_rc_rotated	5123	34
atg000001l_rc_rotated	5124	34
atg000001l_rc_rotated	5125	34
atg000001l_rc_rotated	5126	34
atg000001l_rc_rotated	5127	34
atg000001l_rc_rotated	5128	34
atg000001l_rc_rotated	5129	34
atg000001l_rc_rotated	5130	34
atg000001l_rc_rotated	5131	34
atg000001l_rc_rotated	5132	34
atg000001l_rc_rotated	5133	34
atg000001l_rc_rotated	5134	34
atg000001l_rc_rotated	5135	34
atg000001l_rc_rotated	5136	34
atg000001l_rc_rotated	5137	34
atg000001l_rc_rotated	5138	34
atg000001l_rc_rotated	5139	34
atg000001l_rc_rotated	5140	34
atg000001l_rc_rotated	5141	34
atg000001l_rc_rotated	5142	34
atg000001l_rc_rotated	5143	34
atg000001l_rc_rotated	5144	34
atg000001l_rc_rotated	5145	34
atg000001l_rc_rotated	5146	34
atg000001l_rc_rotated	5147	34
atg000001l_rc_rotated	5148	34
atg000001l_rc_rotated	5149	34
atg000001l_rc_rotated	5150	34
atg000001l_rc_rotated	5151	34
atg000001l_rc_rotated	5152	34
atg000001l_rc_rotated	5153	34
atg000001l_rc_rotated	5154	34
atg000001l_rc_rotated	5155	34
atg000001l_rc_rotated	5156	34
atg000001l_rc_rotated	5157	34
atg000001l_rc_rotated	5158	34
atg000001l_rc_rotated	5159	34
atg000001l_rc_rotated	5160	34
atg000001l_rc_rotated	5161	34
atg000001l_rc_rotated	5162	34
atg000001l_rc_rotated	5163	34
atg000001l_rc_rotated	5164	34
atg000001l_rc_rotated	5165	34
atg000001l_rc_rotated	5166	34
atg000001l_rc_rotated	5167	34
atg000001l_rc_rotated	5168	34
atg000001l_rc_rotated	5169	34
atg000001l_rc_rotated	5170	34
atg000001l_rc_rotated	5171	34
atg000001l_rc_rotated	5172	34
atg000001l_rc_rotated	5173	34
atg000001l_rc_rotated	5174	34
atg000001l_rc_rotated	5175	34
atg000001l_rc_rotated	5176	34
atg000001l_rc_rotated	5177	34
atg000001l_rc_rotated	5178	34
atg000001l_rc_rotated	5179	34
atg000001l_rc_rotated	5180	34
atg000001l_rc_rotated	5181	34
atg000001l_rc_rotated	5182	34
atg000001l_rc_rotated	5183	34
atg000001l_rc_rotated	5184	34
atg000001l_rc_rotated	5185	34
atg000001l_rc_rotated	5186	34
atg000001l_rc_rotated	5187	34
atg000001l_rc_rotated	5188	34
atg000001l_rc_rotated	5189	34
atg000001l_rc_rotated	5190	34
atg000001l_rc_rotated	5191	34
atg000001l_rc_rotated	5192	34
atg000001l_rc_rotated	5193	34
atg000001l_rc_rotated	5194	34
atg000001l_rc_rotated	5195	34
atg000001l_rc_rotated	5196	34
atg000001l_rc_rotated	5197	34
atg000001l_rc_rotated	5198	34
atg000001l_rc_rotated	5199	34
atg000001l_rc_rotated	5200	34
atg000001l_rc_rotated	5201	34
atg000001l_rc_rotated	5202	34
atg000001l_rc_rotated	5203	34
atg000001l_rc_rotated	5204	34
atg000001l_rc_rotated	5205	34
atg000001l_rc_rotated	5206	34
atg000001l_rc_rotated	5207	34
atg000001l_rc_rotated	5208	34
atg000001l_rc_rotated	5209	34
atg000001l_rc_rotated	5210	34
atg000001l_rc_rotated	5211	34
atg000001l_rc_rotated	5212	34
atg000001l_rc_rotated	5213	34
atg000001l_rc_rotated	5214	34
atg000001l_rc_rotated	5215	34
atg000001l_rc_rotated	5216	34
atg000001l_rc_rotated	5217	34
atg000001l_rc_rotated	5218	34
atg000001l_rc_rotated	5219	34
atg000001l_rc_rotated	5220	34
atg000001l_rc_rotated	5221	34
atg000001l_rc_rotated	5222	34
atg000001l_rc_rotated	5223	34
atg000001l_rc_rotated	5224	34
atg000001l_rc_rotated	5225	34
atg000001l_rc_rotated	5226	34
atg000001l_rc_rotated	5227	34
atg000001l_rc_rotated	5228	34
atg000001l_rc_rotated	5229	34
atg000001l_rc_rotated	5230	34
atg000001l_rc_rotated	5231	34
atg000001l_rc_rotated	5232	34
atg000001l_rc_rotated	5233	34
atg000001l_rc_rotated	5234	34
atg000001l_rc_rotated	5235	34
atg000001l_rc_rotated	5236	34
atg000001l_rc_rotated	5237	34
atg000001l_rc_rotated	5238	34
atg000001l_rc_rotated	5239	34
atg000001l_rc_rotated	5240	34
atg000001l_rc_rotated	5241	34
atg000001l_rc_rotated	5242	34
atg000001l_rc_rotated	5243	34
atg000001l_rc_rotated	5244	34
atg000001l_rc_rotated	5245	34
atg000001l_rc_rotated	5246	34
atg000001l_rc_rotated	5247	34
atg000001l_rc_rotated	5248	34
atg000001l_rc_rotated	5249	34
atg000001l_rc_rotated	5250	34
atg000001l_rc_rotated	5251	34
atg000001l_rc_rotated	5252	34
atg000001l_rc_rotated	5253	34
atg000001l_rc_rotated	5254	34
atg000001l_rc_rotated	5255	34
atg000001l_rc_rotated	5256	34
atg000001l_rc_rotated	5257	34
atg000001l_rc_rotated	5258	34
atg000001l_rc_rotated	5259	34
atg000001l_rc_rotated	5260	34
atg000001l_rc_rotated	5261	34
atg000001l_rc_rotated	5262	34
atg000001l_rc_rotated	5263	34
atg000001l_rc_rotated	5264	34
atg000001l_rc_rotated	5265	34
atg000001l_rc_rotated	5266	34
atg000001l_rc_rotated	5267	34
atg000001l_rc_rotated	5268	34
atg000001l_rc_rotated	5269	34
atg000001l_rc_rotated	5270	34
atg000001l_rc_rotated	5271	34
atg000001l_rc_rotated	5272	34
atg000001l_rc_rotated	5273	34
atg000001l_rc_rotated	5274	34
atg000001l_rc_rotated	5275	34
atg000001l_rc_rotated	5276	34
atg000001l_rc_rotated	5277	34
atg000001l_rc_rotated	5278	34
atg000001l_rc_rotated	5279	34
atg000001l_rc_rotated	5280	34
atg000001l_rc_rotated	5281	34
atg000001l_rc_rotated	5282	34
atg000001l_rc_rotated	5283	34
atg000001l_rc_rotated	5284	34
atg000001l_rc_rotated	5285	34
atg000001l_rc_rotated	5286	34
atg000001l_rc_rotated	5287	34
atg000001l_rc_rotated	5288	34
atg000001l_rc_rotated	5289	34
atg000001l_rc_rotated	5290	34
atg000001l_rc_rotated	5291	34
atg000001l_rc_rotated	5292	34
atg000001l_rc_rotated	5293	34
atg000001l_rc_rotated	5294	34
atg000001l_rc_rotated	5295	34
atg000001l_rc_rotated	5296	34
atg000001l_rc_rotated	5297	34
atg000001l_rc_rotated	5298	34
atg000001l_rc_rotated	5299	34
atg000001l_rc_rotated	5300	34
atg000001l_rc_rotated	5301	34
atg000001l_rc_rotated	5302	34
atg000001l_rc_rotated	5303	34
atg000001l_rc_rotated	5304	34
atg000001l_rc_rotated	5305	34
atg000001l_rc_rotated	5306	34
atg000001l_rc_rotated	5307	34
atg000001l_rc_rotated	5308	34
atg000001l_rc_rotated	5309	34
atg000001l_rc_rotated	5310	34
atg000001l_rc_rotated	5311	34
atg000001l_rc_rotated	5312	34
atg000001l_rc_rotated	5313	34
atg000001l_rc_rotated	5314	34
atg000001l_rc_rotated	5315	34
atg000001l_rc_rotated	5316	34
atg000001l_rc_rotated	5317	34
atg000001l_rc_rotated	5318	34
atg000001l_rc_rotated	5319	34
atg000001l_rc_rotated	5320	34
atg000001l_rc_rotated	5321	34
atg000001l_rc_rotated	5322	34
atg000001l_rc_rotated	5323	34
atg000001l_rc_rotated	5324	34
atg000001l_rc_rotated	5325	34
atg000001l_rc_rotated	5326	34
atg000001l_rc_rotated	5327	34
atg000001l_rc_rotated	5328	34
atg000001l_rc_rotated	5329	34
atg000001l_rc_rotated	5330	34
atg000001l_rc_rotated	5331	34
atg000001l_rc_rotated	5332	34
atg000001l_rc_rotated	5333	34
atg000001l_rc_rotated	5334	34
atg000001l_rc_rotated	5335	34
atg000001l_rc_rotated	5336	34
atg000001l_rc_rotated	5337	34
atg000001l_rc_rotated	5338	34
atg000001l_rc_rotated	5339	34
atg000001l_rc_rotated	5340	34
atg000001l_rc_rotated	5341	34
atg000001l_rc_rotated	5342	34
atg000001l_rc_rotated	5343	34
atg000001l_rc_rotated	5344	34
atg000001l_rc_rotated	5345	34
atg000001l_rc_rotated	5346	34
atg000001l_rc_rotated	5347	34
atg000001l_rc_rotated	5348	34
atg000001l_rc_rotated	5349	34
atg000001l_rc_rotated	5350	34
atg000001l_rc_rotated	5351	34
atg000001l_rc_rotated	5352	34
atg000001l_rc_rotated	5353	34
atg000001l_rc_rotated	5354	34
atg000001l_rc_rotated	5355	34
atg000001l_rc_rotated	5356	34
atg000001l_rc_rotated	5357	34
atg000001l_rc_rotated	5358	34
atg000001l_rc_rotated	5359	34
atg000001l_rc_rotated	5360	34
atg000001l_rc_rotated	5361	34
atg000001l_rc_rotated	5362	34
atg000001l_rc_rotated	5363	34
atg000001l_rc_rotated	5364	34
atg000001l_rc_rotated	5365	34
atg000001l_rc_rotated	5366	34
atg000001l_rc_rotated	5367	34
atg000001l_rc_rotated	5368	34
atg000001l_rc_rotated	5369	34
atg000001l_rc_rotated	5370	34
atg000001l_rc_rotated	5371	34
atg000001l_rc_rotated	5372	34
atg000001l_rc_rotated	5373	34
atg000001l_rc_rotated	5374	34
atg000001l_rc_rotated	5375	34
atg000001l_rc_rotated	5376	34
atg000001l_rc_rotated	5377	34
atg000001l_rc_rotated	5378	34
atg000001l_rc_rotated	5379	34
atg000001l_rc_rotated	5380	34
atg000001l_rc_rotated	5381	34
atg000001l_rc_rotated	5382	34
atg000001l_rc_rotated	5383	34
atg000001l_rc_rotated	5384	34
atg000001l_rc_rotated	5385	34
atg000001l_rc_rotated	5386	34
atg000001l_rc_rotated	5387	34
atg000001l_rc_rotated	5388	34
atg000001l_rc_rotated	5389	34
atg000001l_rc_rotated	5390	34
atg000001l_rc_rotated	5391	34
atg000001l_rc_rotated	5392	34
atg000001l_rc_rotated	5393	34
atg000001l_rc_rotated	5394	34
atg000001l_rc_rotated	5395	34
atg000001l_rc_rotated	5396	34
atg000001l_rc_rotated	5397	34
atg000001l_rc_rotated	5398	34
atg000001l_rc_rotated	5399	34
atg000001l_rc_rotated	5400	34
atg000001l_rc_rotated	5401	34
atg000001l_rc_rotated	5402	34
atg000001l_rc_rotated	5403	34
atg000001l_rc_rotated	5404	34
atg000001l_rc_rotated	5405	34
atg000001l_rc_rotated	5406	34
atg000001l_rc_rotated	5407	34
atg000001l_rc_rotated	5408	34
atg000001l_rc_rotated	5409	34
atg000001l_rc_rotated	5410	34
atg000001l_rc_rotated	5411	34
atg000001l_rc_rotated	5412	34
atg000001l_rc_rotated	5413	34
atg000001l_rc_rotated	5414	34
atg000001l_rc_rotated	5415	34
atg000001l_rc_rotated	5416	34
atg000001l_rc_rotated	5417	34
atg000001l_rc_rotated	5418	34
atg000001l_rc_rotated	5419	34
atg000001l_rc_rotated	5420	34
atg000001l_rc_rotated	5421	34
atg000001l_rc_rotated	5422	34
atg000001l_rc_rotated	5423	34
atg000001l_rc_rotated	5424	34
atg000001l_rc_rotated	5425	34
atg000001l_rc_rotated	5426	34
atg000001l_rc_rotated	5427	34
atg000001l_rc_rotated	5428	34
atg000001l_rc_rotated	5429	34
atg000001l_rc_rotated	5430	34
atg000001l_rc_rotated	5431	34
atg000001l_rc_rotated	5432	34
atg000001l_rc_rotated	5433	34
atg000001l_rc_rotated	5434	34
atg000001l_rc_rotated	5435	34
atg000001l_rc_rotated	5436	34
atg000001l_rc_rotated	5437	34
atg000001l_rc_rotated	5438	34
atg000001l_rc_rotated	5439	34
atg000001l_rc_rotated	5440	34
atg000001l_rc_rotated	5441	34
atg000001l_rc_rotated	5442	34
atg000001l_rc_rotated	5443	34
atg000001l_rc_rotated	5444	34
atg000001l_rc_rotated	5445	34
atg000001l_rc_rotated	5446	34
atg000001l_rc_rotated	5447	34
atg000001l_rc_rotated	5448	34
atg000001l_rc_rotated	5449	34
atg000001l_rc_rotated	5450	34
atg000001l_rc_rotated	5451	34
atg000001l_rc_rotated	5452	34
atg000001l_rc_rotated	5453	34
atg000001l_rc_rotated	5454	34
atg000001l_rc_rotated	5455	34
atg000001l_rc_rotated	5456	34
atg000001l_rc_rotated	5457	34
atg000001l_rc_rotated	5458	34
atg000001l_rc_rotated	5459	34
atg000001l_rc_rotated	5460	34
atg000001l_rc_rotated	5461	34
atg000001l_rc_rotated	5462	34
atg000001l_rc_rotated	5463	34
atg000001l_rc_rotated	5464	34
atg000001l_rc_rotated	5465	34
atg000001l_rc_rotated	5466	34
atg000001l_rc_rotated	5467	34
atg000001l_rc_rotated	5468	34
atg000001l_rc_rotated	5469	34
atg000001l_rc_rotated	5470	34
atg000001l_rc_rotated	5471	34
atg000001l_rc_rotated	5472	34
atg000001l_rc_rotated	5473	34
atg000001l_rc_rotated	5474	34
atg000001l_rc_rotated	5475	34
atg000001l_rc_rotated	5476	34
atg000001l_rc_rotated	5477	34
atg000001l_rc_rotated	5478	34
atg000001l_rc_rotated	5479	34
atg000001l_rc_rotated	5480	34
atg000001l_rc_rotated	5481	34
atg000001l_rc_rotated	5482	34
atg000001l_rc_rotated	5483	34
atg000001l_rc_rotated	5484	34
atg000001l_rc_rotated	5485	34
atg000001l_rc_rotated	5486	34
atg000001l_rc_rotated	5487	34
atg000001l_rc_rotated	5488	34
atg000001l_rc_rotated	5489	34
atg000001l_rc_rotated	5490	34
atg000001l_rc_rotated	5491	34
atg000001l_rc_rotated	5492	34
atg000001l_rc_rotated	5493	34
atg000001l_rc_rotated	5494	34
atg000001l_rc_rotated	5495	34
atg000001l_rc_rotated	5496	34
atg000001l_rc_rotated	5497	34
atg000001l_rc_rotated	5498	34
atg000001l_rc_rotated	5499	34
atg000001l_rc_rotated	5500	34
atg000001l_rc_rotated	5501	34
atg000001l_rc_rotated	5502	34
atg000001l_rc_rotated	5503	34
atg000001l_rc_rotated	5504	34
atg000001l_rc_rotated	5505	34
atg000001l_rc_rotated	5506	34
atg000001l_rc_rotated	5507	34
atg000001l_rc_rotated	5508	34
atg000001l_rc_rotated	5509	34
atg000001l_rc_rotated	5510	34
atg000001l_rc_rotated	5511	34
atg000001l_rc_rotated	5512	34
atg000001l_rc_rotated	5513	34
atg000001l_rc_rotated	5514	34
atg000001l_rc_rotated	5515	34
atg000001l_rc_rotated	5516	34
atg000001l_rc_rotated	5517	34
atg000001l_rc_rotated	5518	34
atg000001l_rc_rotated	5519	34
atg000001l_rc_rotated	5520	34
atg000001l_rc_rotated	5521	34
atg000001l_rc_rotated	5522	34
atg000001l_rc_rotated	5523	34
atg000001l_rc_rotated	5524	34
atg000001l_rc_rotated	5525	34
atg000001l_rc_rotated	5526	34
atg000001l_rc_rotated	5527	34
atg000001l_rc_rotated	5528	34
atg000001l_rc_rotated	5529	34
atg000001l_rc_rotated	5530	34
atg000001l_rc_rotated	5531	34
atg000001l_rc_rotated	5532	34
atg000001l_rc_rotated	5533	34
atg000001l_rc_rotated	5534	34
atg000001l_rc_rotated	5535	34
atg000001l_rc_rotated	5536	34
atg000001l_rc_rotated	5537	34
atg000001l_rc_rotated	5538	34
atg000001l_rc_rotated	5539	34
atg000001l_rc_rotated	5540	34
atg000001l_rc_rotated	5541	34
atg000001l_rc_rotated	5542	34
atg000001l_rc_rotated	5543	34
atg000001l_rc_rotated	5544	34
atg000001l_rc_rotated	5545	34
atg000001l_rc_rotated	5546	34
atg000001l_rc_rotated	5547	34
atg000001l_rc_rotated	5548	34
atg000001l_rc_rotated	5549	34
atg000001l_rc_rotated	5550	34
atg000001l_rc_rotated	5551	34
atg000001l_rc_rotated	5552	34
atg000001l_rc_rotated	5553	34
atg000001l_rc_rotated	5554	34
atg000001l_rc_rotated	5555	34
atg000001l_rc_rotated	5556	34
atg000001l_rc_rotated	5557	34
atg000001l_rc_rotated	5558	34
atg000001l_rc_rotated	5559	34
atg000001l_rc_rotated	5560	34
atg000001l_rc_rotated	5561	34
atg000001l_rc_rotated	5562	34
atg000001l_rc_rotated	5563	34
atg000001l_rc_rotated	5564	34
atg000001l_rc_rotated	5565	34
atg000001l_rc_rotated	5566	34
atg000001l_rc_rotated	5567	34
atg000001l_rc_rotated	5568	34
atg000001l_rc_rotated	5569	34
atg000001l_rc_rotated	5570	34
atg000001l_rc_rotated	5571	34
atg000001l_rc_rotated	5572	34
atg000001l_rc_rotated	5573	34
atg000001l_rc_rotated	5574	34
atg000001l_rc_rotated	5575	34
atg000001l_rc_rotated	5576	34
atg000001l_rc_rotated	5577	34
atg000001l_rc_rotated	5578	34
atg000001l_rc_rotated	5579	34
atg000001l_rc_rotated	5580	34
atg000001l_rc_rotated	5581	34
atg000001l_rc_rotated	5582	34
atg000001l_rc_rotated	5583	34
atg000001l_rc_rotated	5584	34
atg000001l_rc_rotated	5585	34
atg000001l_rc_rotated	5586	34
atg000001l_rc_rotated	5587	34
atg000001l_rc_rotated	5588	34
atg000001l_rc_rotated	5589	34
atg000001l_rc_rotated	5590	34
atg000001l_rc_rotated	5591	34
atg000001l_rc_rotated	5592	34
atg000001l_rc_rotated	5593	34
atg000001l_rc_rotated	5594	34
atg000001l_rc_rotated	5595	34
atg000001l_rc_rotated	5596	34
atg000001l_rc_rotated	5597	34
atg000001l_rc_rotated	5598	34
atg000001l_rc_rotated	5599	34
atg000001l_rc_rotated	5600	34
atg000001l_rc_rotated	5601	34
atg000001l_rc_rotated	5602	34
atg000001l_rc_rotated	5603	34
atg000001l_rc_rotated	5604	34
atg000001l_rc_rotated	5605	34
atg000001l_rc_rotated	5606	34
atg000001l_rc_rotated	5607	34
atg000001l_rc_rotated	5608	34
atg000001l_rc_rotated	5609	34
atg000001l_rc_rotated	5610	34
atg000001l_rc_rotated	5611	34
atg000001l_rc_rotated	5612	34
atg000001l_rc_rotated	5613	34
atg000001l_rc_rotated	5614	34
atg000001l_rc_rotated	5615	34
atg000001l_rc_rotated	5616	34
atg000001l_rc_rotated	5617	34
atg000001l_rc_rotated	5618	34
atg000001l_rc_rotated	5619	34
atg000001l_rc_rotated	5620	34
atg000001l_rc_rotated	5621	34
atg000001l_rc_rotated	5622	34
atg000001l_rc_rotated	5623	34
atg000001l_rc_rotated	5624	34
atg000001l_rc_rotated	5625	34
atg000001l_rc_rotated	5626	34
atg000001l_rc_rotated	5627	34
atg000001l_rc_rotated	5628	34
atg000001l_rc_rotated	5629	34
atg000001l_rc_rotated	5630	34
atg000001l_rc_rotated	5631	34
atg000001l_rc_rotated	5632	34
atg000001l_rc_rotated	5633	34
atg000001l_rc_rotated	5634	34
atg000001l_rc_rotated	5635	34
atg000001l_rc_rotated	5636	34
atg000001l_rc_rotated	5637	34
atg000001l_rc_rotated	5638	34
atg000001l_rc_rotated	5639	34
atg000001l_rc_rotated	5640	34
atg000001l_rc_rotated	5641	34
atg000001l_rc_rotated	5642	34
atg000001l_rc_rotated	5643	34
atg000001l_rc_rotated	5644	34
atg000001l_rc_rotated	5645	34
atg000001l_rc_rotated	5646	34
atg000001l_rc_rotated	5647	34
atg000001l_rc_rotated	5648	34
atg000001l_rc_rotated	5649	34
atg000001l_rc_rotated	5650	34
atg000001l_rc_rotated	5651	34
atg000001l_rc_rotated	5652	34
atg000001l_rc_rotated	5653	34
atg000001l_rc_rotated	5654	34
atg000001l_rc_rotated	5655	34
atg000001l_rc_rotated	5656	34
atg000001l_rc_rotated	5657	34
atg000001l_rc_rotated	5658	34
atg000001l_rc_rotated	5659	34
atg000001l_rc_rotated	5660	34
atg000001l_rc_rotated	5661	34
atg000001l_rc_rotated	5662	34
atg000001l_rc_rotated	5663	34
atg000001l_rc_rotated	5664	34
atg000001l_rc_rotated	5665	34
atg000001l_rc_rotated	5666	34
atg000001l_rc_rotated	5667	34
atg000001l_rc_rotated	5668	34
atg000001l_rc_rotated	5669	34
atg000001l_rc_rotated	5670	34
atg000001l_rc_rotated	5671	34
atg000001l_rc_rotated	5672	34
atg000001l_rc_rotated	5673	34
atg000001l_rc_rotated	5674	34
atg000001l_rc_rotated	5675	34
atg000001l_rc_rotated	5676	34
atg000001l_rc_rotated	5677	34
atg000001l_rc_rotated	5678	34
atg000001l_rc_rotated	5679	34
atg000001l_rc_rotated	5680	34
atg000001l_rc_rotated	5681	34
atg000001l_rc_rotated	5682	34
atg000001l_rc_rotated	5683	34
atg000001l_rc_rotated	5684	34
atg000001l_rc_rotated	5685	34
atg000001l_rc_rotated	5686	34
atg000001l_rc_rotated	5687	34
atg000001l_rc_rotated	5688	34
atg000001l_rc_rotated	5689	34
atg000001l_rc_rotated	5690	34
atg000001l_rc_rotated	5691	34
atg000001l_rc_rotated	5692	34
atg000001l_rc_rotated	5693	34
atg000001l_rc_rotated	5694	34
atg000001l_rc_rotated	5695	34
atg000001l_rc_rotated	5696	34
atg000001l_rc_rotated	5697	34
atg000001l_rc_rotated	5698	34
atg000001l_rc_rotated	5699	34
atg000001l_rc_rotated	5700	34
atg000001l_rc_rotated	5701	34
atg000001l_rc_rotated	5702	34
atg000001l_rc_rotated	5703	34
atg000001l_rc_rotated	5704	34
atg000001l_rc_rotated	5705	34
atg000001l_rc_rotated	5706	34
atg000001l_rc_rotated	5707	34
atg000001l_rc_rotated	5708	34
atg000001l_rc_rotated	5709	34
atg000001l_rc_rotated	5710	34
atg000001l_rc_rotated	5711	34
atg000001l_rc_rotated	5712	34
atg000001l_rc_rotated	5713	34
atg000001l_rc_rotated	5714	34
atg000001l_rc_rotated	5715	34
atg000001l_rc_rotated	5716	34
atg000001l_rc_rotated	5717	34
atg000001l_rc_rotated	5718	34
atg000001l_rc_rotated	5719	34
atg000001l_rc_rotated	5720	34
atg000001l_rc_rotated	5721	34
atg000001l_rc_rotated	5722	34
atg000001l_rc_rotated	5723	34
atg000001l_rc_rotated	5724	34
atg000001l_rc_rotated	5725	34
atg000001l_rc_rotated	5726	34
atg000001l_rc_rotated	5727	34
atg000001l_rc_rotated	5728	34
atg000001l_rc_rotated	5729	34
atg000001l_rc_rotated	5730	34
atg000001l_rc_rotated	5731	34
atg000001l_rc_rotated	5732	34
atg000001l_rc_rotated	5733	34
atg000001l_rc_rotated	5734	34
atg000001l_rc_rotated	5735	34
atg000001l_rc_rotated	5736	34
atg000001l_rc_rotated	5737	34
atg000001l_rc_rotated	5738	34
atg000001l_rc_rotated	5739	34
atg000001l_rc_rotated	5740	34
atg000001l_rc_rotated	5741	34
atg000001l_rc_rotated	5742	34
atg000001l_rc_rotated	5743	34
atg000001l_rc_rotated	5744	34
atg000001l_rc_rotated	5745	34
atg000001l_rc_rotated	5746	34
atg000001l_rc_rotated	5747	34
atg000001l_rc_rotated	5748	34
atg000001l_rc_rotated	5749	34
atg000001l_rc_rotated	5750	34
atg000001l_rc_rotated	5751	34
atg000001l_rc_rotated	5752	34
atg000001l_rc_rotated	5753	34
atg000001l_rc_rotated	5754	34
atg000001l_rc_rotated	5755	34
atg000001l_rc_rotated	5756	34
atg000001l_rc_rotated	5757	34
atg000001l_rc_rotated	5758	34
atg000001l_rc_rotated	5759	34
atg000001l_rc_rotated	5760	34
atg000001l_rc_rotated	5761	34
atg000001l_rc_rotated	5762	33
atg000001l_rc_rotated	5763	33
atg000001l_rc_rotated	5764	33
atg000001l_rc_rotated	5765	33
atg000001l_rc_rotated	5766	33
atg000001l_rc_rotated	5767	33
atg000001l_rc_rotated	5768	33
atg000001l_rc_rotated	5769	33
atg000001l_rc_rotated	5770	33
atg000001l_rc_rotated	5771	33
atg000001l_rc_rotated	5772	33
atg000001l_rc_rotated	5773	33
atg000001l_rc_rotated	5774	33
atg000001l_rc_rotated	5775	33
atg000001l_rc_rotated	5776	33
atg000001l_rc_rotated	5777	33
atg000001l_rc_rotated	5778	33
atg000001l_rc_rotated	5779	33
atg000001l_rc_rotated	5780	33
atg000001l_rc_rotated	5781	33
atg000001l_rc_rotated	5782	33
atg000001l_rc_rotated	5783	33
atg000001l_rc_rotated	5784	33
atg000001l_rc_rotated	5785	33
atg000001l_rc_rotated	5786	33
atg000001l_rc_rotated	5787	33
atg000001l_rc_rotated	5788	33
atg000001l_rc_rotated	5789	33
atg000001l_rc_rotated	5790	33
atg000001l_rc_rotated	5791	33
atg000001l_rc_rotated	5792	33
atg000001l_rc_rotated	5793	33
atg000001l_rc_rotated	5794	33
atg000001l_rc_rotated	5795	33
atg000001l_rc_rotated	5796	33
atg000001l_rc_rotated	5797	33
atg000001l_rc_rotated	5798	33
atg000001l_rc_rotated	5799	33
atg000001l_rc_rotated	5800	33
atg000001l_rc_rotated	5801	33
atg000001l_rc_rotated	5802	33
atg000001l_rc_rotated	5803	33
atg000001l_rc_rotated	5804	33
atg000001l_rc_rotated	5805	33
atg000001l_rc_rotated	5806	33
atg000001l_rc_rotated	5807	33
atg000001l_rc_rotated	5808	33
atg000001l_rc_rotated	5809	33
atg000001l_rc_rotated	5810	33
atg000001l_rc_rotated	5811	33
atg000001l_rc_rotated	5812	33
atg000001l_rc_rotated	5813	33
atg000001l_rc_rotated	5814	33
atg000001l_rc_rotated	5815	33
atg000001l_rc_rotated	5816	33
atg000001l_rc_rotated	5817	33
atg000001l_rc_rotated	5818	33
atg000001l_rc_rotated	5819	33
atg000001l_rc_rotated	5820	33
atg000001l_rc_rotated	5821	33
atg000001l_rc_rotated	5822	33
atg000001l_rc_rotated	5823	33
atg000001l_rc_rotated	5824	33
atg000001l_rc_rotated	5825	33
atg000001l_rc_rotated	5826	33
atg000001l_rc_rotated	5827	33
atg000001l_rc_rotated	5828	33
atg000001l_rc_rotated	5829	33
atg000001l_rc_rotated	5830	33
atg000001l_rc_rotated	5831	33
atg000001l_rc_rotated	5832	33
atg000001l_rc_rotated	5833	33
atg000001l_rc_rotated	5834	33
atg000001l_rc_rotated	5835	33
atg000001l_rc_rotated	5836	33
atg000001l_rc_rotated	5837	33
atg000001l_rc_rotated	5838	33
atg000001l_rc_rotated	5839	33
atg000001l_rc_rotated	5840	33
atg000001l_rc_rotated	5841	33
atg000001l_rc_rotated	5842	33
atg000001l_rc_rotated	5843	33
atg000001l_rc_rotated	5844	33
atg000001l_rc_rotated	5845	33
atg000001l_rc_rotated	5846	33
atg000001l_rc_rotated	5847	33
atg000001l_rc_rotated	5848	33
atg000001l_rc_rotated	5849	33
atg000001l_rc_rotated	5850	33
atg000001l_rc_rotated	5851	33
atg000001l_rc_rotated	5852	33
atg000001l_rc_rotated	5853	33
atg000001l_rc_rotated	5854	33
atg000001l_rc_rotated	5855	33
atg000001l_rc_rotated	5856	33
atg000001l_rc_rotated	5857	33
atg000001l_rc_rotated	5858	33
atg000001l_rc_rotated	5859	33
atg000001l_rc_rotated	5860	33
atg000001l_rc_rotated	5861	33
atg000001l_rc_rotated	5862	33
atg000001l_rc_rotated	5863	33
atg000001l_rc_rotated	5864	33
atg000001l_rc_rotated	5865	33
atg000001l_rc_rotated	5866	33
atg000001l_rc_rotated	5867	33
atg000001l_rc_rotated	5868	33
atg000001l_rc_rotated	5869	33
atg000001l_rc_rotated	5870	33
atg000001l_rc_rotated	5871	33
atg000001l_rc_rotated	5872	33
atg000001l_rc_rotated	5873	33
atg000001l_rc_rotated	5874	33
atg000001l_rc_rotated	5875	33
atg000001l_rc_rotated	5876	33
atg000001l_rc_rotated	5877	33
atg000001l_rc_rotated	5878	33
atg000001l_rc_rotated	5879	33
atg000001l_rc_rotated	5880	33
atg000001l_rc_rotated	5881	33
atg000001l_rc_rotated	5882	33
atg000001l_rc_rotated	5883	33
atg000001l_rc_rotated	5884	33
atg000001l_rc_rotated	5885	33
atg000001l_rc_rotated	5886	33
atg000001l_rc_rotated	5887	33
atg000001l_rc_rotated	5888	33
atg000001l_rc_rotated	5889	33
atg000001l_rc_rotated	5890	33
atg000001l_rc_rotated	5891	33
atg000001l_rc_rotated	5892	33
atg000001l_rc_rotated	5893	33
atg000001l_rc_rotated	5894	33
atg000001l_rc_rotated	5895	33
atg000001l_rc_rotated	5896	33
atg000001l_rc_rotated	5897	33
atg000001l_rc_rotated	5898	33
atg000001l_rc_rotated	5899	33
atg000001l_rc_rotated	5900	33
atg000001l_rc_rotated	5901	34
atg000001l_rc_rotated	5902	34
atg000001l_rc_rotated	5903	34
atg000001l_rc_rotated	5904	35
atg000001l_rc_rotated	5905	35
atg000001l_rc_rotated	5906	35
atg000001l_rc_rotated	5907	35
atg000001l_rc_rotated	5908	35
atg000001l_rc_rotated	5909	36
atg000001l_rc_rotated	5910	36
atg000001l_rc_rotated	5911	36
atg000001l_rc_rotated	5912	36
atg000001l_rc_rotated	5913	36
atg000001l_rc_rotated	5914	36
atg000001l_rc_rotated	5915	36
atg000001l_rc_rotated	5916	36
atg000001l_rc_rotated	5917	36
atg000001l_rc_rotated	5918	36
atg000001l_rc_rotated	5919	36
atg000001l_rc_rotated	5920	36
atg000001l_rc_rotated	5921	36
atg000001l_rc_rotated	5922	36
atg000001l_rc_rotated	5923	36
atg000001l_rc_rotated	5924	36
atg000001l_rc_rotated	5925	36
atg000001l_rc_rotated	5926	36
atg000001l_rc_rotated	5927	36
atg000001l_rc_rotated	5928	36
atg000001l_rc_rotated	5929	36
atg000001l_rc_rotated	5930	36
atg000001l_rc_rotated	5931	36
atg000001l_rc_rotated	5932	36
atg000001l_rc_rotated	5933	36
atg000001l_rc_rotated	5934	36
atg000001l_rc_rotated	5935	36
atg000001l_rc_rotated	5936	36
atg000001l_rc_rotated	5937	36
atg000001l_rc_rotated	5938	36
atg000001l_rc_rotated	5939	36
atg000001l_rc_rotated	5940	36
atg000001l_rc_rotated	5941	36
atg000001l_rc_rotated	5942	36
atg000001l_rc_rotated	5943	36
atg000001l_rc_rotated	5944	36
atg000001l_rc_rotated	5945	36
atg000001l_rc_rotated	5946	36
atg000001l_rc_rotated	5947	36
atg000001l_rc_rotated	5948	36
atg000001l_rc_rotated	5949	36
atg000001l_rc_rotated	5950	36
atg000001l_rc_rotated	5951	36
atg000001l_rc_rotated	5952	36
atg000001l_rc_rotated	5953	36
atg000001l_rc_rotated	5954	36
atg000001l_rc_rotated	5955	36
atg000001l_rc_rotated	5956	36
atg000001l_rc_rotated	5957	36
atg000001l_rc_rotated	5958	36
atg000001l_rc_rotated	5959	36
atg000001l_rc_rotated	5960	36
atg000001l_rc_rotated	5961	36
atg000001l_rc_rotated	5962	36
atg000001l_rc_rotated	5963	36
atg000001l_rc_rotated	5964	36
atg000001l_rc_rotated	5965	36
atg000001l_rc_rotated	5966	36
atg000001l_rc_rotated	5967	36
atg000001l_rc_rotated	5968	36
atg000001l_rc_rotated	5969	36
atg000001l_rc_rotated	5970	36
atg000001l_rc_rotated	5971	36
atg000001l_rc_rotated	5972	36
atg000001l_rc_rotated	5973	36
atg000001l_rc_rotated	5974	36
atg000001l_rc_rotated	5975	36
atg000001l_rc_rotated	5976	36
atg000001l_rc_rotated	5977	36
atg000001l_rc_rotated	5978	36
atg000001l_rc_rotated	5979	36
atg000001l_rc_rotated	5980	36
atg000001l_rc_rotated	5981	36
atg000001l_rc_rotated	5982	36
atg000001l_rc_rotated	5983	36
atg000001l_rc_rotated	5984	36
atg000001l_rc_rotated	5985	36
atg000001l_rc_rotated	5986	36
atg000001l_rc_rotated	5987	36
atg000001l_rc_rotated	5988	36
atg000001l_rc_rotated	5989	36
atg000001l_rc_rotated	5990	36
atg000001l_rc_rotated	5991	36
atg000001l_rc_rotated	5992	36
atg000001l_rc_rotated	5993	36
atg000001l_rc_rotated	5994	36
atg000001l_rc_rotated	5995	35
atg000001l_rc_rotated	5996	35
atg000001l_rc_rotated	5997	35
atg000001l_rc_rotated	5998	35
atg000001l_rc_rotated	5999	35
atg000001l_rc_rotated	6000	35
atg000001l_rc_rotated	6001	35
atg000001l_rc_rotated	6002	35
atg000001l_rc_rotated	6003	35
atg000001l_rc_rotated	6004	35
atg000001l_rc_rotated	6005	35
atg000001l_rc_rotated	6006	35
atg000001l_rc_rotated	6007	35
atg000001l_rc_rotated	6008	35
atg000001l_rc_rotated	6009	35
atg000001l_rc_rotated	6010	35
atg000001l_rc_rotated	6011	35
atg000001l_rc_rotated	6012	35
atg000001l_rc_rotated	6013	35
atg000001l_rc_rotated	6014	35
atg000001l_rc_rotated	6015	35
atg000001l_rc_rotated	6016	35
atg000001l_rc_rotated	6017	35
atg000001l_rc_rotated	6018	35
atg000001l_rc_rotated	6019	35
atg000001l_rc_rotated	6020	35
atg000001l_rc_rotated	6021	35
atg000001l_rc_rotated	6022	35
atg000001l_rc_rotated	6023	35
atg000001l_rc_rotated	6024	35
atg000001l_rc_rotated	6025	35
atg000001l_rc_rotated	6026	35
atg000001l_rc_rotated	6027	35
atg000001l_rc_rotated	6028	35
atg000001l_rc_rotated	6029	35
atg000001l_rc_rotated	6030	35
atg000001l_rc_rotated	6031	35
atg000001l_rc_rotated	6032	35
atg000001l_rc_rotated	6033	35
atg000001l_rc_rotated	6034	35
atg000001l_rc_rotated	6035	35
atg000001l_rc_rotated	6036	35
atg000001l_rc_rotated	6037	35
atg000001l_rc_rotated	6038	35
atg000001l_rc_rotated	6039	35
atg000001l_rc_rotated	6040	35
atg000001l_rc_rotated	6041	35
atg000001l_rc_rotated	6042	35
atg000001l_rc_rotated	6043	35
atg000001l_rc_rotated	6044	35
atg000001l_rc_rotated	6045	35
atg000001l_rc_rotated	6046	35
atg000001l_rc_rotated	6047	35
atg000001l_rc_rotated	6048	35
atg000001l_rc_rotated	6049	35
atg000001l_rc_rotated	6050	35
atg000001l_rc_rotated	6051	35
atg000001l_rc_rotated	6052	35
atg000001l_rc_rotated	6053	35
atg000001l_rc_rotated	6054	35
atg000001l_rc_rotated	6055	35
atg000001l_rc_rotated	6056	35
atg000001l_rc_rotated	6057	35
atg000001l_rc_rotated	6058	35
atg000001l_rc_rotated	6059	35
atg000001l_rc_rotated	6060	35
atg000001l_rc_rotated	6061	35
atg000001l_rc_rotated	6062	35
atg000001l_rc_rotated	6063	35
atg000001l_rc_rotated	6064	35
atg000001l_rc_rotated	6065	35
atg000001l_rc_rotated	6066	35
atg000001l_rc_rotated	6067	35
atg000001l_rc_rotated	6068	35
atg000001l_rc_rotated	6069	35
atg000001l_rc_rotated	6070	35
atg000001l_rc_rotated	6071	35
atg000001l_rc_rotated	6072	35
atg000001l_rc_rotated	6073	35
atg000001l_rc_rotated	6074	35
atg000001l_rc_rotated	6075	35
atg000001l_rc_rotated	6076	35
atg000001l_rc_rotated	6077	35
atg000001l_rc_rotated	6078	35
atg000001l_rc_rotated	6079	35
atg000001l_rc_rotated	6080	35
atg000001l_rc_rotated	6081	35
atg000001l_rc_rotated	6082	35
atg000001l_rc_rotated	6083	35
atg000001l_rc_rotated	6084	35
atg000001l_rc_rotated	6085	35
atg000001l_rc_rotated	6086	35
atg000001l_rc_rotated	6087	35
atg000001l_rc_rotated	6088	35
atg000001l_rc_rotated	6089	35
atg000001l_rc_rotated	6090	35
atg000001l_rc_rotated	6091	35
atg000001l_rc_rotated	6092	35
atg000001l_rc_rotated	6093	35
atg000001l_rc_rotated	6094	35
atg000001l_rc_rotated	6095	35
atg000001l_rc_rotated	6096	35
atg000001l_rc_rotated	6097	35
atg000001l_rc_rotated	6098	35
atg000001l_rc_rotated	6099	35
atg000001l_rc_rotated	6100	35
atg000001l_rc_rotated	6101	35
atg000001l_rc_rotated	6102	35
atg000001l_rc_rotated	6103	35
atg000001l_rc_rotated	6104	35
atg000001l_rc_rotated	6105	35
atg000001l_rc_rotated	6106	35
atg000001l_rc_rotated	6107	35
atg000001l_rc_rotated	6108	35
atg000001l_rc_rotated	6109	35
atg000001l_rc_rotated	6110	35
atg000001l_rc_rotated	6111	35
atg000001l_rc_rotated	6112	35
atg000001l_rc_rotated	6113	35
atg000001l_rc_rotated	6114	35
atg000001l_rc_rotated	6115	35
atg000001l_rc_rotated	6116	35
atg000001l_rc_rotated	6117	35
atg000001l_rc_rotated	6118	35
atg000001l_rc_rotated	6119	34
atg000001l_rc_rotated	6120	34
atg000001l_rc_rotated	6121	34
atg000001l_rc_rotated	6122	34
atg000001l_rc_rotated	6123	34
atg000001l_rc_rotated	6124	34
atg000001l_rc_rotated	6125	34
atg000001l_rc_rotated	6126	34
atg000001l_rc_rotated	6127	34
atg000001l_rc_rotated	6128	34
atg000001l_rc_rotated	6129	34
atg000001l_rc_rotated	6130	34
atg000001l_rc_rotated	6131	34
atg000001l_rc_rotated	6132	34
atg000001l_rc_rotated	6133	34
atg000001l_rc_rotated	6134	34
atg000001l_rc_rotated	6135	34
atg000001l_rc_rotated	6136	34
atg000001l_rc_rotated	6137	34
atg000001l_rc_rotated	6138	34
atg000001l_rc_rotated	6139	34
atg000001l_rc_rotated	6140	34
atg000001l_rc_rotated	6141	34
atg000001l_rc_rotated	6142	34
atg000001l_rc_rotated	6143	34
atg000001l_rc_rotated	6144	34
atg000001l_rc_rotated	6145	34
atg000001l_rc_rotated	6146	34
atg000001l_rc_rotated	6147	34
atg000001l_rc_rotated	6148	34
atg000001l_rc_rotated	6149	34
atg000001l_rc_rotated	6150	34
atg000001l_rc_rotated	6151	34
atg000001l_rc_rotated	6152	34
atg000001l_rc_rotated	6153	34
atg000001l_rc_rotated	6154	34
atg000001l_rc_rotated	6155	34
atg000001l_rc_rotated	6156	34
atg000001l_rc_rotated	6157	34
atg000001l_rc_rotated	6158	34
atg000001l_rc_rotated	6159	34
atg000001l_rc_rotated	6160	34
atg000001l_rc_rotated	6161	34
atg000001l_rc_rotated	6162	34
atg000001l_rc_rotated	6163	34
atg000001l_rc_rotated	6164	34
atg000001l_rc_rotated	6165	34
atg000001l_rc_rotated	6166	34
atg000001l_rc_rotated	6167	34
atg000001l_rc_rotated	6168	34
atg000001l_rc_rotated	6169	34
atg000001l_rc_rotated	6170	34
atg000001l_rc_rotated	6171	34
atg000001l_rc_rotated	6172	34
atg000001l_rc_rotated	6173	34
atg000001l_rc_rotated	6174	34
atg000001l_rc_rotated	6175	34
atg000001l_rc_rotated	6176	34
atg000001l_rc_rotated	6177	34
atg000001l_rc_rotated	6178	34
atg000001l_rc_rotated	6179	34
atg000001l_rc_rotated	6180	34
atg000001l_rc_rotated	6181	34
atg000001l_rc_rotated	6182	34
atg000001l_rc_rotated	6183	34
atg000001l_rc_rotated	6184	34
atg000001l_rc_rotated	6185	34
atg000001l_rc_rotated	6186	34
atg000001l_rc_rotated	6187	34
atg000001l_rc_rotated	6188	34
atg000001l_rc_rotated	6189	34
atg000001l_rc_rotated	6190	34
atg000001l_rc_rotated	6191	34
atg000001l_rc_rotated	6192	34
atg000001l_rc_rotated	6193	34
atg000001l_rc_rotated	6194	34
atg000001l_rc_rotated	6195	34
atg000001l_rc_rotated	6196	34
atg000001l_rc_rotated	6197	34
atg000001l_rc_rotated	6198	34
atg000001l_rc_rotated	6199	34
atg000001l_rc_rotated	6200	34
atg000001l_rc_rotated	6201	34
atg000001l_rc_rotated	6202	34
atg000001l_rc_rotated	6203	34
atg000001l_rc_rotated	6204	34
atg000001l_rc_rotated	6205	34
atg000001l_rc_rotated	6206	34
atg000001l_rc_rotated	6207	34
atg000001l_rc_rotated	6208	34
atg000001l_rc_rotated	6209	34
atg000001l_rc_rotated	6210	34
atg000001l_rc_rotated	6211	34
atg000001l_rc_rotated	6212	34
atg000001l_rc_rotated	6213	34
atg000001l_rc_rotated	6214	34
atg000001l_rc_rotated	6215	34
atg000001l_rc_rotated	6216	34
atg000001l_rc_rotated	6217	34
atg000001l_rc_rotated	6218	34
atg000001l_rc_rotated	6219	34
atg000001l_rc_rotated	6220	34
atg000001l_rc_rotated	6221	34
atg000001l_rc_rotated	6222	34
atg000001l_rc_rotated	6223	34
atg000001l_rc_rotated	6224	34
atg000001l_rc_rotated	6225	34
atg000001l_rc_rotated	6226	34
atg000001l_rc_rotated	6227	34
atg000001l_rc_rotated	6228	34
atg000001l_rc_rotated	6229	34
atg000001l_rc_rotated	6230	34
atg000001l_rc_rotated	6231	34
atg000001l_rc_rotated	6232	34
atg000001l_rc_rotated	6233	34
atg000001l_rc_rotated	6234	34
atg000001l_rc_rotated	6235	34
atg000001l_rc_rotated	6236	34
atg000001l_rc_rotated	6237	34
atg000001l_rc_rotated	6238	34
atg000001l_rc_rotated	6239	34
atg000001l_rc_rotated	6240	34
atg000001l_rc_rotated	6241	34
atg000001l_rc_rotated	6242	34
atg000001l_rc_rotated	6243	34
atg000001l_rc_rotated	6244	34
atg000001l_rc_rotated	6245	34
atg000001l_rc_rotated	6246	34
atg000001l_rc_rotated	6247	34
atg000001l_rc_rotated	6248	34
atg000001l_rc_rotated	6249	34
atg000001l_rc_rotated	6250	34
atg000001l_rc_rotated	6251	34
atg000001l_rc_rotated	6252	34
atg000001l_rc_rotated	6253	34
atg000001l_rc_rotated	6254	34
atg000001l_rc_rotated	6255	34
atg000001l_rc_rotated	6256	34
atg000001l_rc_rotated	6257	34
atg000001l_rc_rotated	6258	34
atg000001l_rc_rotated	6259	34
atg000001l_rc_rotated	6260	34
atg000001l_rc_rotated	6261	34
atg000001l_rc_rotated	6262	34
atg000001l_rc_rotated	6263	34
atg000001l_rc_rotated	6264	34
atg000001l_rc_rotated	6265	34
atg000001l_rc_rotated	6266	34
atg000001l_rc_rotated	6267	34
atg000001l_rc_rotated	6268	34
atg000001l_rc_rotated	6269	34
atg000001l_rc_rotated	6270	34
atg000001l_rc_rotated	6271	34
atg000001l_rc_rotated	6272	34
atg000001l_rc_rotated	6273	34
atg000001l_rc_rotated	6274	34
atg000001l_rc_rotated	6275	34
atg000001l_rc_rotated	6276	34
atg000001l_rc_rotated	6277	34
atg000001l_rc_rotated	6278	34
atg000001l_rc_rotated	6279	34
atg000001l_rc_rotated	6280	34
atg000001l_rc_rotated	6281	34
atg000001l_rc_rotated	6282	34
atg000001l_rc_rotated	6283	34
atg000001l_rc_rotated	6284	34
atg000001l_rc_rotated	6285	34
atg000001l_rc_rotated	6286	34
atg000001l_rc_rotated	6287	34
atg000001l_rc_rotated	6288	34
atg000001l_rc_rotated	6289	34
atg000001l_rc_rotated	6290	34
atg000001l_rc_rotated	6291	34
atg000001l_rc_rotated	6292	34
atg000001l_rc_rotated	6293	34
atg000001l_rc_rotated	6294	34
atg000001l_rc_rotated	6295	34
atg000001l_rc_rotated	6296	34
atg000001l_rc_rotated	6297	34
atg000001l_rc_rotated	6298	34
atg000001l_rc_rotated	6299	34
atg000001l_rc_rotated	6300	34
atg000001l_rc_rotated	6301	34
atg000001l_rc_rotated	6302	34
atg000001l_rc_rotated	6303	34
atg000001l_rc_rotated	6304	34
atg000001l_rc_rotated	6305	34
atg000001l_rc_rotated	6306	34
atg000001l_rc_rotated	6307	34
atg000001l_rc_rotated	6308	34
atg000001l_rc_rotated	6309	34
atg000001l_rc_rotated	6310	34
atg000001l_rc_rotated	6311	34
atg000001l_rc_rotated	6312	34
atg000001l_rc_rotated	6313	34
atg000001l_rc_rotated	6314	34
atg000001l_rc_rotated	6315	34
atg000001l_rc_rotated	6316	34
atg000001l_rc_rotated	6317	34
atg000001l_rc_rotated	6318	34
atg000001l_rc_rotated	6319	34
atg000001l_rc_rotated	6320	34
atg000001l_rc_rotated	6321	34
atg000001l_rc_rotated	6322	34
atg000001l_rc_rotated	6323	34
atg000001l_rc_rotated	6324	34
atg000001l_rc_rotated	6325	34
atg000001l_rc_rotated	6326	34
atg000001l_rc_rotated	6327	34
atg000001l_rc_rotated	6328	34
atg000001l_rc_rotated	6329	34
atg000001l_rc_rotated	6330	34
atg000001l_rc_rotated	6331	34
atg000001l_rc_rotated	6332	34
atg000001l_rc_rotated	6333	34
atg000001l_rc_rotated	6334	34
atg000001l_rc_rotated	6335	34
atg000001l_rc_rotated	6336	34
atg000001l_rc_rotated	6337	34
atg000001l_rc_rotated	6338	34
atg000001l_rc_rotated	6339	34
atg000001l_rc_rotated	6340	34
atg000001l_rc_rotated	6341	34
atg000001l_rc_rotated	6342	34
atg000001l_rc_rotated	6343	34
atg000001l_rc_rotated	6344	34
atg000001l_rc_rotated	6345	34
atg000001l_rc_rotated	6346	34
atg000001l_rc_rotated	6347	34
atg000001l_rc_rotated	6348	34
atg000001l_rc_rotated	6349	34
atg000001l_rc_rotated	6350	34
atg000001l_rc_rotated	6351	34
atg000001l_rc_rotated	6352	34
atg000001l_rc_rotated	6353	34
atg000001l_rc_rotated	6354	34
atg000001l_rc_rotated	6355	34
atg000001l_rc_rotated	6356	34
atg000001l_rc_rotated	6357	34
atg000001l_rc_rotated	6358	34
atg000001l_rc_rotated	6359	34
atg000001l_rc_rotated	6360	34
atg000001l_rc_rotated	6361	34
atg000001l_rc_rotated	6362	34
atg000001l_rc_rotated	6363	34
atg000001l_rc_rotated	6364	34
atg000001l_rc_rotated	6365	34
atg000001l_rc_rotated	6366	34
atg000001l_rc_rotated	6367	34
atg000001l_rc_rotated	6368	34
atg000001l_rc_rotated	6369	34
atg000001l_rc_rotated	6370	34
atg000001l_rc_rotated	6371	34
atg000001l_rc_rotated	6372	34
atg000001l_rc_rotated	6373	34
atg000001l_rc_rotated	6374	34
atg000001l_rc_rotated	6375	34
atg000001l_rc_rotated	6376	34
atg000001l_rc_rotated	6377	34
atg000001l_rc_rotated	6378	34
atg000001l_rc_rotated	6379	34
atg000001l_rc_rotated	6380	34
atg000001l_rc_rotated	6381	34
atg000001l_rc_rotated	6382	34
atg000001l_rc_rotated	6383	34
atg000001l_rc_rotated	6384	34
atg000001l_rc_rotated	6385	34
atg000001l_rc_rotated	6386	34
atg000001l_rc_rotated	6387	34
atg000001l_rc_rotated	6388	34
atg000001l_rc_rotated	6389	34
atg000001l_rc_rotated	6390	34
atg000001l_rc_rotated	6391	34
atg000001l_rc_rotated	6392	34
atg000001l_rc_rotated	6393	34
atg000001l_rc_rotated	6394	34
atg000001l_rc_rotated	6395	34
atg000001l_rc_rotated	6396	34
atg000001l_rc_rotated	6397	34
atg000001l_rc_rotated	6398	34
atg000001l_rc_rotated	6399	34
atg000001l_rc_rotated	6400	34
atg000001l_rc_rotated	6401	34
atg000001l_rc_rotated	6402	34
atg000001l_rc_rotated	6403	34
atg000001l_rc_rotated	6404	34
atg000001l_rc_rotated	6405	34
atg000001l_rc_rotated	6406	34
atg000001l_rc_rotated	6407	34
atg000001l_rc_rotated	6408	34
atg000001l_rc_rotated	6409	34
atg000001l_rc_rotated	6410	34
atg000001l_rc_rotated	6411	34
atg000001l_rc_rotated	6412	34
atg000001l_rc_rotated	6413	34
atg000001l_rc_rotated	6414	34
atg000001l_rc_rotated	6415	34
atg000001l_rc_rotated	6416	34
atg000001l_rc_rotated	6417	34
atg000001l_rc_rotated	6418	34
atg000001l_rc_rotated	6419	34
atg000001l_rc_rotated	6420	34
atg000001l_rc_rotated	6421	34
atg000001l_rc_rotated	6422	34
atg000001l_rc_rotated	6423	34
atg000001l_rc_rotated	6424	34
atg000001l_rc_rotated	6425	34
atg000001l_rc_rotated	6426	34
atg000001l_rc_rotated	6427	34
atg000001l_rc_rotated	6428	34
atg000001l_rc_rotated	6429	34
atg000001l_rc_rotated	6430	34
atg000001l_rc_rotated	6431	34
atg000001l_rc_rotated	6432	34
atg000001l_rc_rotated	6433	34
atg000001l_rc_rotated	6434	34
atg000001l_rc_rotated	6435	34
atg000001l_rc_rotated	6436	34
atg000001l_rc_rotated	6437	34
atg000001l_rc_rotated	6438	34
atg000001l_rc_rotated	6439	34
atg000001l_rc_rotated	6440	34
atg000001l_rc_rotated	6441	34
atg000001l_rc_rotated	6442	34
atg000001l_rc_rotated	6443	34
atg000001l_rc_rotated	6444	34
atg000001l_rc_rotated	6445	34
atg000001l_rc_rotated	6446	34
atg000001l_rc_rotated	6447	34
atg000001l_rc_rotated	6448	34
atg000001l_rc_rotated	6449	34
atg000001l_rc_rotated	6450	34
atg000001l_rc_rotated	6451	34
atg000001l_rc_rotated	6452	34
atg000001l_rc_rotated	6453	34
atg000001l_rc_rotated	6454	34
atg000001l_rc_rotated	6455	34
atg000001l_rc_rotated	6456	34
atg000001l_rc_rotated	6457	34
atg000001l_rc_rotated	6458	34
atg000001l_rc_rotated	6459	34
atg000001l_rc_rotated	6460	34
atg000001l_rc_rotated	6461	34
atg000001l_rc_rotated	6462	34
atg000001l_rc_rotated	6463	34
atg000001l_rc_rotated	6464	34
atg000001l_rc_rotated	6465	34
atg000001l_rc_rotated	6466	34
atg000001l_rc_rotated	6467	34
atg000001l_rc_rotated	6468	34
atg000001l_rc_rotated	6469	34
atg000001l_rc_rotated	6470	34
atg000001l_rc_rotated	6471	34
atg000001l_rc_rotated	6472	34
atg000001l_rc_rotated	6473	34
atg000001l_rc_rotated	6474	34
atg000001l_rc_rotated	6475	34
atg000001l_rc_rotated	6476	34
atg000001l_rc_rotated	6477	34
atg000001l_rc_rotated	6478	34
atg000001l_rc_rotated	6479	34
atg000001l_rc_rotated	6480	34
atg000001l_rc_rotated	6481	34
atg000001l_rc_rotated	6482	34
atg000001l_rc_rotated	6483	34
atg000001l_rc_rotated	6484	34
atg000001l_rc_rotated	6485	34
atg000001l_rc_rotated	6486	34
atg000001l_rc_rotated	6487	34
atg000001l_rc_rotated	6488	34
atg000001l_rc_rotated	6489	34
atg000001l_rc_rotated	6490	34
atg000001l_rc_rotated	6491	34
atg000001l_rc_rotated	6492	34
atg000001l_rc_rotated	6493	34
atg000001l_rc_rotated	6494	34
atg000001l_rc_rotated	6495	34
atg000001l_rc_rotated	6496	34
atg000001l_rc_rotated	6497	34
atg000001l_rc_rotated	6498	34
atg000001l_rc_rotated	6499	34
atg000001l_rc_rotated	6500	34
atg000001l_rc_rotated	6501	34
atg000001l_rc_rotated	6502	34
atg000001l_rc_rotated	6503	34
atg000001l_rc_rotated	6504	34
atg000001l_rc_rotated	6505	34
atg000001l_rc_rotated	6506	34
atg000001l_rc_rotated	6507	34
atg000001l_rc_rotated	6508	34
atg000001l_rc_rotated	6509	34
atg000001l_rc_rotated	6510	34
atg000001l_rc_rotated	6511	34
atg000001l_rc_rotated	6512	34
atg000001l_rc_rotated	6513	34
atg000001l_rc_rotated	6514	34
atg000001l_rc_rotated	6515	34
atg000001l_rc_rotated	6516	34
atg000001l_rc_rotated	6517	34
atg000001l_rc_rotated	6518	34
atg000001l_rc_rotated	6519	34
atg000001l_rc_rotated	6520	34
atg000001l_rc_rotated	6521	34
atg000001l_rc_rotated	6522	34
atg000001l_rc_rotated	6523	34
atg000001l_rc_rotated	6524	34
atg000001l_rc_rotated	6525	34
atg000001l_rc_rotated	6526	34
atg000001l_rc_rotated	6527	34
atg000001l_rc_rotated	6528	34
atg000001l_rc_rotated	6529	34
atg000001l_rc_rotated	6530	34
atg000001l_rc_rotated	6531	34
atg000001l_rc_rotated	6532	34
atg000001l_rc_rotated	6533	34
atg000001l_rc_rotated	6534	34
atg000001l_rc_rotated	6535	34
atg000001l_rc_rotated	6536	34
atg000001l_rc_rotated	6537	34
atg000001l_rc_rotated	6538	34
atg000001l_rc_rotated	6539	34
atg000001l_rc_rotated	6540	34
atg000001l_rc_rotated	6541	34
atg000001l_rc_rotated	6542	34
atg000001l_rc_rotated	6543	34
atg000001l_rc_rotated	6544	34
atg000001l_rc_rotated	6545	34
atg000001l_rc_rotated	6546	34
atg000001l_rc_rotated	6547	34
atg000001l_rc_rotated	6548	34
atg000001l_rc_rotated	6549	34
atg000001l_rc_rotated	6550	34
atg000001l_rc_rotated	6551	34
atg000001l_rc_rotated	6552	34
atg000001l_rc_rotated	6553	34
atg000001l_rc_rotated	6554	34
atg000001l_rc_rotated	6555	34
atg000001l_rc_rotated	6556	34
atg000001l_rc_rotated	6557	34
atg000001l_rc_rotated	6558	34
atg000001l_rc_rotated	6559	34
atg000001l_rc_rotated	6560	34
atg000001l_rc_rotated	6561	34
atg000001l_rc_rotated	6562	34
atg000001l_rc_rotated	6563	34
atg000001l_rc_rotated	6564	34
atg000001l_rc_rotated	6565	34
atg000001l_rc_rotated	6566	34
atg000001l_rc_rotated	6567	34
atg000001l_rc_rotated	6568	34
atg000001l_rc_rotated	6569	34
atg000001l_rc_rotated	6570	34
atg000001l_rc_rotated	6571	34
atg000001l_rc_rotated	6572	34
atg000001l_rc_rotated	6573	34
atg000001l_rc_rotated	6574	34
atg000001l_rc_rotated	6575	34
atg000001l_rc_rotated	6576	34
atg000001l_rc_rotated	6577	34
atg000001l_rc_rotated	6578	34
atg000001l_rc_rotated	6579	34
atg000001l_rc_rotated	6580	34
atg000001l_rc_rotated	6581	34
atg000001l_rc_rotated	6582	34
atg000001l_rc_rotated	6583	34
atg000001l_rc_rotated	6584	34
atg000001l_rc_rotated	6585	34
atg000001l_rc_rotated	6586	34
atg000001l_rc_rotated	6587	34
atg000001l_rc_rotated	6588	34
atg000001l_rc_rotated	6589	34
atg000001l_rc_rotated	6590	34
atg000001l_rc_rotated	6591	34
atg000001l_rc_rotated	6592	34
atg000001l_rc_rotated	6593	34
atg000001l_rc_rotated	6594	34
atg000001l_rc_rotated	6595	34
atg000001l_rc_rotated	6596	34
atg000001l_rc_rotated	6597	34
atg000001l_rc_rotated	6598	34
atg000001l_rc_rotated	6599	33
atg000001l_rc_rotated	6600	33
atg000001l_rc_rotated	6601	33
atg000001l_rc_rotated	6602	33
atg000001l_rc_rotated	6603	33
atg000001l_rc_rotated	6604	33
atg000001l_rc_rotated	6605	33
atg000001l_rc_rotated	6606	33
atg000001l_rc_rotated	6607	33
atg000001l_rc_rotated	6608	33
atg000001l_rc_rotated	6609	33
atg000001l_rc_rotated	6610	33
atg000001l_rc_rotated	6611	33
atg000001l_rc_rotated	6612	33
atg000001l_rc_rotated	6613	33
atg000001l_rc_rotated	6614	33
atg000001l_rc_rotated	6615	33
atg000001l_rc_rotated	6616	33
atg000001l_rc_rotated	6617	33
atg000001l_rc_rotated	6618	33
atg000001l_rc_rotated	6619	33
atg000001l_rc_rotated	6620	33
atg000001l_rc_rotated	6621	33
atg000001l_rc_rotated	6622	33
atg000001l_rc_rotated	6623	33
atg000001l_rc_rotated	6624	33
atg000001l_rc_rotated	6625	33
atg000001l_rc_rotated	6626	33
atg000001l_rc_rotated	6627	33
atg000001l_rc_rotated	6628	33
atg000001l_rc_rotated	6629	33
atg000001l_rc_rotated	6630	33
atg000001l_rc_rotated	6631	33
atg000001l_rc_rotated	6632	33
atg000001l_rc_rotated	6633	33
atg000001l_rc_rotated	6634	33
atg000001l_rc_rotated	6635	33
atg000001l_rc_rotated	6636	33
atg000001l_rc_rotated	6637	33
atg000001l_rc_rotated	6638	33
atg000001l_rc_rotated	6639	33
atg000001l_rc_rotated	6640	33
atg000001l_rc_rotated	6641	33
atg000001l_rc_rotated	6642	33
atg000001l_rc_rotated	6643	33
atg000001l_rc_rotated	6644	33
atg000001l_rc_rotated	6645	33
atg000001l_rc_rotated	6646	33
atg000001l_rc_rotated	6647	33
atg000001l_rc_rotated	6648	33
atg000001l_rc_rotated	6649	33
atg000001l_rc_rotated	6650	33
atg000001l_rc_rotated	6651	33
atg000001l_rc_rotated	6652	33
atg000001l_rc_rotated	6653	33
atg000001l_rc_rotated	6654	33
atg000001l_rc_rotated	6655	33
atg000001l_rc_rotated	6656	33
atg000001l_rc_rotated	6657	33
atg000001l_rc_rotated	6658	33
atg000001l_rc_rotated	6659	33
atg000001l_rc_rotated	6660	33
atg000001l_rc_rotated	6661	33
atg000001l_rc_rotated	6662	33
atg000001l_rc_rotated	6663	33
atg000001l_rc_rotated	6664	33
atg000001l_rc_rotated	6665	33
atg000001l_rc_rotated	6666	33
atg000001l_rc_rotated	6667	33
atg000001l_rc_rotated	6668	33
atg000001l_rc_rotated	6669	33
atg000001l_rc_rotated	6670	33
atg000001l_rc_rotated	6671	33
atg000001l_rc_rotated	6672	33
atg000001l_rc_rotated	6673	33
atg000001l_rc_rotated	6674	33
atg000001l_rc_rotated	6675	33
atg000001l_rc_rotated	6676	33
atg000001l_rc_rotated	6677	33
atg000001l_rc_rotated	6678	33
atg000001l_rc_rotated	6679	33
atg000001l_rc_rotated	6680	33
atg000001l_rc_rotated	6681	33
atg000001l_rc_rotated	6682	33
atg000001l_rc_rotated	6683	33
atg000001l_rc_rotated	6684	33
atg000001l_rc_rotated	6685	33
atg000001l_rc_rotated	6686	33
atg000001l_rc_rotated	6687	33
atg000001l_rc_rotated	6688	33
atg000001l_rc_rotated	6689	33
atg000001l_rc_rotated	6690	33
atg000001l_rc_rotated	6691	33
atg000001l_rc_rotated	6692	33
atg000001l_rc_rotated	6693	33
atg000001l_rc_rotated	6694	33
atg000001l_rc_rotated	6695	33
atg000001l_rc_rotated	6696	33
atg000001l_rc_rotated	6697	33
atg000001l_rc_rotated	6698	33
atg000001l_rc_rotated	6699	33
atg000001l_rc_rotated	6700	33
atg000001l_rc_rotated	6701	33
atg000001l_rc_rotated	6702	33
atg000001l_rc_rotated	6703	33
atg000001l_rc_rotated	6704	33
atg000001l_rc_rotated	6705	33
atg000001l_rc_rotated	6706	33
atg000001l_rc_rotated	6707	33
atg000001l_rc_rotated	6708	33
atg000001l_rc_rotated	6709	33
atg000001l_rc_rotated	6710	33
atg000001l_rc_rotated	6711	33
atg000001l_rc_rotated	6712	33
atg000001l_rc_rotated	6713	33
atg000001l_rc_rotated	6714	33
atg000001l_rc_rotated	6715	33
atg000001l_rc_rotated	6716	33
atg000001l_rc_rotated	6717	33
atg000001l_rc_rotated	6718	33
atg000001l_rc_rotated	6719	33
atg000001l_rc_rotated	6720	33
atg000001l_rc_rotated	6721	33
atg000001l_rc_rotated	6722	33
atg000001l_rc_rotated	6723	33
atg000001l_rc_rotated	6724	33
atg000001l_rc_rotated	6725	33
atg000001l_rc_rotated	6726	33
atg000001l_rc_rotated	6727	33
atg000001l_rc_rotated	6728	33
atg000001l_rc_rotated	6729	33
atg000001l_rc_rotated	6730	33
atg000001l_rc_rotated	6731	33
atg000001l_rc_rotated	6732	33
atg000001l_rc_rotated	6733	33
atg000001l_rc_rotated	6734	33
atg000001l_rc_rotated	6735	33
atg000001l_rc_rotated	6736	33
atg000001l_rc_rotated	6737	33
atg000001l_rc_rotated	6738	33
atg000001l_rc_rotated	6739	33
atg000001l_rc_rotated	6740	33
atg000001l_rc_rotated	6741	33
atg000001l_rc_rotated	6742	33
atg000001l_rc_rotated	6743	33
atg000001l_rc_rotated	6744	33
atg000001l_rc_rotated	6745	33
atg000001l_rc_rotated	6746	33
atg000001l_rc_rotated	6747	33
atg000001l_rc_rotated	6748	33
atg000001l_rc_rotated	6749	33
atg000001l_rc_rotated	6750	33
atg000001l_rc_rotated	6751	33
atg000001l_rc_rotated	6752	33
atg000001l_rc_rotated	6753	33
atg000001l_rc_rotated	6754	33
atg000001l_rc_rotated	6755	33
atg000001l_rc_rotated	6756	33
atg000001l_rc_rotated	6757	33
atg000001l_rc_rotated	6758	33
atg000001l_rc_rotated	6759	33
atg000001l_rc_rotated	6760	33
atg000001l_rc_rotated	6761	33
atg000001l_rc_rotated	6762	33
atg000001l_rc_rotated	6763	33
atg000001l_rc_rotated	6764	33
atg000001l_rc_rotated	6765	33
atg000001l_rc_rotated	6766	33
atg000001l_rc_rotated	6767	33
atg000001l_rc_rotated	6768	33
atg000001l_rc_rotated	6769	33
atg000001l_rc_rotated	6770	33
atg000001l_rc_rotated	6771	33
atg000001l_rc_rotated	6772	33
atg000001l_rc_rotated	6773	33
atg000001l_rc_rotated	6774	33
atg000001l_rc_rotated	6775	33
atg000001l_rc_rotated	6776	33
atg000001l_rc_rotated	6777	33
atg000001l_rc_rotated	6778	33
atg000001l_rc_rotated	6779	33
atg000001l_rc_rotated	6780	33
atg000001l_rc_rotated	6781	33
atg000001l_rc_rotated	6782	33
atg000001l_rc_rotated	6783	33
atg000001l_rc_rotated	6784	33
atg000001l_rc_rotated	6785	33
atg000001l_rc_rotated	6786	33
atg000001l_rc_rotated	6787	33
atg000001l_rc_rotated	6788	33
atg000001l_rc_rotated	6789	33
atg000001l_rc_rotated	6790	33
atg000001l_rc_rotated	6791	33
atg000001l_rc_rotated	6792	33
atg000001l_rc_rotated	6793	33
atg000001l_rc_rotated	6794	33
atg000001l_rc_rotated	6795	33
atg000001l_rc_rotated	6796	33
atg000001l_rc_rotated	6797	33
atg000001l_rc_rotated	6798	33
atg000001l_rc_rotated	6799	33
atg000001l_rc_rotated	6800	33
atg000001l_rc_rotated	6801	33
atg000001l_rc_rotated	6802	33
atg000001l_rc_rotated	6803	33
atg000001l_rc_rotated	6804	33
atg000001l_rc_rotated	6805	33
atg000001l_rc_rotated	6806	33
atg000001l_rc_rotated	6807	33
atg000001l_rc_rotated	6808	33
atg000001l_rc_rotated	6809	33
atg000001l_rc_rotated	6810	33
atg000001l_rc_rotated	6811	33
atg000001l_rc_rotated	6812	33
atg000001l_rc_rotated	6813	33
atg000001l_rc_rotated	6814	33
atg000001l_rc_rotated	6815	33
atg000001l_rc_rotated	6816	33
atg000001l_rc_rotated	6817	33
atg000001l_rc_rotated	6818	33
atg000001l_rc_rotated	6819	33
atg000001l_rc_rotated	6820	33
atg000001l_rc_rotated	6821	33
atg000001l_rc_rotated	6822	33
atg000001l_rc_rotated	6823	33
atg000001l_rc_rotated	6824	33
atg000001l_rc_rotated	6825	33
atg000001l_rc_rotated	6826	33
atg000001l_rc_rotated	6827	33
atg000001l_rc_rotated	6828	33
atg000001l_rc_rotated	6829	33
atg000001l_rc_rotated	6830	33
atg000001l_rc_rotated	6831	33
atg000001l_rc_rotated	6832	33
atg000001l_rc_rotated	6833	33
atg000001l_rc_rotated	6834	33
atg000001l_rc_rotated	6835	33
atg000001l_rc_rotated	6836	33
atg000001l_rc_rotated	6837	33
atg000001l_rc_rotated	6838	33
atg000001l_rc_rotated	6839	33
atg000001l_rc_rotated	6840	33
atg000001l_rc_rotated	6841	33
atg000001l_rc_rotated	6842	33
atg000001l_rc_rotated	6843	33
atg000001l_rc_rotated	6844	33
atg000001l_rc_rotated	6845	33
atg000001l_rc_rotated	6846	33
atg000001l_rc_rotated	6847	33
atg000001l_rc_rotated	6848	33
atg000001l_rc_rotated	6849	33
atg000001l_rc_rotated	6850	33
atg000001l_rc_rotated	6851	33
atg000001l_rc_rotated	6852	33
atg000001l_rc_rotated	6853	33
atg000001l_rc_rotated	6854	33
atg000001l_rc_rotated	6855	33
atg000001l_rc_rotated	6856	33
atg000001l_rc_rotated	6857	33
atg000001l_rc_rotated	6858	33
atg000001l_rc_rotated	6859	33
atg000001l_rc_rotated	6860	33
atg000001l_rc_rotated	6861	33
atg000001l_rc_rotated	6862	33
atg000001l_rc_rotated	6863	33
atg000001l_rc_rotated	6864	33
atg000001l_rc_rotated	6865	33
atg000001l_rc_rotated	6866	33
atg000001l_rc_rotated	6867	33
atg000001l_rc_rotated	6868	33
atg000001l_rc_rotated	6869	33
atg000001l_rc_rotated	6870	33
atg000001l_rc_rotated	6871	33
atg000001l_rc_rotated	6872	33
atg000001l_rc_rotated	6873	33
atg000001l_rc_rotated	6874	33
atg000001l_rc_rotated	6875	33
atg000001l_rc_rotated	6876	33
atg000001l_rc_rotated	6877	33
atg000001l_rc_rotated	6878	33
atg000001l_rc_rotated	6879	33
atg000001l_rc_rotated	6880	33
atg000001l_rc_rotated	6881	33
atg000001l_rc_rotated	6882	33
atg000001l_rc_rotated	6883	33
atg000001l_rc_rotated	6884	33
atg000001l_rc_rotated	6885	33
atg000001l_rc_rotated	6886	33
atg000001l_rc_rotated	6887	33
atg000001l_rc_rotated	6888	33
atg000001l_rc_rotated	6889	33
atg000001l_rc_rotated	6890	33
atg000001l_rc_rotated	6891	33
atg000001l_rc_rotated	6892	33
atg000001l_rc_rotated	6893	33
atg000001l_rc_rotated	6894	33
atg000001l_rc_rotated	6895	33
atg000001l_rc_rotated	6896	33
atg000001l_rc_rotated	6897	33
atg000001l_rc_rotated	6898	33
atg000001l_rc_rotated	6899	33
atg000001l_rc_rotated	6900	33
atg000001l_rc_rotated	6901	33
atg000001l_rc_rotated	6902	33
atg000001l_rc_rotated	6903	33
atg000001l_rc_rotated	6904	33
atg000001l_rc_rotated	6905	33
atg000001l_rc_rotated	6906	33
atg000001l_rc_rotated	6907	33
atg000001l_rc_rotated	6908	33
atg000001l_rc_rotated	6909	33
atg000001l_rc_rotated	6910	33
atg000001l_rc_rotated	6911	33
atg000001l_rc_rotated	6912	33
atg000001l_rc_rotated	6913	33
atg000001l_rc_rotated	6914	33
atg000001l_rc_rotated	6915	33
atg000001l_rc_rotated	6916	33
atg000001l_rc_rotated	6917	33
atg000001l_rc_rotated	6918	33
atg000001l_rc_rotated	6919	33
atg000001l_rc_rotated	6920	33
atg000001l_rc_rotated	6921	33
atg000001l_rc_rotated	6922	33
atg000001l_rc_rotated	6923	33
atg000001l_rc_rotated	6924	33
atg000001l_rc_rotated	6925	33
atg000001l_rc_rotated	6926	33
atg000001l_rc_rotated	6927	33
atg000001l_rc_rotated	6928	33
atg000001l_rc_rotated	6929	33
atg000001l_rc_rotated	6930	33
atg000001l_rc_rotated	6931	33
atg000001l_rc_rotated	6932	33
atg000001l_rc_rotated	6933	33
atg000001l_rc_rotated	6934	33
atg000001l_rc_rotated	6935	33
atg000001l_rc_rotated	6936	33
atg000001l_rc_rotated	6937	33
atg000001l_rc_rotated	6938	33
atg000001l_rc_rotated	6939	33
atg000001l_rc_rotated	6940	33
atg000001l_rc_rotated	6941	33
atg000001l_rc_rotated	6942	33
atg000001l_rc_rotated	6943	33
atg000001l_rc_rotated	6944	33
atg000001l_rc_rotated	6945	33
atg000001l_rc_rotated	6946	33
atg000001l_rc_rotated	6947	33
atg000001l_rc_rotated	6948	33
atg000001l_rc_rotated	6949	33
atg000001l_rc_rotated	6950	33
atg000001l_rc_rotated	6951	33
atg000001l_rc_rotated	6952	33
atg000001l_rc_rotated	6953	33
atg000001l_rc_rotated	6954	33
atg000001l_rc_rotated	6955	33
atg000001l_rc_rotated	6956	33
atg000001l_rc_rotated	6957	33
atg000001l_rc_rotated	6958	33
atg000001l_rc_rotated	6959	33
atg000001l_rc_rotated	6960	33
atg000001l_rc_rotated	6961	33
atg000001l_rc_rotated	6962	33
atg000001l_rc_rotated	6963	33
atg000001l_rc_rotated	6964	33
atg000001l_rc_rotated	6965	33
atg000001l_rc_rotated	6966	33
atg000001l_rc_rotated	6967	33
atg000001l_rc_rotated	6968	33
atg000001l_rc_rotated	6969	33
atg000001l_rc_rotated	6970	33
atg000001l_rc_rotated	6971	33
atg000001l_rc_rotated	6972	33
atg000001l_rc_rotated	6973	33
atg000001l_rc_rotated	6974	33
atg000001l_rc_rotated	6975	33
atg000001l_rc_rotated	6976	33
atg000001l_rc_rotated	6977	33
atg000001l_rc_rotated	6978	33
atg000001l_rc_rotated	6979	33
atg000001l_rc_rotated	6980	33
atg000001l_rc_rotated	6981	33
atg000001l_rc_rotated	6982	33
atg000001l_rc_rotated	6983	33
atg000001l_rc_rotated	6984	33
atg000001l_rc_rotated	6985	33
atg000001l_rc_rotated	6986	33
atg000001l_rc_rotated	6987	33
atg000001l_rc_rotated	6988	33
atg000001l_rc_rotated	6989	33
atg000001l_rc_rotated	6990	33
atg000001l_rc_rotated	6991	33
atg000001l_rc_rotated	6992	33
atg000001l_rc_rotated	6993	33
atg000001l_rc_rotated	6994	33
atg000001l_rc_rotated	6995	33
atg000001l_rc_rotated	6996	33
atg000001l_rc_rotated	6997	33
atg000001l_rc_rotated	6998	33
atg000001l_rc_rotated	6999	33
atg000001l_rc_rotated	7000	33
atg000001l_rc_rotated	7001	33
atg000001l_rc_rotated	7002	33
atg000001l_rc_rotated	7003	33
atg000001l_rc_rotated	7004	33
atg000001l_rc_rotated	7005	33
atg000001l_rc_rotated	7006	33
atg000001l_rc_rotated	7007	33
atg000001l_rc_rotated	7008	33
atg000001l_rc_rotated	7009	33
atg000001l_rc_rotated	7010	33
atg000001l_rc_rotated	7011	33
atg000001l_rc_rotated	7012	33
atg000001l_rc_rotated	7013	33
atg000001l_rc_rotated	7014	33
atg000001l_rc_rotated	7015	33
atg000001l_rc_rotated	7016	33
atg000001l_rc_rotated	7017	33
atg000001l_rc_rotated	7018	33
atg000001l_rc_rotated	7019	33
atg000001l_rc_rotated	7020	33
atg000001l_rc_rotated	7021	33
atg000001l_rc_rotated	7022	33
atg000001l_rc_rotated	7023	33
atg000001l_rc_rotated	7024	33
atg000001l_rc_rotated	7025	33
atg000001l_rc_rotated	7026	33
atg000001l_rc_rotated	7027	33
atg000001l_rc_rotated	7028	33
atg000001l_rc_rotated	7029	33
atg000001l_rc_rotated	7030	33
atg000001l_rc_rotated	7031	33
atg000001l_rc_rotated	7032	33
atg000001l_rc_rotated	7033	33
atg000001l_rc_rotated	7034	33
atg000001l_rc_rotated	7035	33
atg000001l_rc_rotated	7036	33
atg000001l_rc_rotated	7037	33
atg000001l_rc_rotated	7038	33
atg000001l_rc_rotated	7039	33
atg000001l_rc_rotated	7040	33
atg000001l_rc_rotated	7041	33
atg000001l_rc_rotated	7042	33
atg000001l_rc_rotated	7043	33
atg000001l_rc_rotated	7044	33
atg000001l_rc_rotated	7045	33
atg000001l_rc_rotated	7046	33
atg000001l_rc_rotated	7047	33
atg000001l_rc_rotated	7048	33
atg000001l_rc_rotated	7049	33
atg000001l_rc_rotated	7050	33
atg000001l_rc_rotated	7051	33
atg000001l_rc_rotated	7052	33
atg000001l_rc_rotated	7053	33
atg000001l_rc_rotated	7054	33
atg000001l_rc_rotated	7055	33
atg000001l_rc_rotated	7056	33
atg000001l_rc_rotated	7057	33
atg000001l_rc_rotated	7058	33
atg000001l_rc_rotated	7059	33
atg000001l_rc_rotated	7060	33
atg000001l_rc_rotated	7061	33
atg000001l_rc_rotated	7062	33
atg000001l_rc_rotated	7063	33
atg000001l_rc_rotated	7064	33
atg000001l_rc_rotated	7065	33
atg000001l_rc_rotated	7066	33
atg000001l_rc_rotated	7067	33
atg000001l_rc_rotated	7068	33
atg000001l_rc_rotated	7069	33
atg000001l_rc_rotated	7070	33
atg000001l_rc_rotated	7071	33
atg000001l_rc_rotated	7072	33
atg000001l_rc_rotated	7073	33
atg000001l_rc_rotated	7074	33
atg000001l_rc_rotated	7075	33
atg000001l_rc_rotated	7076	33
atg000001l_rc_rotated	7077	33
atg000001l_rc_rotated	7078	33
atg000001l_rc_rotated	7079	33
atg000001l_rc_rotated	7080	33
atg000001l_rc_rotated	7081	33
atg000001l_rc_rotated	7082	33
atg000001l_rc_rotated	7083	33
atg000001l_rc_rotated	7084	33
atg000001l_rc_rotated	7085	33
atg000001l_rc_rotated	7086	33
atg000001l_rc_rotated	7087	33
atg000001l_rc_rotated	7088	33
atg000001l_rc_rotated	7089	33
atg000001l_rc_rotated	7090	33
atg000001l_rc_rotated	7091	33
atg000001l_rc_rotated	7092	33
atg000001l_rc_rotated	7093	33
atg000001l_rc_rotated	7094	33
atg000001l_rc_rotated	7095	33
atg000001l_rc_rotated	7096	33
atg000001l_rc_rotated	7097	33
atg000001l_rc_rotated	7098	33
atg000001l_rc_rotated	7099	33
atg000001l_rc_rotated	7100	33
atg000001l_rc_rotated	7101	33
atg000001l_rc_rotated	7102	33
atg000001l_rc_rotated	7103	33
atg000001l_rc_rotated	7104	33
atg000001l_rc_rotated	7105	33
atg000001l_rc_rotated	7106	33
atg000001l_rc_rotated	7107	33
atg000001l_rc_rotated	7108	33
atg000001l_rc_rotated	7109	33
atg000001l_rc_rotated	7110	33
atg000001l_rc_rotated	7111	33
atg000001l_rc_rotated	7112	33
atg000001l_rc_rotated	7113	33
atg000001l_rc_rotated	7114	33
atg000001l_rc_rotated	7115	33
atg000001l_rc_rotated	7116	33
atg000001l_rc_rotated	7117	33
atg000001l_rc_rotated	7118	33
atg000001l_rc_rotated	7119	33
atg000001l_rc_rotated	7120	33
atg000001l_rc_rotated	7121	33
atg000001l_rc_rotated	7122	33
atg000001l_rc_rotated	7123	33
atg000001l_rc_rotated	7124	33
atg000001l_rc_rotated	7125	33
atg000001l_rc_rotated	7126	33
atg000001l_rc_rotated	7127	33
atg000001l_rc_rotated	7128	33
atg000001l_rc_rotated	7129	33
atg000001l_rc_rotated	7130	33
atg000001l_rc_rotated	7131	33
atg000001l_rc_rotated	7132	33
atg000001l_rc_rotated	7133	33
atg000001l_rc_rotated	7134	33
atg000001l_rc_rotated	7135	33
atg000001l_rc_rotated	7136	33
atg000001l_rc_rotated	7137	33
atg000001l_rc_rotated	7138	33
atg000001l_rc_rotated	7139	33
atg000001l_rc_rotated	7140	33
atg000001l_rc_rotated	7141	33
atg000001l_rc_rotated	7142	33
atg000001l_rc_rotated	7143	33
atg000001l_rc_rotated	7144	33
atg000001l_rc_rotated	7145	33
atg000001l_rc_rotated	7146	33
atg000001l_rc_rotated	7147	33
atg000001l_rc_rotated	7148	33
atg000001l_rc_rotated	7149	33
atg000001l_rc_rotated	7150	33
atg000001l_rc_rotated	7151	33
atg000001l_rc_rotated	7152	33
atg000001l_rc_rotated	7153	33
atg000001l_rc_rotated	7154	33
atg000001l_rc_rotated	7155	33
atg000001l_rc_rotated	7156	33
atg000001l_rc_rotated	7157	33
atg000001l_rc_rotated	7158	33
atg000001l_rc_rotated	7159	33
atg000001l_rc_rotated	7160	33
atg000001l_rc_rotated	7161	33
atg000001l_rc_rotated	7162	33
atg000001l_rc_rotated	7163	33
atg000001l_rc_rotated	7164	33
atg000001l_rc_rotated	7165	33
atg000001l_rc_rotated	7166	33
atg000001l_rc_rotated	7167	33
atg000001l_rc_rotated	7168	33
atg000001l_rc_rotated	7169	33
atg000001l_rc_rotated	7170	33
atg000001l_rc_rotated	7171	33
atg000001l_rc_rotated	7172	33
atg000001l_rc_rotated	7173	33
atg000001l_rc_rotated	7174	33
atg000001l_rc_rotated	7175	33
atg000001l_rc_rotated	7176	33
atg000001l_rc_rotated	7177	33
atg000001l_rc_rotated	7178	33
atg000001l_rc_rotated	7179	33
atg000001l_rc_rotated	7180	33
atg000001l_rc_rotated	7181	33
atg000001l_rc_rotated	7182	33
atg000001l_rc_rotated	7183	33
atg000001l_rc_rotated	7184	33
atg000001l_rc_rotated	7185	33
atg000001l_rc_rotated	7186	33
atg000001l_rc_rotated	7187	33
atg000001l_rc_rotated	7188	33
atg000001l_rc_rotated	7189	33
atg000001l_rc_rotated	7190	33
atg000001l_rc_rotated	7191	33
atg000001l_rc_rotated	7192	33
atg000001l_rc_rotated	7193	33
atg000001l_rc_rotated	7194	33
atg000001l_rc_rotated	7195	33
atg000001l_rc_rotated	7196	33
atg000001l_rc_rotated	7197	33
atg000001l_rc_rotated	7198	33
atg000001l_rc_rotated	7199	33
atg000001l_rc_rotated	7200	33
atg000001l_rc_rotated	7201	33
atg000001l_rc_rotated	7202	33
atg000001l_rc_rotated	7203	33
atg000001l_rc_rotated	7204	33
atg000001l_rc_rotated	7205	33
atg000001l_rc_rotated	7206	33
atg000001l_rc_rotated	7207	33
atg000001l_rc_rotated	7208	33
atg000001l_rc_rotated	7209	33
atg000001l_rc_rotated	7210	33
atg000001l_rc_rotated	7211	33
atg000001l_rc_rotated	7212	33
atg000001l_rc_rotated	7213	33
atg000001l_rc_rotated	7214	33
atg000001l_rc_rotated	7215	33
atg000001l_rc_rotated	7216	33
atg000001l_rc_rotated	7217	33
atg000001l_rc_rotated	7218	33
atg000001l_rc_rotated	7219	33
atg000001l_rc_rotated	7220	33
atg000001l_rc_rotated	7221	33
atg000001l_rc_rotated	7222	33
atg000001l_rc_rotated	7223	33
atg000001l_rc_rotated	7224	33
atg000001l_rc_rotated	7225	33
atg000001l_rc_rotated	7226	33
atg000001l_rc_rotated	7227	33
atg000001l_rc_rotated	7228	33
atg000001l_rc_rotated	7229	33
atg000001l_rc_rotated	7230	33
atg000001l_rc_rotated	7231	33
atg000001l_rc_rotated	7232	33
atg000001l_rc_rotated	7233	33
atg000001l_rc_rotated	7234	33
atg000001l_rc_rotated	7235	33
atg000001l_rc_rotated	7236	33
atg000001l_rc_rotated	7237	33
atg000001l_rc_rotated	7238	33
atg000001l_rc_rotated	7239	33
atg000001l_rc_rotated	7240	33
atg000001l_rc_rotated	7241	33
atg000001l_rc_rotated	7242	33
atg000001l_rc_rotated	7243	33
atg000001l_rc_rotated	7244	33
atg000001l_rc_rotated	7245	33
atg000001l_rc_rotated	7246	33
atg000001l_rc_rotated	7247	33
atg000001l_rc_rotated	7248	33
atg000001l_rc_rotated	7249	33
atg000001l_rc_rotated	7250	33
atg000001l_rc_rotated	7251	33
atg000001l_rc_rotated	7252	33
atg000001l_rc_rotated	7253	33
atg000001l_rc_rotated	7254	33
atg000001l_rc_rotated	7255	33
atg000001l_rc_rotated	7256	33
atg000001l_rc_rotated	7257	33
atg000001l_rc_rotated	7258	33
atg000001l_rc_rotated	7259	33
atg000001l_rc_rotated	7260	33
atg000001l_rc_rotated	7261	33
atg000001l_rc_rotated	7262	33
atg000001l_rc_rotated	7263	33
atg000001l_rc_rotated	7264	33
atg000001l_rc_rotated	7265	33
atg000001l_rc_rotated	7266	33
atg000001l_rc_rotated	7267	33
atg000001l_rc_rotated	7268	33
atg000001l_rc_rotated	7269	33
atg000001l_rc_rotated	7270	33
atg000001l_rc_rotated	7271	33
atg000001l_rc_rotated	7272	33
atg000001l_rc_rotated	7273	33
atg000001l_rc_rotated	7274	33
atg000001l_rc_rotated	7275	33
atg000001l_rc_rotated	7276	33
atg000001l_rc_rotated	7277	33
atg000001l_rc_rotated	7278	33
atg000001l_rc_rotated	7279	33
atg000001l_rc_rotated	7280	33
atg000001l_rc_rotated	7281	33
atg000001l_rc_rotated	7282	33
atg000001l_rc_rotated	7283	33
atg000001l_rc_rotated	7284	33
atg000001l_rc_rotated	7285	33
atg000001l_rc_rotated	7286	33
atg000001l_rc_rotated	7287	33
atg000001l_rc_rotated	7288	33
atg000001l_rc_rotated	7289	33
atg000001l_rc_rotated	7290	33
atg000001l_rc_rotated	7291	33
atg000001l_rc_rotated	7292	33
atg000001l_rc_rotated	7293	33
atg000001l_rc_rotated	7294	33
atg000001l_rc_rotated	7295	33
atg000001l_rc_rotated	7296	33
atg000001l_rc_rotated	7297	33
atg000001l_rc_rotated	7298	33
atg000001l_rc_rotated	7299	33
atg000001l_rc_rotated	7300	33
atg000001l_rc_rotated	7301	33
atg000001l_rc_rotated	7302	33
atg000001l_rc_rotated	7303	33
atg000001l_rc_rotated	7304	33
atg000001l_rc_rotated	7305	33
atg000001l_rc_rotated	7306	33
atg000001l_rc_rotated	7307	33
atg000001l_rc_rotated	7308	33
atg000001l_rc_rotated	7309	32
atg000001l_rc_rotated	7310	32
atg000001l_rc_rotated	7311	32
atg000001l_rc_rotated	7312	32
atg000001l_rc_rotated	7313	32
atg000001l_rc_rotated	7314	32
atg000001l_rc_rotated	7315	32
atg000001l_rc_rotated	7316	32
atg000001l_rc_rotated	7317	32
atg000001l_rc_rotated	7318	32
atg000001l_rc_rotated	7319	31
atg000001l_rc_rotated	7320	31
atg000001l_rc_rotated	7321	31
atg000001l_rc_rotated	7322	31
atg000001l_rc_rotated	7323	31
atg000001l_rc_rotated	7324	31
atg000001l_rc_rotated	7325	31
atg000001l_rc_rotated	7326	31
atg000001l_rc_rotated	7327	31
atg000001l_rc_rotated	7328	31
atg000001l_rc_rotated	7329	31
atg000001l_rc_rotated	7330	31
atg000001l_rc_rotated	7331	31
atg000001l_rc_rotated	7332	31
atg000001l_rc_rotated	7333	31
atg000001l_rc_rotated	7334	31
atg000001l_rc_rotated	7335	31
atg000001l_rc_rotated	7336	31
atg000001l_rc_rotated	7337	31
atg000001l_rc_rotated	7338	31
atg000001l_rc_rotated	7339	31
atg000001l_rc_rotated	7340	31
atg000001l_rc_rotated	7341	31
atg000001l_rc_rotated	7342	31
atg000001l_rc_rotated	7343	31
atg000001l_rc_rotated	7344	31
atg000001l_rc_rotated	7345	31
atg000001l_rc_rotated	7346	31
atg000001l_rc_rotated	7347	31
atg000001l_rc_rotated	7348	31
atg000001l_rc_rotated	7349	31
atg000001l_rc_rotated	7350	31
atg000001l_rc_rotated	7351	31
atg000001l_rc_rotated	7352	31
atg000001l_rc_rotated	7353	31
atg000001l_rc_rotated	7354	31
atg000001l_rc_rotated	7355	31
atg000001l_rc_rotated	7356	31
atg000001l_rc_rotated	7357	31
atg000001l_rc_rotated	7358	31
atg000001l_rc_rotated	7359	31
atg000001l_rc_rotated	7360	31
atg000001l_rc_rotated	7361	31
atg000001l_rc_rotated	7362	31
atg000001l_rc_rotated	7363	31
atg000001l_rc_rotated	7364	31
atg000001l_rc_rotated	7365	31
atg000001l_rc_rotated	7366	31
atg000001l_rc_rotated	7367	31
atg000001l_rc_rotated	7368	31
atg000001l_rc_rotated	7369	31
atg000001l_rc_rotated	7370	31
atg000001l_rc_rotated	7371	31
atg000001l_rc_rotated	7372	31
atg000001l_rc_rotated	7373	31
atg000001l_rc_rotated	7374	31
atg000001l_rc_rotated	7375	31
atg000001l_rc_rotated	7376	31
atg000001l_rc_rotated	7377	31
atg000001l_rc_rotated	7378	31
atg000001l_rc_rotated	7379	31
atg000001l_rc_rotated	7380	31
atg000001l_rc_rotated	7381	31
atg000001l_rc_rotated	7382	31
atg000001l_rc_rotated	7383	31
atg000001l_rc_rotated	7384	31
atg000001l_rc_rotated	7385	31
atg000001l_rc_rotated	7386	31
atg000001l_rc_rotated	7387	31
atg000001l_rc_rotated	7388	31
atg000001l_rc_rotated	7389	31
atg000001l_rc_rotated	7390	31
atg000001l_rc_rotated	7391	31
atg000001l_rc_rotated	7392	31
atg000001l_rc_rotated	7393	31
atg000001l_rc_rotated	7394	31
atg000001l_rc_rotated	7395	31
atg000001l_rc_rotated	7396	31
atg000001l_rc_rotated	7397	31
atg000001l_rc_rotated	7398	31
atg000001l_rc_rotated	7399	31
atg000001l_rc_rotated	7400	31
atg000001l_rc_rotated	7401	31
atg000001l_rc_rotated	7402	31
atg000001l_rc_rotated	7403	31
atg000001l_rc_rotated	7404	31
atg000001l_rc_rotated	7405	31
atg000001l_rc_rotated	7406	31
atg000001l_rc_rotated	7407	31
atg000001l_rc_rotated	7408	31
atg000001l_rc_rotated	7409	31
atg000001l_rc_rotated	7410	31
atg000001l_rc_rotated	7411	31
atg000001l_rc_rotated	7412	31
atg000001l_rc_rotated	7413	31
atg000001l_rc_rotated	7414	31
atg000001l_rc_rotated	7415	31
atg000001l_rc_rotated	7416	31
atg000001l_rc_rotated	7417	31
atg000001l_rc_rotated	7418	31
atg000001l_rc_rotated	7419	31
atg000001l_rc_rotated	7420	31
atg000001l_rc_rotated	7421	31
atg000001l_rc_rotated	7422	31
atg000001l_rc_rotated	7423	31
atg000001l_rc_rotated	7424	31
atg000001l_rc_rotated	7425	31
atg000001l_rc_rotated	7426	31
atg000001l_rc_rotated	7427	31
atg000001l_rc_rotated	7428	31
atg000001l_rc_rotated	7429	31
atg000001l_rc_rotated	7430	31
atg000001l_rc_rotated	7431	31
atg000001l_rc_rotated	7432	31
atg000001l_rc_rotated	7433	31
atg000001l_rc_rotated	7434	31
atg000001l_rc_rotated	7435	31
atg000001l_rc_rotated	7436	31
atg000001l_rc_rotated	7437	31
atg000001l_rc_rotated	7438	31
atg000001l_rc_rotated	7439	31
atg000001l_rc_rotated	7440	32
atg000001l_rc_rotated	7441	32
atg000001l_rc_rotated	7442	32
atg000001l_rc_rotated	7443	32
atg000001l_rc_rotated	7444	32
atg000001l_rc_rotated	7445	32
atg000001l_rc_rotated	7446	32
atg000001l_rc_rotated	7447	32
atg000001l_rc_rotated	7448	32
atg000001l_rc_rotated	7449	32
atg000001l_rc_rotated	7450	32
atg000001l_rc_rotated	7451	32
atg000001l_rc_rotated	7452	32
atg000001l_rc_rotated	7453	32
atg000001l_rc_rotated	7454	32
atg000001l_rc_rotated	7455	32
atg000001l_rc_rotated	7456	32
atg000001l_rc_rotated	7457	32
atg000001l_rc_rotated	7458	32
atg000001l_rc_rotated	7459	32
atg000001l_rc_rotated	7460	32
atg000001l_rc_rotated	7461	32
atg000001l_rc_rotated	7462	32
atg000001l_rc_rotated	7463	32
atg000001l_rc_rotated	7464	32
atg000001l_rc_rotated	7465	32
atg000001l_rc_rotated	7466	32
atg000001l_rc_rotated	7467	32
atg000001l_rc_rotated	7468	32
atg000001l_rc_rotated	7469	32
atg000001l_rc_rotated	7470	32
atg000001l_rc_rotated	7471	32
atg000001l_rc_rotated	7472	32
atg000001l_rc_rotated	7473	32
atg000001l_rc_rotated	7474	32
atg000001l_rc_rotated	7475	32
atg000001l_rc_rotated	7476	32
atg000001l_rc_rotated	7477	32
atg000001l_rc_rotated	7478	32
atg000001l_rc_rotated	7479	32
atg000001l_rc_rotated	7480	32
atg000001l_rc_rotated	7481	32
atg000001l_rc_rotated	7482	32
atg000001l_rc_rotated	7483	32
atg000001l_rc_rotated	7484	32
atg000001l_rc_rotated	7485	32
atg000001l_rc_rotated	7486	32
atg000001l_rc_rotated	7487	32
atg000001l_rc_rotated	7488	32
atg000001l_rc_rotated	7489	32
atg000001l_rc_rotated	7490	32
atg000001l_rc_rotated	7491	32
atg000001l_rc_rotated	7492	32
atg000001l_rc_rotated	7493	32
atg000001l_rc_rotated	7494	32
atg000001l_rc_rotated	7495	32
atg000001l_rc_rotated	7496	32
atg000001l_rc_rotated	7497	32
atg000001l_rc_rotated	7498	32
atg000001l_rc_rotated	7499	32
atg000001l_rc_rotated	7500	32
atg000001l_rc_rotated	7501	32
atg000001l_rc_rotated	7502	32
atg000001l_rc_rotated	7503	32
atg000001l_rc_rotated	7504	32
atg000001l_rc_rotated	7505	32
atg000001l_rc_rotated	7506	32
atg000001l_rc_rotated	7507	32
atg000001l_rc_rotated	7508	32
atg000001l_rc_rotated	7509	32
atg000001l_rc_rotated	7510	32
atg000001l_rc_rotated	7511	32
atg000001l_rc_rotated	7512	32
atg000001l_rc_rotated	7513	32
atg000001l_rc_rotated	7514	32
atg000001l_rc_rotated	7515	32
atg000001l_rc_rotated	7516	32
atg000001l_rc_rotated	7517	32
atg000001l_rc_rotated	7518	32
atg000001l_rc_rotated	7519	32
atg000001l_rc_rotated	7520	32
atg000001l_rc_rotated	7521	32
atg000001l_rc_rotated	7522	32
atg000001l_rc_rotated	7523	32
atg000001l_rc_rotated	7524	32
atg000001l_rc_rotated	7525	32
atg000001l_rc_rotated	7526	32
atg000001l_rc_rotated	7527	32
atg000001l_rc_rotated	7528	32
atg000001l_rc_rotated	7529	32
atg000001l_rc_rotated	7530	32
atg000001l_rc_rotated	7531	32
atg000001l_rc_rotated	7532	32
atg000001l_rc_rotated	7533	32
atg000001l_rc_rotated	7534	32
atg000001l_rc_rotated	7535	32
atg000001l_rc_rotated	7536	32
atg000001l_rc_rotated	7537	32
atg000001l_rc_rotated	7538	32
atg000001l_rc_rotated	7539	32
atg000001l_rc_rotated	7540	32
atg000001l_rc_rotated	7541	32
atg000001l_rc_rotated	7542	32
atg000001l_rc_rotated	7543	32
atg000001l_rc_rotated	7544	32
atg000001l_rc_rotated	7545	32
atg000001l_rc_rotated	7546	32
atg000001l_rc_rotated	7547	32
atg000001l_rc_rotated	7548	32
atg000001l_rc_rotated	7549	32
atg000001l_rc_rotated	7550	32
atg000001l_rc_rotated	7551	32
atg000001l_rc_rotated	7552	32
atg000001l_rc_rotated	7553	32
atg000001l_rc_rotated	7554	32
atg000001l_rc_rotated	7555	32
atg000001l_rc_rotated	7556	32
atg000001l_rc_rotated	7557	32
atg000001l_rc_rotated	7558	32
atg000001l_rc_rotated	7559	32
atg000001l_rc_rotated	7560	32
atg000001l_rc_rotated	7561	32
atg000001l_rc_rotated	7562	32
atg000001l_rc_rotated	7563	32
atg000001l_rc_rotated	7564	32
atg000001l_rc_rotated	7565	32
atg000001l_rc_rotated	7566	32
atg000001l_rc_rotated	7567	32
atg000001l_rc_rotated	7568	32
atg000001l_rc_rotated	7569	32
atg000001l_rc_rotated	7570	32
atg000001l_rc_rotated	7571	32
atg000001l_rc_rotated	7572	32
atg000001l_rc_rotated	7573	32
atg000001l_rc_rotated	7574	32
atg000001l_rc_rotated	7575	32
atg000001l_rc_rotated	7576	32
atg000001l_rc_rotated	7577	32
atg000001l_rc_rotated	7578	32
atg000001l_rc_rotated	7579	32
atg000001l_rc_rotated	7580	32
atg000001l_rc_rotated	7581	32
atg000001l_rc_rotated	7582	32
atg000001l_rc_rotated	7583	32
atg000001l_rc_rotated	7584	32
atg000001l_rc_rotated	7585	32
atg000001l_rc_rotated	7586	32
atg000001l_rc_rotated	7587	32
atg000001l_rc_rotated	7588	32
atg000001l_rc_rotated	7589	31
atg000001l_rc_rotated	7590	31
atg000001l_rc_rotated	7591	31
atg000001l_rc_rotated	7592	31
atg000001l_rc_rotated	7593	31
atg000001l_rc_rotated	7594	31
atg000001l_rc_rotated	7595	31
atg000001l_rc_rotated	7596	31
atg000001l_rc_rotated	7597	31
atg000001l_rc_rotated	7598	31
atg000001l_rc_rotated	7599	31
atg000001l_rc_rotated	7600	31
atg000001l_rc_rotated	7601	31
atg000001l_rc_rotated	7602	31
atg000001l_rc_rotated	7603	31
atg000001l_rc_rotated	7604	31
atg000001l_rc_rotated	7605	31
atg000001l_rc_rotated	7606	31
atg000001l_rc_rotated	7607	31
atg000001l_rc_rotated	7608	31
atg000001l_rc_rotated	7609	31
atg000001l_rc_rotated	7610	31
atg000001l_rc_rotated	7611	31
atg000001l_rc_rotated	7612	31
atg000001l_rc_rotated	7613	31
atg000001l_rc_rotated	7614	31
atg000001l_rc_rotated	7615	31
atg000001l_rc_rotated	7616	31
atg000001l_rc_rotated	7617	31
atg000001l_rc_rotated	7618	31
atg000001l_rc_rotated	7619	31
atg000001l_rc_rotated	7620	31
atg000001l_rc_rotated	7621	31
atg000001l_rc_rotated	7622	31
atg000001l_rc_rotated	7623	31
atg000001l_rc_rotated	7624	31
atg000001l_rc_rotated	7625	31
atg000001l_rc_rotated	7626	31
atg000001l_rc_rotated	7627	31
atg000001l_rc_rotated	7628	31
atg000001l_rc_rotated	7629	31
atg000001l_rc_rotated	7630	31
atg000001l_rc_rotated	7631	31
atg000001l_rc_rotated	7632	31
atg000001l_rc_rotated	7633	31
atg000001l_rc_rotated	7634	31
atg000001l_rc_rotated	7635	31
atg000001l_rc_rotated	7636	31
atg000001l_rc_rotated	7637	31
atg000001l_rc_rotated	7638	31
atg000001l_rc_rotated	7639	31
atg000001l_rc_rotated	7640	31
atg000001l_rc_rotated	7641	31
atg000001l_rc_rotated	7642	31
atg000001l_rc_rotated	7643	31
atg000001l_rc_rotated	7644	31
atg000001l_rc_rotated	7645	31
atg000001l_rc_rotated	7646	31
atg000001l_rc_rotated	7647	31
atg000001l_rc_rotated	7648	31
atg000001l_rc_rotated	7649	31
atg000001l_rc_rotated	7650	31
atg000001l_rc_rotated	7651	31
atg000001l_rc_rotated	7652	31
atg000001l_rc_rotated	7653	31
atg000001l_rc_rotated	7654	31
atg000001l_rc_rotated	7655	31
atg000001l_rc_rotated	7656	31
atg000001l_rc_rotated	7657	31
atg000001l_rc_rotated	7658	31
atg000001l_rc_rotated	7659	31
atg000001l_rc_rotated	7660	31
atg000001l_rc_rotated	7661	31
atg000001l_rc_rotated	7662	31
atg000001l_rc_rotated	7663	31
atg000001l_rc_rotated	7664	31
atg000001l_rc_rotated	7665	31
atg000001l_rc_rotated	7666	31
atg000001l_rc_rotated	7667	31
atg000001l_rc_rotated	7668	31
atg000001l_rc_rotated	7669	31
atg000001l_rc_rotated	7670	31
atg000001l_rc_rotated	7671	31
atg000001l_rc_rotated	7672	31
atg000001l_rc_rotated	7673	31
atg000001l_rc_rotated	7674	31
atg000001l_rc_rotated	7675	31
atg000001l_rc_rotated	7676	31
atg000001l_rc_rotated	7677	31
atg000001l_rc_rotated	7678	31
atg000001l_rc_rotated	7679	31
atg000001l_rc_rotated	7680	31
atg000001l_rc_rotated	7681	31
atg000001l_rc_rotated	7682	31
atg000001l_rc_rotated	7683	31
atg000001l_rc_rotated	7684	31
atg000001l_rc_rotated	7685	31
atg000001l_rc_rotated	7686	31
atg000001l_rc_rotated	7687	31
atg000001l_rc_rotated	7688	31
atg000001l_rc_rotated	7689	31
atg000001l_rc_rotated	7690	31
atg000001l_rc_rotated	7691	31
atg000001l_rc_rotated	7692	31
atg000001l_rc_rotated	7693	31
atg000001l_rc_rotated	7694	31
atg000001l_rc_rotated	7695	31
atg000001l_rc_rotated	7696	31
atg000001l_rc_rotated	7697	31
atg000001l_rc_rotated	7698	31
atg000001l_rc_rotated	7699	31
atg000001l_rc_rotated	7700	31
atg000001l_rc_rotated	7701	31
atg000001l_rc_rotated	7702	31
atg000001l_rc_rotated	7703	31
atg000001l_rc_rotated	7704	31
atg000001l_rc_rotated	7705	31
atg000001l_rc_rotated	7706	31
atg000001l_rc_rotated	7707	31
atg000001l_rc_rotated	7708	31
atg000001l_rc_rotated	7709	31
atg000001l_rc_rotated	7710	31
atg000001l_rc_rotated	7711	31
atg000001l_rc_rotated	7712	31
atg000001l_rc_rotated	7713	31
atg000001l_rc_rotated	7714	31
atg000001l_rc_rotated	7715	31
atg000001l_rc_rotated	7716	31
atg000001l_rc_rotated	7717	31
atg000001l_rc_rotated	7718	31
atg000001l_rc_rotated	7719	31
atg000001l_rc_rotated	7720	31
atg000001l_rc_rotated	7721	31
atg000001l_rc_rotated	7722	31
atg000001l_rc_rotated	7723	31
atg000001l_rc_rotated	7724	31
atg000001l_rc_rotated	7725	31
atg000001l_rc_rotated	7726	31
atg000001l_rc_rotated	7727	31
atg000001l_rc_rotated	7728	31
atg000001l_rc_rotated	7729	31
atg000001l_rc_rotated	7730	31
atg000001l_rc_rotated	7731	31
atg000001l_rc_rotated	7732	31
atg000001l_rc_rotated	7733	31
atg000001l_rc_rotated	7734	31
atg000001l_rc_rotated	7735	31
atg000001l_rc_rotated	7736	31
atg000001l_rc_rotated	7737	31
atg000001l_rc_rotated	7738	31
atg000001l_rc_rotated	7739	31
atg000001l_rc_rotated	7740	31
atg000001l_rc_rotated	7741	31
atg000001l_rc_rotated	7742	31
atg000001l_rc_rotated	7743	31
atg000001l_rc_rotated	7744	31
atg000001l_rc_rotated	7745	31
atg000001l_rc_rotated	7746	31
atg000001l_rc_rotated	7747	31
atg000001l_rc_rotated	7748	31
atg000001l_rc_rotated	7749	31
atg000001l_rc_rotated	7750	31
atg000001l_rc_rotated	7751	31
atg000001l_rc_rotated	7752	31
atg000001l_rc_rotated	7753	31
atg000001l_rc_rotated	7754	31
atg000001l_rc_rotated	7755	31
atg000001l_rc_rotated	7756	31
atg000001l_rc_rotated	7757	31
atg000001l_rc_rotated	7758	31
atg000001l_rc_rotated	7759	31
atg000001l_rc_rotated	7760	31
atg000001l_rc_rotated	7761	31
atg000001l_rc_rotated	7762	31
atg000001l_rc_rotated	7763	31
atg000001l_rc_rotated	7764	31
atg000001l_rc_rotated	7765	31
atg000001l_rc_rotated	7766	31
atg000001l_rc_rotated	7767	31
atg000001l_rc_rotated	7768	31
atg000001l_rc_rotated	7769	31
atg000001l_rc_rotated	7770	31
atg000001l_rc_rotated	7771	31
atg000001l_rc_rotated	7772	31
atg000001l_rc_rotated	7773	31
atg000001l_rc_rotated	7774	31
atg000001l_rc_rotated	7775	31
atg000001l_rc_rotated	7776	31
atg000001l_rc_rotated	7777	31
atg000001l_rc_rotated	7778	30
atg000001l_rc_rotated	7779	30
atg000001l_rc_rotated	7780	30
atg000001l_rc_rotated	7781	30
atg000001l_rc_rotated	7782	30
atg000001l_rc_rotated	7783	30
atg000001l_rc_rotated	7784	30
atg000001l_rc_rotated	7785	30
atg000001l_rc_rotated	7786	30
atg000001l_rc_rotated	7787	30
atg000001l_rc_rotated	7788	30
atg000001l_rc_rotated	7789	30
atg000001l_rc_rotated	7790	30
atg000001l_rc_rotated	7791	30
atg000001l_rc_rotated	7792	30
atg000001l_rc_rotated	7793	30
atg000001l_rc_rotated	7794	30
atg000001l_rc_rotated	7795	30
atg000001l_rc_rotated	7796	30
atg000001l_rc_rotated	7797	30
atg000001l_rc_rotated	7798	30
atg000001l_rc_rotated	7799	30
atg000001l_rc_rotated	7800	30
atg000001l_rc_rotated	7801	30
atg000001l_rc_rotated	7802	30
atg000001l_rc_rotated	7803	30
atg000001l_rc_rotated	7804	30
atg000001l_rc_rotated	7805	30
atg000001l_rc_rotated	7806	30
atg000001l_rc_rotated	7807	30
atg000001l_rc_rotated	7808	30
atg000001l_rc_rotated	7809	30
atg000001l_rc_rotated	7810	30
atg000001l_rc_rotated	7811	30
atg000001l_rc_rotated	7812	30
atg000001l_rc_rotated	7813	30
atg000001l_rc_rotated	7814	30
atg000001l_rc_rotated	7815	30
atg000001l_rc_rotated	7816	30
atg000001l_rc_rotated	7817	30
atg000001l_rc_rotated	7818	30
atg000001l_rc_rotated	7819	30
atg000001l_rc_rotated	7820	30
atg000001l_rc_rotated	7821	30
atg000001l_rc_rotated	7822	30
atg000001l_rc_rotated	7823	30
atg000001l_rc_rotated	7824	30
atg000001l_rc_rotated	7825	30
atg000001l_rc_rotated	7826	30
atg000001l_rc_rotated	7827	30
atg000001l_rc_rotated	7828	30
atg000001l_rc_rotated	7829	30
atg000001l_rc_rotated	7830	30
atg000001l_rc_rotated	7831	30
atg000001l_rc_rotated	7832	30
atg000001l_rc_rotated	7833	30
atg000001l_rc_rotated	7834	30
atg000001l_rc_rotated	7835	30
atg000001l_rc_rotated	7836	30
atg000001l_rc_rotated	7837	30
atg000001l_rc_rotated	7838	30
atg000001l_rc_rotated	7839	30
atg000001l_rc_rotated	7840	30
atg000001l_rc_rotated	7841	30
atg000001l_rc_rotated	7842	30
atg000001l_rc_rotated	7843	30
atg000001l_rc_rotated	7844	30
atg000001l_rc_rotated	7845	30
atg000001l_rc_rotated	7846	30
atg000001l_rc_rotated	7847	30
atg000001l_rc_rotated	7848	30
atg000001l_rc_rotated	7849	30
atg000001l_rc_rotated	7850	30
atg000001l_rc_rotated	7851	30
atg000001l_rc_rotated	7852	30
atg000001l_rc_rotated	7853	30
atg000001l_rc_rotated	7854	30
atg000001l_rc_rotated	7855	30
atg000001l_rc_rotated	7856	30
atg000001l_rc_rotated	7857	30
atg000001l_rc_rotated	7858	30
atg000001l_rc_rotated	7859	30
atg000001l_rc_rotated	7860	30
atg000001l_rc_rotated	7861	30
atg000001l_rc_rotated	7862	30
atg000001l_rc_rotated	7863	30
atg000001l_rc_rotated	7864	30
atg000001l_rc_rotated	7865	30
atg000001l_rc_rotated	7866	30
atg000001l_rc_rotated	7867	30
atg000001l_rc_rotated	7868	30
atg000001l_rc_rotated	7869	30
atg000001l_rc_rotated	7870	30
atg000001l_rc_rotated	7871	30
atg000001l_rc_rotated	7872	30
atg000001l_rc_rotated	7873	30
atg000001l_rc_rotated	7874	30
atg000001l_rc_rotated	7875	30
atg000001l_rc_rotated	7876	30
atg000001l_rc_rotated	7877	30
atg000001l_rc_rotated	7878	30
atg000001l_rc_rotated	7879	30
atg000001l_rc_rotated	7880	30
atg000001l_rc_rotated	7881	30
atg000001l_rc_rotated	7882	30
atg000001l_rc_rotated	7883	30
atg000001l_rc_rotated	7884	30
atg000001l_rc_rotated	7885	30
atg000001l_rc_rotated	7886	30
atg000001l_rc_rotated	7887	30
atg000001l_rc_rotated	7888	30
atg000001l_rc_rotated	7889	30
atg000001l_rc_rotated	7890	30
atg000001l_rc_rotated	7891	30
atg000001l_rc_rotated	7892	30
atg000001l_rc_rotated	7893	30
atg000001l_rc_rotated	7894	30
atg000001l_rc_rotated	7895	30
atg000001l_rc_rotated	7896	30
atg000001l_rc_rotated	7897	30
atg000001l_rc_rotated	7898	30
atg000001l_rc_rotated	7899	30
atg000001l_rc_rotated	7900	30
atg000001l_rc_rotated	7901	30
atg000001l_rc_rotated	7902	30
atg000001l_rc_rotated	7903	30
atg000001l_rc_rotated	7904	30
atg000001l_rc_rotated	7905	30
atg000001l_rc_rotated	7906	30
atg000001l_rc_rotated	7907	30
atg000001l_rc_rotated	7908	30
atg000001l_rc_rotated	7909	30
atg000001l_rc_rotated	7910	30
atg000001l_rc_rotated	7911	29
atg000001l_rc_rotated	7912	29
atg000001l_rc_rotated	7913	29
atg000001l_rc_rotated	7914	29
atg000001l_rc_rotated	7915	29
atg000001l_rc_rotated	7916	29
atg000001l_rc_rotated	7917	29
atg000001l_rc_rotated	7918	29
atg000001l_rc_rotated	7919	29
atg000001l_rc_rotated	7920	29
atg000001l_rc_rotated	7921	29
atg000001l_rc_rotated	7922	29
atg000001l_rc_rotated	7923	29
atg000001l_rc_rotated	7924	29
atg000001l_rc_rotated	7925	29
atg000001l_rc_rotated	7926	29
atg000001l_rc_rotated	7927	29
atg000001l_rc_rotated	7928	29
atg000001l_rc_rotated	7929	29
atg000001l_rc_rotated	7930	29
atg000001l_rc_rotated	7931	29
atg000001l_rc_rotated	7932	29
atg000001l_rc_rotated	7933	29
atg000001l_rc_rotated	7934	29
atg000001l_rc_rotated	7935	29
atg000001l_rc_rotated	7936	29
atg000001l_rc_rotated	7937	29
atg000001l_rc_rotated	7938	29
atg000001l_rc_rotated	7939	29
atg000001l_rc_rotated	7940	29
atg000001l_rc_rotated	7941	29
atg000001l_rc_rotated	7942	29
atg000001l_rc_rotated	7943	29
atg000001l_rc_rotated	7944	29
atg000001l_rc_rotated	7945	29
atg000001l_rc_rotated	7946	29
atg000001l_rc_rotated	7947	29
atg000001l_rc_rotated	7948	29
atg000001l_rc_rotated	7949	29
atg000001l_rc_rotated	7950	29
atg000001l_rc_rotated	7951	29
atg000001l_rc_rotated	7952	29
atg000001l_rc_rotated	7953	29
atg000001l_rc_rotated	7954	29
atg000001l_rc_rotated	7955	29
atg000001l_rc_rotated	7956	29
atg000001l_rc_rotated	7957	29
atg000001l_rc_rotated	7958	29
atg000001l_rc_rotated	7959	29
atg000001l_rc_rotated	7960	29
atg000001l_rc_rotated	7961	29
atg000001l_rc_rotated	7962	29
atg000001l_rc_rotated	7963	29
atg000001l_rc_rotated	7964	29
atg000001l_rc_rotated	7965	29
atg000001l_rc_rotated	7966	29
atg000001l_rc_rotated	7967	29
atg000001l_rc_rotated	7968	29
atg000001l_rc_rotated	7969	29
atg000001l_rc_rotated	7970	29
atg000001l_rc_rotated	7971	29
atg000001l_rc_rotated	7972	29
atg000001l_rc_rotated	7973	29
atg000001l_rc_rotated	7974	29
atg000001l_rc_rotated	7975	29
atg000001l_rc_rotated	7976	29
atg000001l_rc_rotated	7977	29
atg000001l_rc_rotated	7978	29
atg000001l_rc_rotated	7979	29
atg000001l_rc_rotated	7980	29
atg000001l_rc_rotated	7981	29
atg000001l_rc_rotated	7982	29
atg000001l_rc_rotated	7983	29
atg000001l_rc_rotated	7984	29
atg000001l_rc_rotated	7985	29
atg000001l_rc_rotated	7986	29
atg000001l_rc_rotated	7987	29
atg000001l_rc_rotated	7988	29
atg000001l_rc_rotated	7989	29
atg000001l_rc_rotated	7990	29
atg000001l_rc_rotated	7991	29
atg000001l_rc_rotated	7992	29
atg000001l_rc_rotated	7993	29
atg000001l_rc_rotated	7994	29
atg000001l_rc_rotated	7995	29
atg000001l_rc_rotated	7996	29
atg000001l_rc_rotated	7997	29
atg000001l_rc_rotated	7998	29
atg000001l_rc_rotated	7999	29
atg000001l_rc_rotated	8000	29
atg000001l_rc_rotated	8001	29
atg000001l_rc_rotated	8002	29
atg000001l_rc_rotated	8003	29
atg000001l_rc_rotated	8004	29
atg000001l_rc_rotated	8005	29
atg000001l_rc_rotated	8006	29
atg000001l_rc_rotated	8007	29
atg000001l_rc_rotated	8008	29
atg000001l_rc_rotated	8009	29
atg000001l_rc_rotated	8010	29
atg000001l_rc_rotated	8011	29
atg000001l_rc_rotated	8012	29
atg000001l_rc_rotated	8013	29
atg000001l_rc_rotated	8014	29
atg000001l_rc_rotated	8015	29
atg000001l_rc_rotated	8016	29
atg000001l_rc_rotated	8017	29
atg000001l_rc_rotated	8018	29
atg000001l_rc_rotated	8019	29
atg000001l_rc_rotated	8020	29
atg000001l_rc_rotated	8021	29
atg000001l_rc_rotated	8022	29
atg000001l_rc_rotated	8023	29
atg000001l_rc_rotated	8024	29
atg000001l_rc_rotated	8025	29
atg000001l_rc_rotated	8026	29
atg000001l_rc_rotated	8027	29
atg000001l_rc_rotated	8028	29
atg000001l_rc_rotated	8029	29
atg000001l_rc_rotated	8030	29
atg000001l_rc_rotated	8031	29
atg000001l_rc_rotated	8032	29
atg000001l_rc_rotated	8033	29
atg000001l_rc_rotated	8034	29
atg000001l_rc_rotated	8035	29
atg000001l_rc_rotated	8036	29
atg000001l_rc_rotated	8037	29
atg000001l_rc_rotated	8038	29
atg000001l_rc_rotated	8039	29
atg000001l_rc_rotated	8040	29
atg000001l_rc_rotated	8041	29
atg000001l_rc_rotated	8042	29
atg000001l_rc_rotated	8043	29
atg000001l_rc_rotated	8044	29
atg000001l_rc_rotated	8045	29
atg000001l_rc_rotated	8046	29
atg000001l_rc_rotated	8047	29
atg000001l_rc_rotated	8048	29
atg000001l_rc_rotated	8049	29
atg000001l_rc_rotated	8050	29
atg000001l_rc_rotated	8051	29
atg000001l_rc_rotated	8052	29
atg000001l_rc_rotated	8053	29
atg000001l_rc_rotated	8054	29
atg000001l_rc_rotated	8055	29
atg000001l_rc_rotated	8056	29
atg000001l_rc_rotated	8057	29
atg000001l_rc_rotated	8058	29
atg000001l_rc_rotated	8059	29
atg000001l_rc_rotated	8060	29
atg000001l_rc_rotated	8061	29
atg000001l_rc_rotated	8062	29
atg000001l_rc_rotated	8063	29
atg000001l_rc_rotated	8064	29
atg000001l_rc_rotated	8065	29
atg000001l_rc_rotated	8066	29
atg000001l_rc_rotated	8067	29
atg000001l_rc_rotated	8068	29
atg000001l_rc_rotated	8069	29
atg000001l_rc_rotated	8070	29
atg000001l_rc_rotated	8071	29
atg000001l_rc_rotated	8072	29
atg000001l_rc_rotated	8073	29
atg000001l_rc_rotated	8074	29
atg000001l_rc_rotated	8075	29
atg000001l_rc_rotated	8076	29
atg000001l_rc_rotated	8077	29
atg000001l_rc_rotated	8078	29
atg000001l_rc_rotated	8079	29
atg000001l_rc_rotated	8080	29
atg000001l_rc_rotated	8081	29
atg000001l_rc_rotated	8082	29
atg000001l_rc_rotated	8083	29
atg000001l_rc_rotated	8084	29
atg000001l_rc_rotated	8085	29
atg000001l_rc_rotated	8086	29
atg000001l_rc_rotated	8087	29
atg000001l_rc_rotated	8088	29
atg000001l_rc_rotated	8089	29
atg000001l_rc_rotated	8090	29
atg000001l_rc_rotated	8091	29
atg000001l_rc_rotated	8092	29
atg000001l_rc_rotated	8093	29
atg000001l_rc_rotated	8094	29
atg000001l_rc_rotated	8095	29
atg000001l_rc_rotated	8096	29
atg000001l_rc_rotated	8097	29
atg000001l_rc_rotated	8098	29
atg000001l_rc_rotated	8099	29
atg000001l_rc_rotated	8100	29
atg000001l_rc_rotated	8101	29
atg000001l_rc_rotated	8102	29
atg000001l_rc_rotated	8103	29
atg000001l_rc_rotated	8104	29
atg000001l_rc_rotated	8105	29
atg000001l_rc_rotated	8106	29
atg000001l_rc_rotated	8107	29
atg000001l_rc_rotated	8108	29
atg000001l_rc_rotated	8109	29
atg000001l_rc_rotated	8110	29
atg000001l_rc_rotated	8111	29
atg000001l_rc_rotated	8112	29
atg000001l_rc_rotated	8113	29
atg000001l_rc_rotated	8114	29
atg000001l_rc_rotated	8115	29
atg000001l_rc_rotated	8116	29
atg000001l_rc_rotated	8117	29
atg000001l_rc_rotated	8118	29
atg000001l_rc_rotated	8119	29
atg000001l_rc_rotated	8120	29
atg000001l_rc_rotated	8121	29
atg000001l_rc_rotated	8122	29
atg000001l_rc_rotated	8123	29
atg000001l_rc_rotated	8124	29
atg000001l_rc_rotated	8125	29
atg000001l_rc_rotated	8126	29
atg000001l_rc_rotated	8127	29
atg000001l_rc_rotated	8128	29
atg000001l_rc_rotated	8129	29
atg000001l_rc_rotated	8130	29
atg000001l_rc_rotated	8131	29
atg000001l_rc_rotated	8132	29
atg000001l_rc_rotated	8133	29
atg000001l_rc_rotated	8134	29
atg000001l_rc_rotated	8135	29
atg000001l_rc_rotated	8136	29
atg000001l_rc_rotated	8137	29
atg000001l_rc_rotated	8138	29
atg000001l_rc_rotated	8139	29
atg000001l_rc_rotated	8140	29
atg000001l_rc_rotated	8141	29
atg000001l_rc_rotated	8142	29
atg000001l_rc_rotated	8143	29
atg000001l_rc_rotated	8144	29
atg000001l_rc_rotated	8145	29
atg000001l_rc_rotated	8146	29
atg000001l_rc_rotated	8147	29
atg000001l_rc_rotated	8148	29
atg000001l_rc_rotated	8149	29
atg000001l_rc_rotated	8150	29
atg000001l_rc_rotated	8151	29
atg000001l_rc_rotated	8152	29
atg000001l_rc_rotated	8153	29
atg000001l_rc_rotated	8154	29
atg000001l_rc_rotated	8155	29
atg000001l_rc_rotated	8156	29
atg000001l_rc_rotated	8157	29
atg000001l_rc_rotated	8158	29
atg000001l_rc_rotated	8159	29
atg000001l_rc_rotated	8160	29
atg000001l_rc_rotated	8161	29
atg000001l_rc_rotated	8162	29
atg000001l_rc_rotated	8163	29
atg000001l_rc_rotated	8164	29
atg000001l_rc_rotated	8165	29
atg000001l_rc_rotated	8166	29
atg000001l_rc_rotated	8167	29
atg000001l_rc_rotated	8168	29
atg000001l_rc_rotated	8169	29
atg000001l_rc_rotated	8170	29
atg000001l_rc_rotated	8171	29
atg000001l_rc_rotated	8172	29
atg000001l_rc_rotated	8173	29
atg000001l_rc_rotated	8174	29
atg000001l_rc_rotated	8175	29
atg000001l_rc_rotated	8176	29
atg000001l_rc_rotated	8177	29
atg000001l_rc_rotated	8178	29
atg000001l_rc_rotated	8179	29
atg000001l_rc_rotated	8180	29
atg000001l_rc_rotated	8181	29
atg000001l_rc_rotated	8182	29
atg000001l_rc_rotated	8183	29
atg000001l_rc_rotated	8184	29
atg000001l_rc_rotated	8185	29
atg000001l_rc_rotated	8186	29
atg000001l_rc_rotated	8187	29
atg000001l_rc_rotated	8188	29
atg000001l_rc_rotated	8189	29
atg000001l_rc_rotated	8190	29
atg000001l_rc_rotated	8191	29
atg000001l_rc_rotated	8192	29
atg000001l_rc_rotated	8193	29
atg000001l_rc_rotated	8194	29
atg000001l_rc_rotated	8195	29
atg000001l_rc_rotated	8196	29
atg000001l_rc_rotated	8197	29
atg000001l_rc_rotated	8198	29
atg000001l_rc_rotated	8199	29
atg000001l_rc_rotated	8200	29
atg000001l_rc_rotated	8201	29
atg000001l_rc_rotated	8202	29
atg000001l_rc_rotated	8203	29
atg000001l_rc_rotated	8204	29
atg000001l_rc_rotated	8205	29
atg000001l_rc_rotated	8206	29
atg000001l_rc_rotated	8207	29
atg000001l_rc_rotated	8208	29
atg000001l_rc_rotated	8209	29
atg000001l_rc_rotated	8210	29
atg000001l_rc_rotated	8211	29
atg000001l_rc_rotated	8212	29
atg000001l_rc_rotated	8213	29
atg000001l_rc_rotated	8214	29
atg000001l_rc_rotated	8215	29
atg000001l_rc_rotated	8216	29
atg000001l_rc_rotated	8217	29
atg000001l_rc_rotated	8218	29
atg000001l_rc_rotated	8219	29
atg000001l_rc_rotated	8220	29
atg000001l_rc_rotated	8221	29
atg000001l_rc_rotated	8222	29
atg000001l_rc_rotated	8223	29
atg000001l_rc_rotated	8224	29
atg000001l_rc_rotated	8225	29
atg000001l_rc_rotated	8226	29
atg000001l_rc_rotated	8227	29
atg000001l_rc_rotated	8228	29
atg000001l_rc_rotated	8229	29
atg000001l_rc_rotated	8230	29
atg000001l_rc_rotated	8231	29
atg000001l_rc_rotated	8232	29
atg000001l_rc_rotated	8233	29
atg000001l_rc_rotated	8234	29
atg000001l_rc_rotated	8235	29
atg000001l_rc_rotated	8236	29
atg000001l_rc_rotated	8237	29
atg000001l_rc_rotated	8238	29
atg000001l_rc_rotated	8239	29
atg000001l_rc_rotated	8240	29
atg000001l_rc_rotated	8241	29
atg000001l_rc_rotated	8242	29
atg000001l_rc_rotated	8243	29
atg000001l_rc_rotated	8244	29
atg000001l_rc_rotated	8245	29
atg000001l_rc_rotated	8246	29
atg000001l_rc_rotated	8247	29
atg000001l_rc_rotated	8248	29
atg000001l_rc_rotated	8249	29
atg000001l_rc_rotated	8250	29
atg000001l_rc_rotated	8251	29
atg000001l_rc_rotated	8252	29
atg000001l_rc_rotated	8253	29
atg000001l_rc_rotated	8254	29
atg000001l_rc_rotated	8255	29
atg000001l_rc_rotated	8256	29
atg000001l_rc_rotated	8257	29
atg000001l_rc_rotated	8258	29
atg000001l_rc_rotated	8259	29
atg000001l_rc_rotated	8260	29
atg000001l_rc_rotated	8261	29
atg000001l_rc_rotated	8262	29
atg000001l_rc_rotated	8263	29
atg000001l_rc_rotated	8264	29
atg000001l_rc_rotated	8265	29
atg000001l_rc_rotated	8266	29
atg000001l_rc_rotated	8267	29
atg000001l_rc_rotated	8268	29
atg000001l_rc_rotated	8269	29
atg000001l_rc_rotated	8270	29
atg000001l_rc_rotated	8271	29
atg000001l_rc_rotated	8272	29
atg000001l_rc_rotated	8273	29
atg000001l_rc_rotated	8274	29
atg000001l_rc_rotated	8275	29
atg000001l_rc_rotated	8276	29
atg000001l_rc_rotated	8277	29
atg000001l_rc_rotated	8278	29
atg000001l_rc_rotated	8279	29
atg000001l_rc_rotated	8280	29
atg000001l_rc_rotated	8281	29
atg000001l_rc_rotated	8282	29
atg000001l_rc_rotated	8283	29
atg000001l_rc_rotated	8284	29
atg000001l_rc_rotated	8285	29
atg000001l_rc_rotated	8286	29
atg000001l_rc_rotated	8287	29
atg000001l_rc_rotated	8288	29
atg000001l_rc_rotated	8289	29
atg000001l_rc_rotated	8290	29
atg000001l_rc_rotated	8291	29
atg000001l_rc_rotated	8292	29
atg000001l_rc_rotated	8293	29
atg000001l_rc_rotated	8294	29
atg000001l_rc_rotated	8295	29
atg000001l_rc_rotated	8296	29
atg000001l_rc_rotated	8297	29
atg000001l_rc_rotated	8298	29
atg000001l_rc_rotated	8299	29
atg000001l_rc_rotated	8300	29
atg000001l_rc_rotated	8301	29
atg000001l_rc_rotated	8302	29
atg000001l_rc_rotated	8303	29
atg000001l_rc_rotated	8304	29
atg000001l_rc_rotated	8305	29
atg000001l_rc_rotated	8306	29
atg000001l_rc_rotated	8307	29
atg000001l_rc_rotated	8308	29
atg000001l_rc_rotated	8309	29
atg000001l_rc_rotated	8310	29
atg000001l_rc_rotated	8311	29
atg000001l_rc_rotated	8312	29
atg000001l_rc_rotated	8313	29
atg000001l_rc_rotated	8314	29
atg000001l_rc_rotated	8315	29
atg000001l_rc_rotated	8316	29
atg000001l_rc_rotated	8317	29
atg000001l_rc_rotated	8318	29
atg000001l_rc_rotated	8319	28
atg000001l_rc_rotated	8320	28
atg000001l_rc_rotated	8321	28
atg000001l_rc_rotated	8322	28
atg000001l_rc_rotated	8323	28
atg000001l_rc_rotated	8324	28
atg000001l_rc_rotated	8325	28
atg000001l_rc_rotated	8326	27
atg000001l_rc_rotated	8327	27
atg000001l_rc_rotated	8328	27
atg000001l_rc_rotated	8329	27
atg000001l_rc_rotated	8330	27
atg000001l_rc_rotated	8331	27
atg000001l_rc_rotated	8332	27
atg000001l_rc_rotated	8333	27
atg000001l_rc_rotated	8334	26
atg000001l_rc_rotated	8335	26
atg000001l_rc_rotated	8336	26
atg000001l_rc_rotated	8337	26
atg000001l_rc_rotated	8338	26
atg000001l_rc_rotated	8339	26
atg000001l_rc_rotated	8340	26
atg000001l_rc_rotated	8341	26
atg000001l_rc_rotated	8342	26
atg000001l_rc_rotated	8343	26
atg000001l_rc_rotated	8344	26
atg000001l_rc_rotated	8345	26
atg000001l_rc_rotated	8346	26
atg000001l_rc_rotated	8347	26
atg000001l_rc_rotated	8348	26
atg000001l_rc_rotated	8349	26
atg000001l_rc_rotated	8350	26
atg000001l_rc_rotated	8351	26
atg000001l_rc_rotated	8352	26
atg000001l_rc_rotated	8353	26
atg000001l_rc_rotated	8354	26
atg000001l_rc_rotated	8355	26
atg000001l_rc_rotated	8356	26
atg000001l_rc_rotated	8357	26
atg000001l_rc_rotated	8358	26
atg000001l_rc_rotated	8359	26
atg000001l_rc_rotated	8360	26
atg000001l_rc_rotated	8361	26
atg000001l_rc_rotated	8362	26
atg000001l_rc_rotated	8363	26
atg000001l_rc_rotated	8364	26
atg000001l_rc_rotated	8365	26
atg000001l_rc_rotated	8366	26
atg000001l_rc_rotated	8367	26
atg000001l_rc_rotated	8368	26
atg000001l_rc_rotated	8369	26
atg000001l_rc_rotated	8370	26
atg000001l_rc_rotated	8371	26
atg000001l_rc_rotated	8372	26
atg000001l_rc_rotated	8373	26
atg000001l_rc_rotated	8374	26
atg000001l_rc_rotated	8375	26
atg000001l_rc_rotated	8376	26
atg000001l_rc_rotated	8377	26
atg000001l_rc_rotated	8378	26
atg000001l_rc_rotated	8379	26
atg000001l_rc_rotated	8380	26
atg000001l_rc_rotated	8381	26
atg000001l_rc_rotated	8382	26
atg000001l_rc_rotated	8383	26
atg000001l_rc_rotated	8384	26
atg000001l_rc_rotated	8385	26
atg000001l_rc_rotated	8386	26
atg000001l_rc_rotated	8387	26
atg000001l_rc_rotated	8388	26
atg000001l_rc_rotated	8389	26
atg000001l_rc_rotated	8390	26
atg000001l_rc_rotated	8391	26
atg000001l_rc_rotated	8392	26
atg000001l_rc_rotated	8393	26
atg000001l_rc_rotated	8394	26
atg000001l_rc_rotated	8395	26
atg000001l_rc_rotated	8396	26
atg000001l_rc_rotated	8397	26
atg000001l_rc_rotated	8398	26
atg000001l_rc_rotated	8399	26
atg000001l_rc_rotated	8400	26
atg000001l_rc_rotated	8401	26
atg000001l_rc_rotated	8402	26
atg000001l_rc_rotated	8403	26
atg000001l_rc_rotated	8404	26
atg000001l_rc_rotated	8405	26
atg000001l_rc_rotated	8406	26
atg000001l_rc_rotated	8407	26
atg000001l_rc_rotated	8408	26
atg000001l_rc_rotated	8409	26
atg000001l_rc_rotated	8410	26
atg000001l_rc_rotated	8411	26
atg000001l_rc_rotated	8412	26
atg000001l_rc_rotated	8413	26
atg000001l_rc_rotated	8414	26
atg000001l_rc_rotated	8415	26
atg000001l_rc_rotated	8416	26
atg000001l_rc_rotated	8417	26
atg000001l_rc_rotated	8418	26
atg000001l_rc_rotated	8419	26
atg000001l_rc_rotated	8420	26
atg000001l_rc_rotated	8421	26
atg000001l_rc_rotated	8422	26
atg000001l_rc_rotated	8423	26
atg000001l_rc_rotated	8424	25
atg000001l_rc_rotated	8425	25
atg000001l_rc_rotated	8426	25
atg000001l_rc_rotated	8427	25
atg000001l_rc_rotated	8428	25
atg000001l_rc_rotated	8429	25
atg000001l_rc_rotated	8430	25
atg000001l_rc_rotated	8431	25
atg000001l_rc_rotated	8432	25
atg000001l_rc_rotated	8433	25
atg000001l_rc_rotated	8434	25
atg000001l_rc_rotated	8435	25
atg000001l_rc_rotated	8436	25
atg000001l_rc_rotated	8437	25
atg000001l_rc_rotated	8438	25
atg000001l_rc_rotated	8439	25
atg000001l_rc_rotated	8440	25
atg000001l_rc_rotated	8441	25
atg000001l_rc_rotated	8442	25
atg000001l_rc_rotated	8443	25
atg000001l_rc_rotated	8444	25
atg000001l_rc_rotated	8445	25
atg000001l_rc_rotated	8446	25
atg000001l_rc_rotated	8447	25
atg000001l_rc_rotated	8448	25
atg000001l_rc_rotated	8449	25
atg000001l_rc_rotated	8450	25
atg000001l_rc_rotated	8451	25
atg000001l_rc_rotated	8452	25
atg000001l_rc_rotated	8453	25
atg000001l_rc_rotated	8454	25
atg000001l_rc_rotated	8455	25
atg000001l_rc_rotated	8456	25
atg000001l_rc_rotated	8457	25
atg000001l_rc_rotated	8458	25
atg000001l_rc_rotated	8459	25
atg000001l_rc_rotated	8460	25
atg000001l_rc_rotated	8461	25
atg000001l_rc_rotated	8462	25
atg000001l_rc_rotated	8463	25
atg000001l_rc_rotated	8464	25
atg000001l_rc_rotated	8465	25
atg000001l_rc_rotated	8466	25
atg000001l_rc_rotated	8467	25
atg000001l_rc_rotated	8468	25
atg000001l_rc_rotated	8469	25
atg000001l_rc_rotated	8470	25
atg000001l_rc_rotated	8471	25
atg000001l_rc_rotated	8472	25
atg000001l_rc_rotated	8473	25
atg000001l_rc_rotated	8474	25
atg000001l_rc_rotated	8475	25
atg000001l_rc_rotated	8476	25
atg000001l_rc_rotated	8477	25
atg000001l_rc_rotated	8478	25
atg000001l_rc_rotated	8479	25
atg000001l_rc_rotated	8480	25
atg000001l_rc_rotated	8481	25
atg000001l_rc_rotated	8482	25
atg000001l_rc_rotated	8483	25
atg000001l_rc_rotated	8484	25
atg000001l_rc_rotated	8485	25
atg000001l_rc_rotated	8486	25
atg000001l_rc_rotated	8487	25
atg000001l_rc_rotated	8488	25
atg000001l_rc_rotated	8489	25
atg000001l_rc_rotated	8490	25
atg000001l_rc_rotated	8491	25
atg000001l_rc_rotated	8492	25
atg000001l_rc_rotated	8493	25
atg000001l_rc_rotated	8494	25
atg000001l_rc_rotated	8495	25
atg000001l_rc_rotated	8496	25
atg000001l_rc_rotated	8497	25
atg000001l_rc_rotated	8498	25
atg000001l_rc_rotated	8499	25
atg000001l_rc_rotated	8500	25
atg000001l_rc_rotated	8501	25
atg000001l_rc_rotated	8502	25
atg000001l_rc_rotated	8503	25
atg000001l_rc_rotated	8504	25
atg000001l_rc_rotated	8505	25
atg000001l_rc_rotated	8506	25
atg000001l_rc_rotated	8507	25
atg000001l_rc_rotated	8508	25
atg000001l_rc_rotated	8509	25
atg000001l_rc_rotated	8510	25
atg000001l_rc_rotated	8511	25
atg000001l_rc_rotated	8512	25
atg000001l_rc_rotated	8513	25
atg000001l_rc_rotated	8514	25
atg000001l_rc_rotated	8515	25
atg000001l_rc_rotated	8516	25
atg000001l_rc_rotated	8517	25
atg000001l_rc_rotated	8518	25
atg000001l_rc_rotated	8519	25
atg000001l_rc_rotated	8520	25
atg000001l_rc_rotated	8521	25
atg000001l_rc_rotated	8522	25
atg000001l_rc_rotated	8523	25
atg000001l_rc_rotated	8524	25
atg000001l_rc_rotated	8525	25
atg000001l_rc_rotated	8526	25
atg000001l_rc_rotated	8527	25
atg000001l_rc_rotated	8528	25
atg000001l_rc_rotated	8529	25
atg000001l_rc_rotated	8530	25
atg000001l_rc_rotated	8531	25
atg000001l_rc_rotated	8532	25
atg000001l_rc_rotated	8533	25
atg000001l_rc_rotated	8534	25
atg000001l_rc_rotated	8535	25
atg000001l_rc_rotated	8536	25
atg000001l_rc_rotated	8537	25
atg000001l_rc_rotated	8538	25
atg000001l_rc_rotated	8539	25
atg000001l_rc_rotated	8540	25
atg000001l_rc_rotated	8541	25
atg000001l_rc_rotated	8542	25
atg000001l_rc_rotated	8543	25
atg000001l_rc_rotated	8544	25
atg000001l_rc_rotated	8545	25
atg000001l_rc_rotated	8546	25
atg000001l_rc_rotated	8547	25
atg000001l_rc_rotated	8548	25
atg000001l_rc_rotated	8549	25
atg000001l_rc_rotated	8550	25
atg000001l_rc_rotated	8551	25
atg000001l_rc_rotated	8552	25
atg000001l_rc_rotated	8553	25
atg000001l_rc_rotated	8554	25
atg000001l_rc_rotated	8555	25
atg000001l_rc_rotated	8556	25
atg000001l_rc_rotated	8557	25
atg000001l_rc_rotated	8558	25
atg000001l_rc_rotated	8559	25
atg000001l_rc_rotated	8560	25
atg000001l_rc_rotated	8561	25
atg000001l_rc_rotated	8562	25
atg000001l_rc_rotated	8563	25
atg000001l_rc_rotated	8564	25
atg000001l_rc_rotated	8565	25
atg000001l_rc_rotated	8566	25
atg000001l_rc_rotated	8567	25
atg000001l_rc_rotated	8568	25
atg000001l_rc_rotated	8569	25
atg000001l_rc_rotated	8570	25
atg000001l_rc_rotated	8571	25
atg000001l_rc_rotated	8572	25
atg000001l_rc_rotated	8573	25
atg000001l_rc_rotated	8574	25
atg000001l_rc_rotated	8575	25
atg000001l_rc_rotated	8576	25
atg000001l_rc_rotated	8577	25
atg000001l_rc_rotated	8578	25
atg000001l_rc_rotated	8579	25
atg000001l_rc_rotated	8580	25
atg000001l_rc_rotated	8581	25
atg000001l_rc_rotated	8582	25
atg000001l_rc_rotated	8583	25
atg000001l_rc_rotated	8584	25
atg000001l_rc_rotated	8585	25
atg000001l_rc_rotated	8586	25
atg000001l_rc_rotated	8587	25
atg000001l_rc_rotated	8588	25
atg000001l_rc_rotated	8589	25
atg000001l_rc_rotated	8590	25
atg000001l_rc_rotated	8591	25
atg000001l_rc_rotated	8592	25
atg000001l_rc_rotated	8593	25
atg000001l_rc_rotated	8594	25
atg000001l_rc_rotated	8595	25
atg000001l_rc_rotated	8596	25
atg000001l_rc_rotated	8597	25
atg000001l_rc_rotated	8598	25
atg000001l_rc_rotated	8599	25
atg000001l_rc_rotated	8600	25
atg000001l_rc_rotated	8601	25
atg000001l_rc_rotated	8602	25
atg000001l_rc_rotated	8603	25
atg000001l_rc_rotated	8604	24
atg000001l_rc_rotated	8605	24
atg000001l_rc_rotated	8606	24
atg000001l_rc_rotated	8607	24
atg000001l_rc_rotated	8608	24
atg000001l_rc_rotated	8609	24
atg000001l_rc_rotated	8610	24
atg000001l_rc_rotated	8611	24
atg000001l_rc_rotated	8612	24
atg000001l_rc_rotated	8613	24
atg000001l_rc_rotated	8614	24
atg000001l_rc_rotated	8615	24
atg000001l_rc_rotated	8616	24
atg000001l_rc_rotated	8617	24
atg000001l_rc_rotated	8618	24
atg000001l_rc_rotated	8619	24
atg000001l_rc_rotated	8620	24
atg000001l_rc_rotated	8621	24
atg000001l_rc_rotated	8622	24
atg000001l_rc_rotated	8623	24
atg000001l_rc_rotated	8624	24
atg000001l_rc_rotated	8625	24
atg000001l_rc_rotated	8626	24
atg000001l_rc_rotated	8627	24
atg000001l_rc_rotated	8628	24
atg000001l_rc_rotated	8629	24
atg000001l_rc_rotated	8630	24
atg000001l_rc_rotated	8631	24
atg000001l_rc_rotated	8632	24
atg000001l_rc_rotated	8633	24
atg000001l_rc_rotated	8634	24
atg000001l_rc_rotated	8635	24
atg000001l_rc_rotated	8636	24
atg000001l_rc_rotated	8637	24
atg000001l_rc_rotated	8638	24
atg000001l_rc_rotated	8639	24
atg000001l_rc_rotated	8640	24
atg000001l_rc_rotated	8641	24
atg000001l_rc_rotated	8642	24
atg000001l_rc_rotated	8643	24
atg000001l_rc_rotated	8644	24
atg000001l_rc_rotated	8645	24
atg000001l_rc_rotated	8646	24
atg000001l_rc_rotated	8647	24
atg000001l_rc_rotated	8648	24
atg000001l_rc_rotated	8649	24
atg000001l_rc_rotated	8650	24
atg000001l_rc_rotated	8651	24
atg000001l_rc_rotated	8652	24
atg000001l_rc_rotated	8653	24
atg000001l_rc_rotated	8654	24
atg000001l_rc_rotated	8655	24
atg000001l_rc_rotated	8656	24
atg000001l_rc_rotated	8657	24
atg000001l_rc_rotated	8658	24
atg000001l_rc_rotated	8659	24
atg000001l_rc_rotated	8660	24
atg000001l_rc_rotated	8661	24
atg000001l_rc_rotated	8662	24
atg000001l_rc_rotated	8663	24
atg000001l_rc_rotated	8664	24
atg000001l_rc_rotated	8665	24
atg000001l_rc_rotated	8666	24
atg000001l_rc_rotated	8667	24
atg000001l_rc_rotated	8668	24
atg000001l_rc_rotated	8669	24
atg000001l_rc_rotated	8670	24
atg000001l_rc_rotated	8671	24
atg000001l_rc_rotated	8672	24
atg000001l_rc_rotated	8673	24
atg000001l_rc_rotated	8674	24
atg000001l_rc_rotated	8675	24
atg000001l_rc_rotated	8676	24
atg000001l_rc_rotated	8677	24
atg000001l_rc_rotated	8678	24
atg000001l_rc_rotated	8679	24
atg000001l_rc_rotated	8680	24
atg000001l_rc_rotated	8681	24
atg000001l_rc_rotated	8682	24
atg000001l_rc_rotated	8683	24
atg000001l_rc_rotated	8684	24
atg000001l_rc_rotated	8685	24
atg000001l_rc_rotated	8686	24
atg000001l_rc_rotated	8687	24
atg000001l_rc_rotated	8688	24
atg000001l_rc_rotated	8689	24
atg000001l_rc_rotated	8690	24
atg000001l_rc_rotated	8691	24
atg000001l_rc_rotated	8692	24
atg000001l_rc_rotated	8693	24
atg000001l_rc_rotated	8694	24
atg000001l_rc_rotated	8695	24
atg000001l_rc_rotated	8696	24
atg000001l_rc_rotated	8697	24
atg000001l_rc_rotated	8698	24
atg000001l_rc_rotated	8699	24
atg000001l_rc_rotated	8700	24
atg000001l_rc_rotated	8701	24
atg000001l_rc_rotated	8702	24
atg000001l_rc_rotated	8703	24
atg000001l_rc_rotated	8704	24
atg000001l_rc_rotated	8705	24
atg000001l_rc_rotated	8706	24
atg000001l_rc_rotated	8707	24
atg000001l_rc_rotated	8708	24
atg000001l_rc_rotated	8709	24
atg000001l_rc_rotated	8710	24
atg000001l_rc_rotated	8711	24
atg000001l_rc_rotated	8712	24
atg000001l_rc_rotated	8713	24
atg000001l_rc_rotated	8714	24
atg000001l_rc_rotated	8715	24
atg000001l_rc_rotated	8716	24
atg000001l_rc_rotated	8717	24
atg000001l_rc_rotated	8718	24
atg000001l_rc_rotated	8719	24
atg000001l_rc_rotated	8720	24
atg000001l_rc_rotated	8721	24
atg000001l_rc_rotated	8722	24
atg000001l_rc_rotated	8723	24
atg000001l_rc_rotated	8724	24
atg000001l_rc_rotated	8725	24
atg000001l_rc_rotated	8726	24
atg000001l_rc_rotated	8727	24
atg000001l_rc_rotated	8728	24
atg000001l_rc_rotated	8729	24
atg000001l_rc_rotated	8730	24
atg000001l_rc_rotated	8731	24
atg000001l_rc_rotated	8732	24
atg000001l_rc_rotated	8733	24
atg000001l_rc_rotated	8734	24
atg000001l_rc_rotated	8735	24
atg000001l_rc_rotated	8736	24
atg000001l_rc_rotated	8737	24
atg000001l_rc_rotated	8738	24
atg000001l_rc_rotated	8739	24
atg000001l_rc_rotated	8740	24
atg000001l_rc_rotated	8741	24
atg000001l_rc_rotated	8742	24
atg000001l_rc_rotated	8743	24
atg000001l_rc_rotated	8744	24
atg000001l_rc_rotated	8745	24
atg000001l_rc_rotated	8746	24
atg000001l_rc_rotated	8747	24
atg000001l_rc_rotated	8748	24
atg000001l_rc_rotated	8749	24
atg000001l_rc_rotated	8750	24
atg000001l_rc_rotated	8751	24
atg000001l_rc_rotated	8752	24
atg000001l_rc_rotated	8753	24
atg000001l_rc_rotated	8754	24
atg000001l_rc_rotated	8755	24
atg000001l_rc_rotated	8756	24
atg000001l_rc_rotated	8757	24
atg000001l_rc_rotated	8758	24
atg000001l_rc_rotated	8759	24
atg000001l_rc_rotated	8760	24
atg000001l_rc_rotated	8761	24
atg000001l_rc_rotated	8762	24
atg000001l_rc_rotated	8763	24
atg000001l_rc_rotated	8764	24
atg000001l_rc_rotated	8765	24
atg000001l_rc_rotated	8766	24
atg000001l_rc_rotated	8767	24
atg000001l_rc_rotated	8768	24
atg000001l_rc_rotated	8769	24
atg000001l_rc_rotated	8770	24
atg000001l_rc_rotated	8771	24
atg000001l_rc_rotated	8772	24
atg000001l_rc_rotated	8773	24
atg000001l_rc_rotated	8774	24
atg000001l_rc_rotated	8775	24
atg000001l_rc_rotated	8776	24
atg000001l_rc_rotated	8777	24
atg000001l_rc_rotated	8778	24
atg000001l_rc_rotated	8779	24
atg000001l_rc_rotated	8780	24
atg000001l_rc_rotated	8781	24
atg000001l_rc_rotated	8782	24
atg000001l_rc_rotated	8783	24
atg000001l_rc_rotated	8784	24
atg000001l_rc_rotated	8785	24
atg000001l_rc_rotated	8786	24
atg000001l_rc_rotated	8787	24
atg000001l_rc_rotated	8788	24
atg000001l_rc_rotated	8789	24
atg000001l_rc_rotated	8790	24
atg000001l_rc_rotated	8791	24
atg000001l_rc_rotated	8792	24
atg000001l_rc_rotated	8793	24
atg000001l_rc_rotated	8794	24
atg000001l_rc_rotated	8795	24
atg000001l_rc_rotated	8796	24
atg000001l_rc_rotated	8797	24
atg000001l_rc_rotated	8798	24
atg000001l_rc_rotated	8799	24
atg000001l_rc_rotated	8800	24
atg000001l_rc_rotated	8801	24
atg000001l_rc_rotated	8802	24
atg000001l_rc_rotated	8803	24
atg000001l_rc_rotated	8804	24
atg000001l_rc_rotated	8805	24
atg000001l_rc_rotated	8806	24
atg000001l_rc_rotated	8807	24
atg000001l_rc_rotated	8808	24
atg000001l_rc_rotated	8809	24
atg000001l_rc_rotated	8810	24
atg000001l_rc_rotated	8811	24
atg000001l_rc_rotated	8812	24
atg000001l_rc_rotated	8813	24
atg000001l_rc_rotated	8814	24
atg000001l_rc_rotated	8815	24
atg000001l_rc_rotated	8816	24
atg000001l_rc_rotated	8817	24
atg000001l_rc_rotated	8818	24
atg000001l_rc_rotated	8819	24
atg000001l_rc_rotated	8820	24
atg000001l_rc_rotated	8821	24
atg000001l_rc_rotated	8822	24
atg000001l_rc_rotated	8823	24
atg000001l_rc_rotated	8824	24
atg000001l_rc_rotated	8825	24
atg000001l_rc_rotated	8826	24
atg000001l_rc_rotated	8827	24
atg000001l_rc_rotated	8828	24
atg000001l_rc_rotated	8829	24
atg000001l_rc_rotated	8830	24
atg000001l_rc_rotated	8831	24
atg000001l_rc_rotated	8832	24
atg000001l_rc_rotated	8833	24
atg000001l_rc_rotated	8834	24
atg000001l_rc_rotated	8835	24
atg000001l_rc_rotated	8836	24
atg000001l_rc_rotated	8837	24
atg000001l_rc_rotated	8838	24
atg000001l_rc_rotated	8839	24
atg000001l_rc_rotated	8840	24
atg000001l_rc_rotated	8841	24
atg000001l_rc_rotated	8842	24
atg000001l_rc_rotated	8843	24
atg000001l_rc_rotated	8844	24
atg000001l_rc_rotated	8845	24
atg000001l_rc_rotated	8846	24
atg000001l_rc_rotated	8847	24
atg000001l_rc_rotated	8848	24
atg000001l_rc_rotated	8849	24
atg000001l_rc_rotated	8850	24
atg000001l_rc_rotated	8851	24
atg000001l_rc_rotated	8852	24
atg000001l_rc_rotated	8853	24
atg000001l_rc_rotated	8854	24
atg000001l_rc_rotated	8855	24
atg000001l_rc_rotated	8856	24
atg000001l_rc_rotated	8857	24
atg000001l_rc_rotated	8858	24
atg000001l_rc_rotated	8859	24
atg000001l_rc_rotated	8860	24
atg000001l_rc_rotated	8861	24
atg000001l_rc_rotated	8862	24
atg000001l_rc_rotated	8863	24
atg000001l_rc_rotated	8864	24
atg000001l_rc_rotated	8865	24
atg000001l_rc_rotated	8866	24
atg000001l_rc_rotated	8867	24
atg000001l_rc_rotated	8868	24
atg000001l_rc_rotated	8869	24
atg000001l_rc_rotated	8870	24
atg000001l_rc_rotated	8871	24
atg000001l_rc_rotated	8872	24
atg000001l_rc_rotated	8873	24
atg000001l_rc_rotated	8874	24
atg000001l_rc_rotated	8875	24
atg000001l_rc_rotated	8876	24
atg000001l_rc_rotated	8877	24
atg000001l_rc_rotated	8878	24
atg000001l_rc_rotated	8879	24
atg000001l_rc_rotated	8880	24
atg000001l_rc_rotated	8881	24
atg000001l_rc_rotated	8882	24
atg000001l_rc_rotated	8883	24
atg000001l_rc_rotated	8884	24
atg000001l_rc_rotated	8885	24
atg000001l_rc_rotated	8886	24
atg000001l_rc_rotated	8887	24
atg000001l_rc_rotated	8888	24
atg000001l_rc_rotated	8889	24
atg000001l_rc_rotated	8890	24
atg000001l_rc_rotated	8891	24
atg000001l_rc_rotated	8892	24
atg000001l_rc_rotated	8893	24
atg000001l_rc_rotated	8894	24
atg000001l_rc_rotated	8895	24
atg000001l_rc_rotated	8896	24
atg000001l_rc_rotated	8897	24
atg000001l_rc_rotated	8898	24
atg000001l_rc_rotated	8899	24
atg000001l_rc_rotated	8900	24
atg000001l_rc_rotated	8901	24
atg000001l_rc_rotated	8902	24
atg000001l_rc_rotated	8903	24
atg000001l_rc_rotated	8904	24
atg000001l_rc_rotated	8905	24
atg000001l_rc_rotated	8906	24
atg000001l_rc_rotated	8907	24
atg000001l_rc_rotated	8908	24
atg000001l_rc_rotated	8909	24
atg000001l_rc_rotated	8910	24
atg000001l_rc_rotated	8911	24
atg000001l_rc_rotated	8912	24
atg000001l_rc_rotated	8913	24
atg000001l_rc_rotated	8914	24
atg000001l_rc_rotated	8915	24
atg000001l_rc_rotated	8916	24
atg000001l_rc_rotated	8917	24
atg000001l_rc_rotated	8918	24
atg000001l_rc_rotated	8919	24
atg000001l_rc_rotated	8920	24
atg000001l_rc_rotated	8921	24
atg000001l_rc_rotated	8922	24
atg000001l_rc_rotated	8923	24
atg000001l_rc_rotated	8924	24
atg000001l_rc_rotated	8925	24
atg000001l_rc_rotated	8926	24
atg000001l_rc_rotated	8927	24
atg000001l_rc_rotated	8928	24
atg000001l_rc_rotated	8929	24
atg000001l_rc_rotated	8930	24
atg000001l_rc_rotated	8931	24
atg000001l_rc_rotated	8932	24
atg000001l_rc_rotated	8933	24
atg000001l_rc_rotated	8934	24
atg000001l_rc_rotated	8935	24
atg000001l_rc_rotated	8936	24
atg000001l_rc_rotated	8937	24
atg000001l_rc_rotated	8938	24
atg000001l_rc_rotated	8939	24
atg000001l_rc_rotated	8940	24
atg000001l_rc_rotated	8941	24
atg000001l_rc_rotated	8942	24
atg000001l_rc_rotated	8943	24
atg000001l_rc_rotated	8944	24
atg000001l_rc_rotated	8945	24
atg000001l_rc_rotated	8946	24
atg000001l_rc_rotated	8947	24
atg000001l_rc_rotated	8948	24
atg000001l_rc_rotated	8949	24
atg000001l_rc_rotated	8950	24
atg000001l_rc_rotated	8951	24
atg000001l_rc_rotated	8952	24
atg000001l_rc_rotated	8953	24
atg000001l_rc_rotated	8954	24
atg000001l_rc_rotated	8955	24
atg000001l_rc_rotated	8956	24
atg000001l_rc_rotated	8957	24
atg000001l_rc_rotated	8958	24
atg000001l_rc_rotated	8959	24
atg000001l_rc_rotated	8960	24
atg000001l_rc_rotated	8961	24
atg000001l_rc_rotated	8962	24
atg000001l_rc_rotated	8963	24
atg000001l_rc_rotated	8964	24
atg000001l_rc_rotated	8965	24
atg000001l_rc_rotated	8966	24
atg000001l_rc_rotated	8967	24
atg000001l_rc_rotated	8968	24
atg000001l_rc_rotated	8969	24
atg000001l_rc_rotated	8970	24
atg000001l_rc_rotated	8971	24
atg000001l_rc_rotated	8972	24
atg000001l_rc_rotated	8973	24
atg000001l_rc_rotated	8974	24
atg000001l_rc_rotated	8975	24
atg000001l_rc_rotated	8976	24
atg000001l_rc_rotated	8977	24
atg000001l_rc_rotated	8978	24
atg000001l_rc_rotated	8979	24
atg000001l_rc_rotated	8980	24
atg000001l_rc_rotated	8981	24
atg000001l_rc_rotated	8982	24
atg000001l_rc_rotated	8983	24
atg000001l_rc_rotated	8984	24
atg000001l_rc_rotated	8985	24
atg000001l_rc_rotated	8986	24
atg000001l_rc_rotated	8987	24
atg000001l_rc_rotated	8988	24
atg000001l_rc_rotated	8989	24
atg000001l_rc_rotated	8990	24
atg000001l_rc_rotated	8991	24
atg000001l_rc_rotated	8992	24
atg000001l_rc_rotated	8993	24
atg000001l_rc_rotated	8994	24
atg000001l_rc_rotated	8995	24
atg000001l_rc_rotated	8996	24
atg000001l_rc_rotated	8997	24
atg000001l_rc_rotated	8998	24
atg000001l_rc_rotated	8999	24
atg000001l_rc_rotated	9000	24
atg000001l_rc_rotated	9001	24
atg000001l_rc_rotated	9002	24
atg000001l_rc_rotated	9003	24
atg000001l_rc_rotated	9004	24
atg000001l_rc_rotated	9005	24
atg000001l_rc_rotated	9006	24
atg000001l_rc_rotated	9007	24
atg000001l_rc_rotated	9008	24
atg000001l_rc_rotated	9009	24
atg000001l_rc_rotated	9010	24
atg000001l_rc_rotated	9011	24
atg000001l_rc_rotated	9012	24
atg000001l_rc_rotated	9013	24
atg000001l_rc_rotated	9014	24
atg000001l_rc_rotated	9015	24
atg000001l_rc_rotated	9016	24
atg000001l_rc_rotated	9017	24
atg000001l_rc_rotated	9018	24
atg000001l_rc_rotated	9019	24
atg000001l_rc_rotated	9020	24
atg000001l_rc_rotated	9021	24
atg000001l_rc_rotated	9022	24
atg000001l_rc_rotated	9023	24
atg000001l_rc_rotated	9024	24
atg000001l_rc_rotated	9025	24
atg000001l_rc_rotated	9026	24
atg000001l_rc_rotated	9027	24
atg000001l_rc_rotated	9028	24
atg000001l_rc_rotated	9029	24
atg000001l_rc_rotated	9030	24
atg000001l_rc_rotated	9031	24
atg000001l_rc_rotated	9032	24
atg000001l_rc_rotated	9033	24
atg000001l_rc_rotated	9034	24
atg000001l_rc_rotated	9035	24
atg000001l_rc_rotated	9036	24
atg000001l_rc_rotated	9037	24
atg000001l_rc_rotated	9038	24
atg000001l_rc_rotated	9039	24
atg000001l_rc_rotated	9040	24
atg000001l_rc_rotated	9041	24
atg000001l_rc_rotated	9042	24
atg000001l_rc_rotated	9043	24
atg000001l_rc_rotated	9044	24
atg000001l_rc_rotated	9045	24
atg000001l_rc_rotated	9046	24
atg000001l_rc_rotated	9047	24
atg000001l_rc_rotated	9048	24
atg000001l_rc_rotated	9049	24
atg000001l_rc_rotated	9050	24
atg000001l_rc_rotated	9051	24
atg000001l_rc_rotated	9052	24
atg000001l_rc_rotated	9053	24
atg000001l_rc_rotated	9054	24
atg000001l_rc_rotated	9055	24
atg000001l_rc_rotated	9056	24
atg000001l_rc_rotated	9057	24
atg000001l_rc_rotated	9058	24
atg000001l_rc_rotated	9059	24
atg000001l_rc_rotated	9060	24
atg000001l_rc_rotated	9061	24
atg000001l_rc_rotated	9062	24
atg000001l_rc_rotated	9063	24
atg000001l_rc_rotated	9064	24
atg000001l_rc_rotated	9065	24
atg000001l_rc_rotated	9066	24
atg000001l_rc_rotated	9067	24
atg000001l_rc_rotated	9068	24
atg000001l_rc_rotated	9069	24
atg000001l_rc_rotated	9070	24
atg000001l_rc_rotated	9071	24
atg000001l_rc_rotated	9072	24
atg000001l_rc_rotated	9073	24
atg000001l_rc_rotated	9074	24
atg000001l_rc_rotated	9075	24
atg000001l_rc_rotated	9076	24
atg000001l_rc_rotated	9077	24
atg000001l_rc_rotated	9078	24
atg000001l_rc_rotated	9079	24
atg000001l_rc_rotated	9080	24
atg000001l_rc_rotated	9081	24
atg000001l_rc_rotated	9082	24
atg000001l_rc_rotated	9083	24
atg000001l_rc_rotated	9084	24
atg000001l_rc_rotated	9085	24
atg000001l_rc_rotated	9086	24
atg000001l_rc_rotated	9087	24
atg000001l_rc_rotated	9088	24
atg000001l_rc_rotated	9089	24
atg000001l_rc_rotated	9090	24
atg000001l_rc_rotated	9091	24
atg000001l_rc_rotated	9092	24
atg000001l_rc_rotated	9093	24
atg000001l_rc_rotated	9094	24
atg000001l_rc_rotated	9095	24
atg000001l_rc_rotated	9096	24
atg000001l_rc_rotated	9097	24
atg000001l_rc_rotated	9098	24
atg000001l_rc_rotated	9099	24
atg000001l_rc_rotated	9100	24
atg000001l_rc_rotated	9101	24
atg000001l_rc_rotated	9102	24
atg000001l_rc_rotated	9103	24
atg000001l_rc_rotated	9104	24
atg000001l_rc_rotated	9105	24
atg000001l_rc_rotated	9106	24
atg000001l_rc_rotated	9107	24
atg000001l_rc_rotated	9108	24
atg000001l_rc_rotated	9109	24
atg000001l_rc_rotated	9110	24
atg000001l_rc_rotated	9111	24
atg000001l_rc_rotated	9112	24
atg000001l_rc_rotated	9113	24
atg000001l_rc_rotated	9114	24
atg000001l_rc_rotated	9115	24
atg000001l_rc_rotated	9116	24
atg000001l_rc_rotated	9117	24
atg000001l_rc_rotated	9118	24
atg000001l_rc_rotated	9119	24
atg000001l_rc_rotated	9120	24
atg000001l_rc_rotated	9121	24
atg000001l_rc_rotated	9122	24
atg000001l_rc_rotated	9123	24
atg000001l_rc_rotated	9124	24
atg000001l_rc_rotated	9125	24
atg000001l_rc_rotated	9126	24
atg000001l_rc_rotated	9127	24
atg000001l_rc_rotated	9128	24
atg000001l_rc_rotated	9129	24
atg000001l_rc_rotated	9130	24
atg000001l_rc_rotated	9131	24
atg000001l_rc_rotated	9132	24
atg000001l_rc_rotated	9133	24
atg000001l_rc_rotated	9134	24
atg000001l_rc_rotated	9135	24
atg000001l_rc_rotated	9136	24
atg000001l_rc_rotated	9137	24
atg000001l_rc_rotated	9138	24
atg000001l_rc_rotated	9139	24
atg000001l_rc_rotated	9140	24
atg000001l_rc_rotated	9141	24
atg000001l_rc_rotated	9142	24
atg000001l_rc_rotated	9143	24
atg000001l_rc_rotated	9144	24
atg000001l_rc_rotated	9145	24
atg000001l_rc_rotated	9146	24
atg000001l_rc_rotated	9147	24
atg000001l_rc_rotated	9148	24
atg000001l_rc_rotated	9149	24
atg000001l_rc_rotated	9150	24
atg000001l_rc_rotated	9151	24
atg000001l_rc_rotated	9152	24
atg000001l_rc_rotated	9153	24
atg000001l_rc_rotated	9154	24
atg000001l_rc_rotated	9155	24
atg000001l_rc_rotated	9156	24
atg000001l_rc_rotated	9157	24
atg000001l_rc_rotated	9158	24
atg000001l_rc_rotated	9159	24
atg000001l_rc_rotated	9160	24
atg000001l_rc_rotated	9161	24
atg000001l_rc_rotated	9162	24
atg000001l_rc_rotated	9163	24
atg000001l_rc_rotated	9164	24
atg000001l_rc_rotated	9165	24
atg000001l_rc_rotated	9166	24
atg000001l_rc_rotated	9167	24
atg000001l_rc_rotated	9168	24
atg000001l_rc_rotated	9169	24
atg000001l_rc_rotated	9170	24
atg000001l_rc_rotated	9171	24
atg000001l_rc_rotated	9172	24
atg000001l_rc_rotated	9173	24
atg000001l_rc_rotated	9174	24
atg000001l_rc_rotated	9175	24
atg000001l_rc_rotated	9176	24
atg000001l_rc_rotated	9177	24
atg000001l_rc_rotated	9178	24
atg000001l_rc_rotated	9179	24
atg000001l_rc_rotated	9180	24
atg000001l_rc_rotated	9181	24
atg000001l_rc_rotated	9182	24
atg000001l_rc_rotated	9183	24
atg000001l_rc_rotated	9184	24
atg000001l_rc_rotated	9185	24
atg000001l_rc_rotated	9186	24
atg000001l_rc_rotated	9187	24
atg000001l_rc_rotated	9188	24
atg000001l_rc_rotated	9189	24
atg000001l_rc_rotated	9190	24
atg000001l_rc_rotated	9191	24
atg000001l_rc_rotated	9192	24
atg000001l_rc_rotated	9193	24
atg000001l_rc_rotated	9194	24
atg000001l_rc_rotated	9195	24
atg000001l_rc_rotated	9196	24
atg000001l_rc_rotated	9197	24
atg000001l_rc_rotated	9198	24
atg000001l_rc_rotated	9199	24
atg000001l_rc_rotated	9200	24
atg000001l_rc_rotated	9201	24
atg000001l_rc_rotated	9202	24
atg000001l_rc_rotated	9203	24
atg000001l_rc_rotated	9204	24
atg000001l_rc_rotated	9205	24
atg000001l_rc_rotated	9206	24
atg000001l_rc_rotated	9207	24
atg000001l_rc_rotated	9208	24
atg000001l_rc_rotated	9209	24
atg000001l_rc_rotated	9210	24
atg000001l_rc_rotated	9211	24
atg000001l_rc_rotated	9212	24
atg000001l_rc_rotated	9213	24
atg000001l_rc_rotated	9214	24
atg000001l_rc_rotated	9215	24
atg000001l_rc_rotated	9216	24
atg000001l_rc_rotated	9217	24
atg000001l_rc_rotated	9218	24
atg000001l_rc_rotated	9219	24
atg000001l_rc_rotated	9220	24
atg000001l_rc_rotated	9221	24
atg000001l_rc_rotated	9222	24
atg000001l_rc_rotated	9223	24
atg000001l_rc_rotated	9224	24
atg000001l_rc_rotated	9225	24
atg000001l_rc_rotated	9226	24
atg000001l_rc_rotated	9227	24
atg000001l_rc_rotated	9228	24
atg000001l_rc_rotated	9229	24
atg000001l_rc_rotated	9230	24
atg000001l_rc_rotated	9231	24
atg000001l_rc_rotated	9232	24
atg000001l_rc_rotated	9233	24
atg000001l_rc_rotated	9234	24
atg000001l_rc_rotated	9235	24
atg000001l_rc_rotated	9236	24
atg000001l_rc_rotated	9237	24
atg000001l_rc_rotated	9238	24
atg000001l_rc_rotated	9239	24
atg000001l_rc_rotated	9240	24
atg000001l_rc_rotated	9241	24
atg000001l_rc_rotated	9242	24
atg000001l_rc_rotated	9243	24
atg000001l_rc_rotated	9244	24
atg000001l_rc_rotated	9245	24
atg000001l_rc_rotated	9246	24
atg000001l_rc_rotated	9247	24
atg000001l_rc_rotated	9248	24
atg000001l_rc_rotated	9249	24
atg000001l_rc_rotated	9250	24
atg000001l_rc_rotated	9251	24
atg000001l_rc_rotated	9252	24
atg000001l_rc_rotated	9253	24
atg000001l_rc_rotated	9254	24
atg000001l_rc_rotated	9255	24
atg000001l_rc_rotated	9256	24
atg000001l_rc_rotated	9257	24
atg000001l_rc_rotated	9258	24
atg000001l_rc_rotated	9259	24
atg000001l_rc_rotated	9260	24
atg000001l_rc_rotated	9261	24
atg000001l_rc_rotated	9262	24
atg000001l_rc_rotated	9263	24
atg000001l_rc_rotated	9264	24
atg000001l_rc_rotated	9265	24
atg000001l_rc_rotated	9266	24
atg000001l_rc_rotated	9267	24
atg000001l_rc_rotated	9268	24
atg000001l_rc_rotated	9269	24
atg000001l_rc_rotated	9270	24
atg000001l_rc_rotated	9271	24
atg000001l_rc_rotated	9272	24
atg000001l_rc_rotated	9273	24
atg000001l_rc_rotated	9274	24
atg000001l_rc_rotated	9275	24
atg000001l_rc_rotated	9276	24
atg000001l_rc_rotated	9277	24
atg000001l_rc_rotated	9278	24
atg000001l_rc_rotated	9279	24
atg000001l_rc_rotated	9280	24
atg000001l_rc_rotated	9281	24
atg000001l_rc_rotated	9282	24
atg000001l_rc_rotated	9283	24
atg000001l_rc_rotated	9284	24
atg000001l_rc_rotated	9285	24
atg000001l_rc_rotated	9286	24
atg000001l_rc_rotated	9287	24
atg000001l_rc_rotated	9288	24
atg000001l_rc_rotated	9289	24
atg000001l_rc_rotated	9290	24
atg000001l_rc_rotated	9291	24
atg000001l_rc_rotated	9292	24
atg000001l_rc_rotated	9293	24
atg000001l_rc_rotated	9294	24
atg000001l_rc_rotated	9295	24
atg000001l_rc_rotated	9296	24
atg000001l_rc_rotated	9297	24
atg000001l_rc_rotated	9298	24
atg000001l_rc_rotated	9299	24
atg000001l_rc_rotated	9300	24
atg000001l_rc_rotated	9301	24
atg000001l_rc_rotated	9302	24
atg000001l_rc_rotated	9303	24
atg000001l_rc_rotated	9304	24
atg000001l_rc_rotated	9305	24
atg000001l_rc_rotated	9306	24
atg000001l_rc_rotated	9307	24
atg000001l_rc_rotated	9308	24
atg000001l_rc_rotated	9309	24
atg000001l_rc_rotated	9310	24
atg000001l_rc_rotated	9311	24
atg000001l_rc_rotated	9312	24
atg000001l_rc_rotated	9313	24
atg000001l_rc_rotated	9314	24
atg000001l_rc_rotated	9315	24
atg000001l_rc_rotated	9316	24
atg000001l_rc_rotated	9317	24
atg000001l_rc_rotated	9318	24
atg000001l_rc_rotated	9319	24
atg000001l_rc_rotated	9320	24
atg000001l_rc_rotated	9321	24
atg000001l_rc_rotated	9322	24
atg000001l_rc_rotated	9323	24
atg000001l_rc_rotated	9324	24
atg000001l_rc_rotated	9325	24
atg000001l_rc_rotated	9326	24
atg000001l_rc_rotated	9327	24
atg000001l_rc_rotated	9328	24
atg000001l_rc_rotated	9329	24
atg000001l_rc_rotated	9330	24
atg000001l_rc_rotated	9331	24
atg000001l_rc_rotated	9332	24
atg000001l_rc_rotated	9333	24
atg000001l_rc_rotated	9334	24
atg000001l_rc_rotated	9335	24
atg000001l_rc_rotated	9336	24
atg000001l_rc_rotated	9337	24
atg000001l_rc_rotated	9338	24
atg000001l_rc_rotated	9339	24
atg000001l_rc_rotated	9340	24
atg000001l_rc_rotated	9341	24
atg000001l_rc_rotated	9342	24
atg000001l_rc_rotated	9343	24
atg000001l_rc_rotated	9344	24
atg000001l_rc_rotated	9345	24
atg000001l_rc_rotated	9346	24
atg000001l_rc_rotated	9347	24
atg000001l_rc_rotated	9348	24
atg000001l_rc_rotated	9349	24
atg000001l_rc_rotated	9350	24
atg000001l_rc_rotated	9351	24
atg000001l_rc_rotated	9352	24
atg000001l_rc_rotated	9353	24
atg000001l_rc_rotated	9354	24
atg000001l_rc_rotated	9355	24
atg000001l_rc_rotated	9356	24
atg000001l_rc_rotated	9357	24
atg000001l_rc_rotated	9358	24
atg000001l_rc_rotated	9359	24
atg000001l_rc_rotated	9360	24
atg000001l_rc_rotated	9361	24
atg000001l_rc_rotated	9362	24
atg000001l_rc_rotated	9363	24
atg000001l_rc_rotated	9364	24
atg000001l_rc_rotated	9365	24
atg000001l_rc_rotated	9366	24
atg000001l_rc_rotated	9367	24
atg000001l_rc_rotated	9368	24
atg000001l_rc_rotated	9369	24
atg000001l_rc_rotated	9370	24
atg000001l_rc_rotated	9371	24
atg000001l_rc_rotated	9372	24
atg000001l_rc_rotated	9373	24
atg000001l_rc_rotated	9374	24
atg000001l_rc_rotated	9375	24
atg000001l_rc_rotated	9376	24
atg000001l_rc_rotated	9377	24
atg000001l_rc_rotated	9378	24
atg000001l_rc_rotated	9379	24
atg000001l_rc_rotated	9380	24
atg000001l_rc_rotated	9381	24
atg000001l_rc_rotated	9382	24
atg000001l_rc_rotated	9383	24
atg000001l_rc_rotated	9384	24
atg000001l_rc_rotated	9385	24
atg000001l_rc_rotated	9386	24
atg000001l_rc_rotated	9387	24
atg000001l_rc_rotated	9388	24
atg000001l_rc_rotated	9389	24
atg000001l_rc_rotated	9390	24
atg000001l_rc_rotated	9391	24
atg000001l_rc_rotated	9392	24
atg000001l_rc_rotated	9393	24
atg000001l_rc_rotated	9394	24
atg000001l_rc_rotated	9395	24
atg000001l_rc_rotated	9396	24
atg000001l_rc_rotated	9397	24
atg000001l_rc_rotated	9398	24
atg000001l_rc_rotated	9399	24
atg000001l_rc_rotated	9400	24
atg000001l_rc_rotated	9401	24
atg000001l_rc_rotated	9402	24
atg000001l_rc_rotated	9403	24
atg000001l_rc_rotated	9404	24
atg000001l_rc_rotated	9405	24
atg000001l_rc_rotated	9406	24
atg000001l_rc_rotated	9407	24
atg000001l_rc_rotated	9408	24
atg000001l_rc_rotated	9409	24
atg000001l_rc_rotated	9410	24
atg000001l_rc_rotated	9411	24
atg000001l_rc_rotated	9412	24
atg000001l_rc_rotated	9413	24
atg000001l_rc_rotated	9414	24
atg000001l_rc_rotated	9415	24
atg000001l_rc_rotated	9416	24
atg000001l_rc_rotated	9417	24
atg000001l_rc_rotated	9418	24
atg000001l_rc_rotated	9419	24
atg000001l_rc_rotated	9420	24
atg000001l_rc_rotated	9421	24
atg000001l_rc_rotated	9422	24
atg000001l_rc_rotated	9423	24
atg000001l_rc_rotated	9424	24
atg000001l_rc_rotated	9425	24
atg000001l_rc_rotated	9426	24
atg000001l_rc_rotated	9427	24
atg000001l_rc_rotated	9428	24
atg000001l_rc_rotated	9429	24
atg000001l_rc_rotated	9430	24
atg000001l_rc_rotated	9431	24
atg000001l_rc_rotated	9432	24
atg000001l_rc_rotated	9433	24
atg000001l_rc_rotated	9434	24
atg000001l_rc_rotated	9435	24
atg000001l_rc_rotated	9436	24
atg000001l_rc_rotated	9437	24
atg000001l_rc_rotated	9438	24
atg000001l_rc_rotated	9439	24
atg000001l_rc_rotated	9440	24
atg000001l_rc_rotated	9441	24
atg000001l_rc_rotated	9442	24
atg000001l_rc_rotated	9443	24
atg000001l_rc_rotated	9444	24
atg000001l_rc_rotated	9445	24
atg000001l_rc_rotated	9446	24
atg000001l_rc_rotated	9447	24
atg000001l_rc_rotated	9448	24
atg000001l_rc_rotated	9449	24
atg000001l_rc_rotated	9450	24
atg000001l_rc_rotated	9451	24
atg000001l_rc_rotated	9452	24
atg000001l_rc_rotated	9453	24
atg000001l_rc_rotated	9454	23
atg000001l_rc_rotated	9455	23
atg000001l_rc_rotated	9456	23
atg000001l_rc_rotated	9457	23
atg000001l_rc_rotated	9458	23
atg000001l_rc_rotated	9459	23
atg000001l_rc_rotated	9460	23
atg000001l_rc_rotated	9461	23
atg000001l_rc_rotated	9462	23
atg000001l_rc_rotated	9463	23
atg000001l_rc_rotated	9464	23
atg000001l_rc_rotated	9465	23
atg000001l_rc_rotated	9466	23
atg000001l_rc_rotated	9467	24
atg000001l_rc_rotated	9468	24
atg000001l_rc_rotated	9469	24
atg000001l_rc_rotated	9470	24
atg000001l_rc_rotated	9471	24
atg000001l_rc_rotated	9472	24
atg000001l_rc_rotated	9473	24
atg000001l_rc_rotated	9474	24
atg000001l_rc_rotated	9475	24
atg000001l_rc_rotated	9476	24
atg000001l_rc_rotated	9477	24
atg000001l_rc_rotated	9478	24
atg000001l_rc_rotated	9479	24
atg000001l_rc_rotated	9480	24
atg000001l_rc_rotated	9481	24
atg000001l_rc_rotated	9482	24
atg000001l_rc_rotated	9483	24
atg000001l_rc_rotated	9484	24
atg000001l_rc_rotated	9485	24
atg000001l_rc_rotated	9486	24
atg000001l_rc_rotated	9487	24
atg000001l_rc_rotated	9488	24
atg000001l_rc_rotated	9489	24
atg000001l_rc_rotated	9490	24
atg000001l_rc_rotated	9491	24
atg000001l_rc_rotated	9492	24
atg000001l_rc_rotated	9493	24
atg000001l_rc_rotated	9494	24
atg000001l_rc_rotated	9495	24
atg000001l_rc_rotated	9496	24
atg000001l_rc_rotated	9497	24
atg000001l_rc_rotated	9498	24
atg000001l_rc_rotated	9499	24
atg000001l_rc_rotated	9500	24
atg000001l_rc_rotated	9501	24
atg000001l_rc_rotated	9502	24
atg000001l_rc_rotated	9503	24
atg000001l_rc_rotated	9504	24
atg000001l_rc_rotated	9505	24
atg000001l_rc_rotated	9506	24
atg000001l_rc_rotated	9507	24
atg000001l_rc_rotated	9508	24
atg000001l_rc_rotated	9509	24
atg000001l_rc_rotated	9510	24
atg000001l_rc_rotated	9511	24
atg000001l_rc_rotated	9512	24
atg000001l_rc_rotated	9513	24
atg000001l_rc_rotated	9514	24
atg000001l_rc_rotated	9515	24
atg000001l_rc_rotated	9516	24
atg000001l_rc_rotated	9517	24
atg000001l_rc_rotated	9518	23
atg000001l_rc_rotated	9519	23
atg000001l_rc_rotated	9520	23
atg000001l_rc_rotated	9521	23
atg000001l_rc_rotated	9522	23
atg000001l_rc_rotated	9523	23
atg000001l_rc_rotated	9524	23
atg000001l_rc_rotated	9525	23
atg000001l_rc_rotated	9526	23
atg000001l_rc_rotated	9527	23
atg000001l_rc_rotated	9528	23
atg000001l_rc_rotated	9529	23
atg000001l_rc_rotated	9530	23
atg000001l_rc_rotated	9531	23
atg000001l_rc_rotated	9532	23
atg000001l_rc_rotated	9533	23
atg000001l_rc_rotated	9534	23
atg000001l_rc_rotated	9535	23
atg000001l_rc_rotated	9536	23
atg000001l_rc_rotated	9537	23
atg000001l_rc_rotated	9538	23
atg000001l_rc_rotated	9539	23
atg000001l_rc_rotated	9540	23
atg000001l_rc_rotated	9541	23
atg000001l_rc_rotated	9542	23
atg000001l_rc_rotated	9543	23
atg000001l_rc_rotated	9544	23
atg000001l_rc_rotated	9545	23
atg000001l_rc_rotated	9546	23
atg000001l_rc_rotated	9547	23
atg000001l_rc_rotated	9548	23
atg000001l_rc_rotated	9549	23
atg000001l_rc_rotated	9550	23
atg000001l_rc_rotated	9551	23
atg000001l_rc_rotated	9552	23
atg000001l_rc_rotated	9553	23
atg000001l_rc_rotated	9554	23
atg000001l_rc_rotated	9555	23
atg000001l_rc_rotated	9556	23
atg000001l_rc_rotated	9557	23
atg000001l_rc_rotated	9558	23
atg000001l_rc_rotated	9559	23
atg000001l_rc_rotated	9560	23
atg000001l_rc_rotated	9561	23
atg000001l_rc_rotated	9562	23
atg000001l_rc_rotated	9563	23
atg000001l_rc_rotated	9564	23
atg000001l_rc_rotated	9565	23
atg000001l_rc_rotated	9566	23
atg000001l_rc_rotated	9567	23
atg000001l_rc_rotated	9568	23
atg000001l_rc_rotated	9569	23
atg000001l_rc_rotated	9570	23
atg000001l_rc_rotated	9571	23
atg000001l_rc_rotated	9572	23
atg000001l_rc_rotated	9573	23
atg000001l_rc_rotated	9574	23
atg000001l_rc_rotated	9575	23
atg000001l_rc_rotated	9576	23
atg000001l_rc_rotated	9577	23
atg000001l_rc_rotated	9578	23
atg000001l_rc_rotated	9579	23
atg000001l_rc_rotated	9580	23
atg000001l_rc_rotated	9581	23
atg000001l_rc_rotated	9582	23
atg000001l_rc_rotated	9583	23
atg000001l_rc_rotated	9584	23
atg000001l_rc_rotated	9585	23
atg000001l_rc_rotated	9586	23
atg000001l_rc_rotated	9587	23
atg000001l_rc_rotated	9588	23
atg000001l_rc_rotated	9589	23
atg000001l_rc_rotated	9590	23
atg000001l_rc_rotated	9591	23
atg000001l_rc_rotated	9592	23
atg000001l_rc_rotated	9593	23
atg000001l_rc_rotated	9594	23
atg000001l_rc_rotated	9595	23
atg000001l_rc_rotated	9596	23
atg000001l_rc_rotated	9597	23
atg000001l_rc_rotated	9598	23
atg000001l_rc_rotated	9599	23
atg000001l_rc_rotated	9600	23
atg000001l_rc_rotated	9601	23
atg000001l_rc_rotated	9602	23
atg000001l_rc_rotated	9603	23
atg000001l_rc_rotated	9604	23
atg000001l_rc_rotated	9605	23
atg000001l_rc_rotated	9606	23
atg000001l_rc_rotated	9607	23
atg000001l_rc_rotated	9608	23
atg000001l_rc_rotated	9609	23
atg000001l_rc_rotated	9610	23
atg000001l_rc_rotated	9611	23
atg000001l_rc_rotated	9612	23
atg000001l_rc_rotated	9613	23
atg000001l_rc_rotated	9614	23
atg000001l_rc_rotated	9615	23
atg000001l_rc_rotated	9616	23
atg000001l_rc_rotated	9617	23
atg000001l_rc_rotated	9618	23
atg000001l_rc_rotated	9619	23
atg000001l_rc_rotated	9620	23
atg000001l_rc_rotated	9621	23
atg000001l_rc_rotated	9622	23
atg000001l_rc_rotated	9623	23
atg000001l_rc_rotated	9624	23
atg000001l_rc_rotated	9625	23
atg000001l_rc_rotated	9626	23
atg000001l_rc_rotated	9627	23
atg000001l_rc_rotated	9628	23
atg000001l_rc_rotated	9629	23
atg000001l_rc_rotated	9630	23
atg000001l_rc_rotated	9631	23
atg000001l_rc_rotated	9632	23
atg000001l_rc_rotated	9633	23
atg000001l_rc_rotated	9634	23
atg000001l_rc_rotated	9635	23
atg000001l_rc_rotated	9636	23
atg000001l_rc_rotated	9637	23
atg000001l_rc_rotated	9638	23
atg000001l_rc_rotated	9639	23
atg000001l_rc_rotated	9640	23
atg000001l_rc_rotated	9641	23
atg000001l_rc_rotated	9642	23
atg000001l_rc_rotated	9643	23
atg000001l_rc_rotated	9644	23
atg000001l_rc_rotated	9645	23
atg000001l_rc_rotated	9646	23
atg000001l_rc_rotated	9647	23
atg000001l_rc_rotated	9648	23
atg000001l_rc_rotated	9649	23
atg000001l_rc_rotated	9650	23
atg000001l_rc_rotated	9651	23
atg000001l_rc_rotated	9652	23
atg000001l_rc_rotated	9653	23
atg000001l_rc_rotated	9654	23
atg000001l_rc_rotated	9655	23
atg000001l_rc_rotated	9656	23
atg000001l_rc_rotated	9657	23
atg000001l_rc_rotated	9658	23
atg000001l_rc_rotated	9659	23
atg000001l_rc_rotated	9660	23
atg000001l_rc_rotated	9661	23
atg000001l_rc_rotated	9662	23
atg000001l_rc_rotated	9663	23
atg000001l_rc_rotated	9664	23
atg000001l_rc_rotated	9665	23
atg000001l_rc_rotated	9666	23
atg000001l_rc_rotated	9667	23
atg000001l_rc_rotated	9668	23
atg000001l_rc_rotated	9669	23
atg000001l_rc_rotated	9670	23
atg000001l_rc_rotated	9671	23
atg000001l_rc_rotated	9672	23
atg000001l_rc_rotated	9673	23
atg000001l_rc_rotated	9674	23
atg000001l_rc_rotated	9675	23
atg000001l_rc_rotated	9676	23
atg000001l_rc_rotated	9677	23
atg000001l_rc_rotated	9678	23
atg000001l_rc_rotated	9679	23
atg000001l_rc_rotated	9680	23
atg000001l_rc_rotated	9681	23
atg000001l_rc_rotated	9682	23
atg000001l_rc_rotated	9683	23
atg000001l_rc_rotated	9684	23
atg000001l_rc_rotated	9685	23
atg000001l_rc_rotated	9686	23
atg000001l_rc_rotated	9687	23
atg000001l_rc_rotated	9688	23
atg000001l_rc_rotated	9689	23
atg000001l_rc_rotated	9690	23
atg000001l_rc_rotated	9691	23
atg000001l_rc_rotated	9692	23
atg000001l_rc_rotated	9693	23
atg000001l_rc_rotated	9694	23
atg000001l_rc_rotated	9695	23
atg000001l_rc_rotated	9696	23
atg000001l_rc_rotated	9697	23
atg000001l_rc_rotated	9698	23
atg000001l_rc_rotated	9699	23
atg000001l_rc_rotated	9700	23
atg000001l_rc_rotated	9701	23
atg000001l_rc_rotated	9702	23
atg000001l_rc_rotated	9703	23
atg000001l_rc_rotated	9704	23
atg000001l_rc_rotated	9705	23
atg000001l_rc_rotated	9706	23
atg000001l_rc_rotated	9707	23
atg000001l_rc_rotated	9708	23
atg000001l_rc_rotated	9709	23
atg000001l_rc_rotated	9710	23
atg000001l_rc_rotated	9711	23
atg000001l_rc_rotated	9712	23
atg000001l_rc_rotated	9713	23
atg000001l_rc_rotated	9714	23
atg000001l_rc_rotated	9715	23
atg000001l_rc_rotated	9716	23
atg000001l_rc_rotated	9717	23
atg000001l_rc_rotated	9718	23
atg000001l_rc_rotated	9719	23
atg000001l_rc_rotated	9720	23
atg000001l_rc_rotated	9721	23
atg000001l_rc_rotated	9722	23
atg000001l_rc_rotated	9723	23
atg000001l_rc_rotated	9724	23
atg000001l_rc_rotated	9725	23
atg000001l_rc_rotated	9726	23
atg000001l_rc_rotated	9727	23
atg000001l_rc_rotated	9728	23
atg000001l_rc_rotated	9729	23
atg000001l_rc_rotated	9730	23
atg000001l_rc_rotated	9731	23
atg000001l_rc_rotated	9732	23
atg000001l_rc_rotated	9733	23
atg000001l_rc_rotated	9734	23
atg000001l_rc_rotated	9735	23
atg000001l_rc_rotated	9736	23
atg000001l_rc_rotated	9737	23
atg000001l_rc_rotated	9738	23
atg000001l_rc_rotated	9739	23
atg000001l_rc_rotated	9740	23
atg000001l_rc_rotated	9741	23
atg000001l_rc_rotated	9742	23
atg000001l_rc_rotated	9743	23
atg000001l_rc_rotated	9744	23
atg000001l_rc_rotated	9745	23
atg000001l_rc_rotated	9746	23
atg000001l_rc_rotated	9747	23
atg000001l_rc_rotated	9748	23
atg000001l_rc_rotated	9749	23
atg000001l_rc_rotated	9750	23
atg000001l_rc_rotated	9751	23
atg000001l_rc_rotated	9752	23
atg000001l_rc_rotated	9753	23
atg000001l_rc_rotated	9754	23
atg000001l_rc_rotated	9755	23
atg000001l_rc_rotated	9756	23
atg000001l_rc_rotated	9757	23
atg000001l_rc_rotated	9758	23
atg000001l_rc_rotated	9759	23
atg000001l_rc_rotated	9760	23
atg000001l_rc_rotated	9761	23
atg000001l_rc_rotated	9762	23
atg000001l_rc_rotated	9763	23
atg000001l_rc_rotated	9764	23
atg000001l_rc_rotated	9765	23
atg000001l_rc_rotated	9766	23
atg000001l_rc_rotated	9767	23
atg000001l_rc_rotated	9768	23
atg000001l_rc_rotated	9769	23
atg000001l_rc_rotated	9770	23
atg000001l_rc_rotated	9771	23
atg000001l_rc_rotated	9772	23
atg000001l_rc_rotated	9773	23
atg000001l_rc_rotated	9774	23
atg000001l_rc_rotated	9775	23
atg000001l_rc_rotated	9776	23
atg000001l_rc_rotated	9777	23
atg000001l_rc_rotated	9778	23
atg000001l_rc_rotated	9779	23
atg000001l_rc_rotated	9780	23
atg000001l_rc_rotated	9781	23
atg000001l_rc_rotated	9782	23
atg000001l_rc_rotated	9783	23
atg000001l_rc_rotated	9784	23
atg000001l_rc_rotated	9785	23
atg000001l_rc_rotated	9786	23
atg000001l_rc_rotated	9787	23
atg000001l_rc_rotated	9788	23
atg000001l_rc_rotated	9789	23
atg000001l_rc_rotated	9790	23
atg000001l_rc_rotated	9791	23
atg000001l_rc_rotated	9792	23
atg000001l_rc_rotated	9793	23
atg000001l_rc_rotated	9794	23
atg000001l_rc_rotated	9795	23
atg000001l_rc_rotated	9796	23
atg000001l_rc_rotated	9797	23
atg000001l_rc_rotated	9798	23
atg000001l_rc_rotated	9799	23
atg000001l_rc_rotated	9800	23
atg000001l_rc_rotated	9801	23
atg000001l_rc_rotated	9802	23
atg000001l_rc_rotated	9803	23
atg000001l_rc_rotated	9804	23
atg000001l_rc_rotated	9805	23
atg000001l_rc_rotated	9806	23
atg000001l_rc_rotated	9807	23
atg000001l_rc_rotated	9808	23
atg000001l_rc_rotated	9809	23
atg000001l_rc_rotated	9810	23
atg000001l_rc_rotated	9811	23
atg000001l_rc_rotated	9812	23
atg000001l_rc_rotated	9813	23
atg000001l_rc_rotated	9814	23
atg000001l_rc_rotated	9815	23
atg000001l_rc_rotated	9816	23
atg000001l_rc_rotated	9817	23
atg000001l_rc_rotated	9818	23
atg000001l_rc_rotated	9819	23
atg000001l_rc_rotated	9820	23
atg000001l_rc_rotated	9821	23
atg000001l_rc_rotated	9822	23
atg000001l_rc_rotated	9823	23
atg000001l_rc_rotated	9824	23
atg000001l_rc_rotated	9825	23
atg000001l_rc_rotated	9826	23
atg000001l_rc_rotated	9827	23
atg000001l_rc_rotated	9828	23
atg000001l_rc_rotated	9829	23
atg000001l_rc_rotated	9830	23
atg000001l_rc_rotated	9831	23
atg000001l_rc_rotated	9832	23
atg000001l_rc_rotated	9833	23
atg000001l_rc_rotated	9834	23
atg000001l_rc_rotated	9835	23
atg000001l_rc_rotated	9836	23
atg000001l_rc_rotated	9837	23
atg000001l_rc_rotated	9838	23
atg000001l_rc_rotated	9839	23
atg000001l_rc_rotated	9840	23
atg000001l_rc_rotated	9841	23
atg000001l_rc_rotated	9842	23
atg000001l_rc_rotated	9843	23
atg000001l_rc_rotated	9844	23
atg000001l_rc_rotated	9845	23
atg000001l_rc_rotated	9846	23
atg000001l_rc_rotated	9847	23
atg000001l_rc_rotated	9848	23
atg000001l_rc_rotated	9849	23
atg000001l_rc_rotated	9850	23
atg000001l_rc_rotated	9851	23
atg000001l_rc_rotated	9852	23
atg000001l_rc_rotated	9853	23
atg000001l_rc_rotated	9854	23
atg000001l_rc_rotated	9855	23
atg000001l_rc_rotated	9856	23
atg000001l_rc_rotated	9857	23
atg000001l_rc_rotated	9858	23
atg000001l_rc_rotated	9859	23
atg000001l_rc_rotated	9860	23
atg000001l_rc_rotated	9861	23
atg000001l_rc_rotated	9862	23
atg000001l_rc_rotated	9863	23
atg000001l_rc_rotated	9864	23
atg000001l_rc_rotated	9865	23
atg000001l_rc_rotated	9866	23
atg000001l_rc_rotated	9867	23
atg000001l_rc_rotated	9868	23
atg000001l_rc_rotated	9869	23
atg000001l_rc_rotated	9870	23
atg000001l_rc_rotated	9871	23
atg000001l_rc_rotated	9872	23
atg000001l_rc_rotated	9873	23
atg000001l_rc_rotated	9874	23
atg000001l_rc_rotated	9875	23
atg000001l_rc_rotated	9876	23
atg000001l_rc_rotated	9877	23
atg000001l_rc_rotated	9878	23
atg000001l_rc_rotated	9879	23
atg000001l_rc_rotated	9880	23
atg000001l_rc_rotated	9881	23
atg000001l_rc_rotated	9882	23
atg000001l_rc_rotated	9883	23
atg000001l_rc_rotated	9884	23
atg000001l_rc_rotated	9885	23
atg000001l_rc_rotated	9886	23
atg000001l_rc_rotated	9887	23
atg000001l_rc_rotated	9888	23
atg000001l_rc_rotated	9889	23
atg000001l_rc_rotated	9890	23
atg000001l_rc_rotated	9891	23
atg000001l_rc_rotated	9892	23
atg000001l_rc_rotated	9893	23
atg000001l_rc_rotated	9894	23
atg000001l_rc_rotated	9895	23
atg000001l_rc_rotated	9896	23
atg000001l_rc_rotated	9897	23
atg000001l_rc_rotated	9898	23
atg000001l_rc_rotated	9899	23
atg000001l_rc_rotated	9900	23
atg000001l_rc_rotated	9901	23
atg000001l_rc_rotated	9902	23
atg000001l_rc_rotated	9903	23
atg000001l_rc_rotated	9904	23
atg000001l_rc_rotated	9905	23
atg000001l_rc_rotated	9906	23
atg000001l_rc_rotated	9907	23
atg000001l_rc_rotated	9908	23
atg000001l_rc_rotated	9909	23
atg000001l_rc_rotated	9910	23
atg000001l_rc_rotated	9911	23
atg000001l_rc_rotated	9912	23
atg000001l_rc_rotated	9913	23
atg000001l_rc_rotated	9914	23
atg000001l_rc_rotated	9915	23
atg000001l_rc_rotated	9916	23
atg000001l_rc_rotated	9917	23
atg000001l_rc_rotated	9918	23
atg000001l_rc_rotated	9919	23
atg000001l_rc_rotated	9920	23
atg000001l_rc_rotated	9921	23
atg000001l_rc_rotated	9922	23
atg000001l_rc_rotated	9923	23
atg000001l_rc_rotated	9924	23
atg000001l_rc_rotated	9925	23
atg000001l_rc_rotated	9926	23
atg000001l_rc_rotated	9927	23
atg000001l_rc_rotated	9928	23
atg000001l_rc_rotated	9929	23
atg000001l_rc_rotated	9930	23
atg000001l_rc_rotated	9931	23
atg000001l_rc_rotated	9932	23
atg000001l_rc_rotated	9933	23
atg000001l_rc_rotated	9934	23
atg000001l_rc_rotated	9935	23
atg000001l_rc_rotated	9936	23
atg000001l_rc_rotated	9937	23
atg000001l_rc_rotated	9938	23
atg000001l_rc_rotated	9939	23
atg000001l_rc_rotated	9940	23
atg000001l_rc_rotated	9941	23
atg000001l_rc_rotated	9942	23
atg000001l_rc_rotated	9943	23
atg000001l_rc_rotated	9944	23
atg000001l_rc_rotated	9945	23
atg000001l_rc_rotated	9946	23
atg000001l_rc_rotated	9947	23
atg000001l_rc_rotated	9948	23
atg000001l_rc_rotated	9949	23
atg000001l_rc_rotated	9950	23
atg000001l_rc_rotated	9951	23
atg000001l_rc_rotated	9952	23
atg000001l_rc_rotated	9953	23
atg000001l_rc_rotated	9954	23
atg000001l_rc_rotated	9955	23
atg000001l_rc_rotated	9956	23
atg000001l_rc_rotated	9957	23
atg000001l_rc_rotated	9958	23
atg000001l_rc_rotated	9959	23
atg000001l_rc_rotated	9960	23
atg000001l_rc_rotated	9961	23
atg000001l_rc_rotated	9962	23
atg000001l_rc_rotated	9963	23
atg000001l_rc_rotated	9964	23
atg000001l_rc_rotated	9965	23
atg000001l_rc_rotated	9966	23
atg000001l_rc_rotated	9967	23
atg000001l_rc_rotated	9968	23
atg000001l_rc_rotated	9969	23
atg000001l_rc_rotated	9970	23
atg000001l_rc_rotated	9971	23
atg000001l_rc_rotated	9972	23
atg000001l_rc_rotated	9973	23
atg000001l_rc_rotated	9974	23
atg000001l_rc_rotated	9975	23
atg000001l_rc_rotated	9976	23
atg000001l_rc_rotated	9977	23
atg000001l_rc_rotated	9978	23
atg000001l_rc_rotated	9979	23
atg000001l_rc_rotated	9980	23
atg000001l_rc_rotated	9981	23
atg000001l_rc_rotated	9982	23
atg000001l_rc_rotated	9983	23
atg000001l_rc_rotated	9984	23
atg000001l_rc_rotated	9985	23
atg000001l_rc_rotated	9986	23
atg000001l_rc_rotated	9987	23
atg000001l_rc_rotated	9988	23
atg000001l_rc_rotated	9989	23
atg000001l_rc_rotated	9990	23
atg000001l_rc_rotated	9991	23
atg000001l_rc_rotated	9992	23
atg000001l_rc_rotated	9993	23
atg000001l_rc_rotated	9994	23
atg000001l_rc_rotated	9995	23
atg000001l_rc_rotated	9996	23
atg000001l_rc_rotated	9997	23
atg000001l_rc_rotated	9998	23
atg000001l_rc_rotated	9999	23
atg000001l_rc_rotated	10000	23
atg000001l_rc_rotated	10001	23
atg000001l_rc_rotated	10002	23
atg000001l_rc_rotated	10003	23
atg000001l_rc_rotated	10004	23
atg000001l_rc_rotated	10005	23
atg000001l_rc_rotated	10006	23
atg000001l_rc_rotated	10007	23
atg000001l_rc_rotated	10008	23
atg000001l_rc_rotated	10009	23
atg000001l_rc_rotated	10010	23
atg000001l_rc_rotated	10011	23
atg000001l_rc_rotated	10012	23
atg000001l_rc_rotated	10013	23
atg000001l_rc_rotated	10014	23
atg000001l_rc_rotated	10015	23
atg000001l_rc_rotated	10016	23
atg000001l_rc_rotated	10017	23
atg000001l_rc_rotated	10018	23
atg000001l_rc_rotated	10019	23
atg000001l_rc_rotated	10020	23
atg000001l_rc_rotated	10021	23
atg000001l_rc_rotated	10022	23
atg000001l_rc_rotated	10023	23
atg000001l_rc_rotated	10024	23
atg000001l_rc_rotated	10025	23
atg000001l_rc_rotated	10026	23
atg000001l_rc_rotated	10027	23
atg000001l_rc_rotated	10028	23
atg000001l_rc_rotated	10029	23
atg000001l_rc_rotated	10030	23
atg000001l_rc_rotated	10031	23
atg000001l_rc_rotated	10032	23
atg000001l_rc_rotated	10033	23
atg000001l_rc_rotated	10034	23
atg000001l_rc_rotated	10035	23
atg000001l_rc_rotated	10036	23
atg000001l_rc_rotated	10037	23
atg000001l_rc_rotated	10038	23
atg000001l_rc_rotated	10039	23
atg000001l_rc_rotated	10040	23
atg000001l_rc_rotated	10041	23
atg000001l_rc_rotated	10042	23
atg000001l_rc_rotated	10043	23
atg000001l_rc_rotated	10044	23
atg000001l_rc_rotated	10045	23
atg000001l_rc_rotated	10046	23
atg000001l_rc_rotated	10047	23
atg000001l_rc_rotated	10048	23
atg000001l_rc_rotated	10049	23
atg000001l_rc_rotated	10050	23
atg000001l_rc_rotated	10051	23
atg000001l_rc_rotated	10052	23
atg000001l_rc_rotated	10053	23
atg000001l_rc_rotated	10054	23
atg000001l_rc_rotated	10055	23
atg000001l_rc_rotated	10056	23
atg000001l_rc_rotated	10057	23
atg000001l_rc_rotated	10058	23
atg000001l_rc_rotated	10059	23
atg000001l_rc_rotated	10060	23
atg000001l_rc_rotated	10061	23
atg000001l_rc_rotated	10062	23
atg000001l_rc_rotated	10063	23
atg000001l_rc_rotated	10064	23
atg000001l_rc_rotated	10065	23
atg000001l_rc_rotated	10066	23
atg000001l_rc_rotated	10067	23
atg000001l_rc_rotated	10068	23
atg000001l_rc_rotated	10069	23
atg000001l_rc_rotated	10070	23
atg000001l_rc_rotated	10071	23
atg000001l_rc_rotated	10072	23
atg000001l_rc_rotated	10073	23
atg000001l_rc_rotated	10074	23
atg000001l_rc_rotated	10075	23
atg000001l_rc_rotated	10076	23
atg000001l_rc_rotated	10077	23
atg000001l_rc_rotated	10078	23
atg000001l_rc_rotated	10079	23
atg000001l_rc_rotated	10080	23
atg000001l_rc_rotated	10081	23
atg000001l_rc_rotated	10082	23
atg000001l_rc_rotated	10083	22
atg000001l_rc_rotated	10084	22
atg000001l_rc_rotated	10085	22
atg000001l_rc_rotated	10086	22
atg000001l_rc_rotated	10087	22
atg000001l_rc_rotated	10088	22
atg000001l_rc_rotated	10089	22
atg000001l_rc_rotated	10090	22
atg000001l_rc_rotated	10091	22
atg000001l_rc_rotated	10092	22
atg000001l_rc_rotated	10093	22
atg000001l_rc_rotated	10094	22
atg000001l_rc_rotated	10095	22
atg000001l_rc_rotated	10096	22
atg000001l_rc_rotated	10097	22
atg000001l_rc_rotated	10098	22
atg000001l_rc_rotated	10099	22
atg000001l_rc_rotated	10100	22
atg000001l_rc_rotated	10101	22
atg000001l_rc_rotated	10102	22
atg000001l_rc_rotated	10103	22
atg000001l_rc_rotated	10104	22
atg000001l_rc_rotated	10105	22
atg000001l_rc_rotated	10106	22
atg000001l_rc_rotated	10107	22
atg000001l_rc_rotated	10108	22
atg000001l_rc_rotated	10109	22
atg000001l_rc_rotated	10110	22
atg000001l_rc_rotated	10111	22
atg000001l_rc_rotated	10112	22
atg000001l_rc_rotated	10113	22
atg000001l_rc_rotated	10114	22
atg000001l_rc_rotated	10115	22
atg000001l_rc_rotated	10116	22
atg000001l_rc_rotated	10117	22
atg000001l_rc_rotated	10118	22
atg000001l_rc_rotated	10119	22
atg000001l_rc_rotated	10120	22
atg000001l_rc_rotated	10121	22
atg000001l_rc_rotated	10122	22
atg000001l_rc_rotated	10123	22
atg000001l_rc_rotated	10124	22
atg000001l_rc_rotated	10125	22
atg000001l_rc_rotated	10126	22
atg000001l_rc_rotated	10127	22
atg000001l_rc_rotated	10128	22
atg000001l_rc_rotated	10129	22
atg000001l_rc_rotated	10130	22
atg000001l_rc_rotated	10131	22
atg000001l_rc_rotated	10132	22
atg000001l_rc_rotated	10133	22
atg000001l_rc_rotated	10134	22
atg000001l_rc_rotated	10135	22
atg000001l_rc_rotated	10136	22
atg000001l_rc_rotated	10137	22
atg000001l_rc_rotated	10138	22
atg000001l_rc_rotated	10139	22
atg000001l_rc_rotated	10140	22
atg000001l_rc_rotated	10141	22
atg000001l_rc_rotated	10142	22
atg000001l_rc_rotated	10143	22
atg000001l_rc_rotated	10144	22
atg000001l_rc_rotated	10145	22
atg000001l_rc_rotated	10146	22
atg000001l_rc_rotated	10147	22
atg000001l_rc_rotated	10148	22
atg000001l_rc_rotated	10149	22
atg000001l_rc_rotated	10150	22
atg000001l_rc_rotated	10151	22
atg000001l_rc_rotated	10152	22
atg000001l_rc_rotated	10153	22
atg000001l_rc_rotated	10154	22
atg000001l_rc_rotated	10155	22
atg000001l_rc_rotated	10156	22
atg000001l_rc_rotated	10157	22
atg000001l_rc_rotated	10158	22
atg000001l_rc_rotated	10159	22
atg000001l_rc_rotated	10160	22
atg000001l_rc_rotated	10161	22
atg000001l_rc_rotated	10162	22
atg000001l_rc_rotated	10163	22
atg000001l_rc_rotated	10164	22
atg000001l_rc_rotated	10165	22
atg000001l_rc_rotated	10166	22
atg000001l_rc_rotated	10167	22
atg000001l_rc_rotated	10168	22
atg000001l_rc_rotated	10169	22
atg000001l_rc_rotated	10170	22
atg000001l_rc_rotated	10171	22
atg000001l_rc_rotated	10172	22
atg000001l_rc_rotated	10173	22
atg000001l_rc_rotated	10174	22
atg000001l_rc_rotated	10175	22
atg000001l_rc_rotated	10176	22
atg000001l_rc_rotated	10177	22
atg000001l_rc_rotated	10178	22
atg000001l_rc_rotated	10179	22
atg000001l_rc_rotated	10180	22
atg000001l_rc_rotated	10181	22
atg000001l_rc_rotated	10182	22
atg000001l_rc_rotated	10183	22
atg000001l_rc_rotated	10184	22
atg000001l_rc_rotated	10185	22
atg000001l_rc_rotated	10186	22
atg000001l_rc_rotated	10187	22
atg000001l_rc_rotated	10188	22
atg000001l_rc_rotated	10189	22
atg000001l_rc_rotated	10190	22
atg000001l_rc_rotated	10191	22
atg000001l_rc_rotated	10192	22
atg000001l_rc_rotated	10193	22
atg000001l_rc_rotated	10194	22
atg000001l_rc_rotated	10195	22
atg000001l_rc_rotated	10196	22
atg000001l_rc_rotated	10197	22
atg000001l_rc_rotated	10198	22
atg000001l_rc_rotated	10199	22
atg000001l_rc_rotated	10200	22
atg000001l_rc_rotated	10201	22
atg000001l_rc_rotated	10202	22
atg000001l_rc_rotated	10203	22
atg000001l_rc_rotated	10204	22
atg000001l_rc_rotated	10205	22
atg000001l_rc_rotated	10206	22
atg000001l_rc_rotated	10207	22
atg000001l_rc_rotated	10208	22
atg000001l_rc_rotated	10209	22
atg000001l_rc_rotated	10210	22
atg000001l_rc_rotated	10211	22
atg000001l_rc_rotated	10212	22
atg000001l_rc_rotated	10213	22
atg000001l_rc_rotated	10214	22
atg000001l_rc_rotated	10215	22
atg000001l_rc_rotated	10216	22
atg000001l_rc_rotated	10217	22
atg000001l_rc_rotated	10218	22
atg000001l_rc_rotated	10219	22
atg000001l_rc_rotated	10220	22
atg000001l_rc_rotated	10221	22
atg000001l_rc_rotated	10222	22
atg000001l_rc_rotated	10223	22
atg000001l_rc_rotated	10224	22
atg000001l_rc_rotated	10225	22
atg000001l_rc_rotated	10226	22
atg000001l_rc_rotated	10227	22
atg000001l_rc_rotated	10228	22
atg000001l_rc_rotated	10229	22
atg000001l_rc_rotated	10230	22
atg000001l_rc_rotated	10231	22
atg000001l_rc_rotated	10232	22
atg000001l_rc_rotated	10233	22
atg000001l_rc_rotated	10234	22
atg000001l_rc_rotated	10235	22
atg000001l_rc_rotated	10236	22
atg000001l_rc_rotated	10237	22
atg000001l_rc_rotated	10238	22
atg000001l_rc_rotated	10239	22
atg000001l_rc_rotated	10240	22
atg000001l_rc_rotated	10241	22
atg000001l_rc_rotated	10242	22
atg000001l_rc_rotated	10243	22
atg000001l_rc_rotated	10244	22
atg000001l_rc_rotated	10245	22
atg000001l_rc_rotated	10246	22
atg000001l_rc_rotated	10247	22
atg000001l_rc_rotated	10248	22
atg000001l_rc_rotated	10249	22
atg000001l_rc_rotated	10250	22
atg000001l_rc_rotated	10251	22
atg000001l_rc_rotated	10252	22
atg000001l_rc_rotated	10253	22
atg000001l_rc_rotated	10254	22
atg000001l_rc_rotated	10255	22
atg000001l_rc_rotated	10256	22
atg000001l_rc_rotated	10257	22
atg000001l_rc_rotated	10258	22
atg000001l_rc_rotated	10259	22
atg000001l_rc_rotated	10260	22
atg000001l_rc_rotated	10261	22
atg000001l_rc_rotated	10262	22
atg000001l_rc_rotated	10263	22
atg000001l_rc_rotated	10264	22
atg000001l_rc_rotated	10265	22
atg000001l_rc_rotated	10266	22
atg000001l_rc_rotated	10267	22
atg000001l_rc_rotated	10268	22
atg000001l_rc_rotated	10269	22
atg000001l_rc_rotated	10270	22
atg000001l_rc_rotated	10271	22
atg000001l_rc_rotated	10272	22
atg000001l_rc_rotated	10273	22
atg000001l_rc_rotated	10274	22
atg000001l_rc_rotated	10275	22
atg000001l_rc_rotated	10276	22
atg000001l_rc_rotated	10277	22
atg000001l_rc_rotated	10278	22
atg000001l_rc_rotated	10279	22
atg000001l_rc_rotated	10280	22
atg000001l_rc_rotated	10281	22
atg000001l_rc_rotated	10282	22
atg000001l_rc_rotated	10283	22
atg000001l_rc_rotated	10284	22
atg000001l_rc_rotated	10285	22
atg000001l_rc_rotated	10286	22
atg000001l_rc_rotated	10287	22
atg000001l_rc_rotated	10288	22
atg000001l_rc_rotated	10289	22
atg000001l_rc_rotated	10290	22
atg000001l_rc_rotated	10291	22
atg000001l_rc_rotated	10292	22
atg000001l_rc_rotated	10293	22
atg000001l_rc_rotated	10294	22
atg000001l_rc_rotated	10295	22
atg000001l_rc_rotated	10296	22
atg000001l_rc_rotated	10297	22
atg000001l_rc_rotated	10298	22
atg000001l_rc_rotated	10299	22
atg000001l_rc_rotated	10300	22
atg000001l_rc_rotated	10301	22
atg000001l_rc_rotated	10302	22
atg000001l_rc_rotated	10303	22
atg000001l_rc_rotated	10304	22
atg000001l_rc_rotated	10305	22
atg000001l_rc_rotated	10306	22
atg000001l_rc_rotated	10307	22
atg000001l_rc_rotated	10308	22
atg000001l_rc_rotated	10309	22
atg000001l_rc_rotated	10310	22
atg000001l_rc_rotated	10311	22
atg000001l_rc_rotated	10312	22
atg000001l_rc_rotated	10313	22
atg000001l_rc_rotated	10314	22
atg000001l_rc_rotated	10315	22
atg000001l_rc_rotated	10316	22
atg000001l_rc_rotated	10317	22
atg000001l_rc_rotated	10318	22
atg000001l_rc_rotated	10319	22
atg000001l_rc_rotated	10320	22
atg000001l_rc_rotated	10321	22
atg000001l_rc_rotated	10322	22
atg000001l_rc_rotated	10323	22
atg000001l_rc_rotated	10324	22
atg000001l_rc_rotated	10325	22
atg000001l_rc_rotated	10326	22
atg000001l_rc_rotated	10327	22
atg000001l_rc_rotated	10328	22
atg000001l_rc_rotated	10329	22
atg000001l_rc_rotated	10330	22
atg000001l_rc_rotated	10331	22
atg000001l_rc_rotated	10332	22
atg000001l_rc_rotated	10333	22
atg000001l_rc_rotated	10334	22
atg000001l_rc_rotated	10335	22
atg000001l_rc_rotated	10336	22
atg000001l_rc_rotated	10337	22
atg000001l_rc_rotated	10338	21
atg000001l_rc_rotated	10339	21
atg000001l_rc_rotated	10340	21
atg000001l_rc_rotated	10341	21
atg000001l_rc_rotated	10342	21
atg000001l_rc_rotated	10343	21
atg000001l_rc_rotated	10344	21
atg000001l_rc_rotated	10345	21
atg000001l_rc_rotated	10346	21
atg000001l_rc_rotated	10347	21
atg000001l_rc_rotated	10348	21
atg000001l_rc_rotated	10349	21
atg000001l_rc_rotated	10350	21
atg000001l_rc_rotated	10351	21
atg000001l_rc_rotated	10352	21
atg000001l_rc_rotated	10353	21
atg000001l_rc_rotated	10354	21
atg000001l_rc_rotated	10355	21
atg000001l_rc_rotated	10356	21
atg000001l_rc_rotated	10357	21
atg000001l_rc_rotated	10358	21
atg000001l_rc_rotated	10359	21
atg000001l_rc_rotated	10360	21
atg000001l_rc_rotated	10361	21
atg000001l_rc_rotated	10362	21
atg000001l_rc_rotated	10363	21
atg000001l_rc_rotated	10364	21
atg000001l_rc_rotated	10365	21
atg000001l_rc_rotated	10366	21
atg000001l_rc_rotated	10367	21
atg000001l_rc_rotated	10368	21
atg000001l_rc_rotated	10369	21
atg000001l_rc_rotated	10370	21
atg000001l_rc_rotated	10371	21
atg000001l_rc_rotated	10372	21
atg000001l_rc_rotated	10373	21
atg000001l_rc_rotated	10374	21
atg000001l_rc_rotated	10375	21
atg000001l_rc_rotated	10376	21
atg000001l_rc_rotated	10377	21
atg000001l_rc_rotated	10378	21
atg000001l_rc_rotated	10379	21
atg000001l_rc_rotated	10380	21
atg000001l_rc_rotated	10381	21
atg000001l_rc_rotated	10382	21
atg000001l_rc_rotated	10383	21
atg000001l_rc_rotated	10384	21
atg000001l_rc_rotated	10385	21
atg000001l_rc_rotated	10386	21
atg000001l_rc_rotated	10387	21
atg000001l_rc_rotated	10388	21
atg000001l_rc_rotated	10389	21
atg000001l_rc_rotated	10390	21
atg000001l_rc_rotated	10391	21
atg000001l_rc_rotated	10392	21
atg000001l_rc_rotated	10393	21
atg000001l_rc_rotated	10394	21
atg000001l_rc_rotated	10395	21
atg000001l_rc_rotated	10396	21
atg000001l_rc_rotated	10397	21
atg000001l_rc_rotated	10398	21
atg000001l_rc_rotated	10399	21
atg000001l_rc_rotated	10400	21
atg000001l_rc_rotated	10401	21
atg000001l_rc_rotated	10402	21
atg000001l_rc_rotated	10403	21
atg000001l_rc_rotated	10404	21
atg000001l_rc_rotated	10405	21
atg000001l_rc_rotated	10406	21
atg000001l_rc_rotated	10407	21
atg000001l_rc_rotated	10408	21
atg000001l_rc_rotated	10409	21
atg000001l_rc_rotated	10410	21
atg000001l_rc_rotated	10411	21
atg000001l_rc_rotated	10412	21
atg000001l_rc_rotated	10413	21
atg000001l_rc_rotated	10414	21
atg000001l_rc_rotated	10415	21
atg000001l_rc_rotated	10416	21
atg000001l_rc_rotated	10417	21
atg000001l_rc_rotated	10418	21
atg000001l_rc_rotated	10419	21
atg000001l_rc_rotated	10420	21
atg000001l_rc_rotated	10421	21
atg000001l_rc_rotated	10422	21
atg000001l_rc_rotated	10423	21
atg000001l_rc_rotated	10424	21
atg000001l_rc_rotated	10425	21
atg000001l_rc_rotated	10426	21
atg000001l_rc_rotated	10427	21
atg000001l_rc_rotated	10428	21
atg000001l_rc_rotated	10429	21
atg000001l_rc_rotated	10430	21
atg000001l_rc_rotated	10431	21
atg000001l_rc_rotated	10432	21
atg000001l_rc_rotated	10433	21
atg000001l_rc_rotated	10434	21
atg000001l_rc_rotated	10435	21
atg000001l_rc_rotated	10436	21
atg000001l_rc_rotated	10437	21
atg000001l_rc_rotated	10438	21
atg000001l_rc_rotated	10439	21
atg000001l_rc_rotated	10440	21
atg000001l_rc_rotated	10441	21
atg000001l_rc_rotated	10442	21
atg000001l_rc_rotated	10443	21
atg000001l_rc_rotated	10444	21
atg000001l_rc_rotated	10445	21
atg000001l_rc_rotated	10446	21
atg000001l_rc_rotated	10447	21
atg000001l_rc_rotated	10448	21
atg000001l_rc_rotated	10449	21
atg000001l_rc_rotated	10450	21
atg000001l_rc_rotated	10451	21
atg000001l_rc_rotated	10452	21
atg000001l_rc_rotated	10453	21
atg000001l_rc_rotated	10454	21
atg000001l_rc_rotated	10455	21
atg000001l_rc_rotated	10456	21
atg000001l_rc_rotated	10457	21
atg000001l_rc_rotated	10458	21
atg000001l_rc_rotated	10459	21
atg000001l_rc_rotated	10460	21
atg000001l_rc_rotated	10461	21
atg000001l_rc_rotated	10462	21
atg000001l_rc_rotated	10463	21
atg000001l_rc_rotated	10464	21
atg000001l_rc_rotated	10465	21
atg000001l_rc_rotated	10466	21
atg000001l_rc_rotated	10467	21
atg000001l_rc_rotated	10468	21
atg000001l_rc_rotated	10469	21
atg000001l_rc_rotated	10470	21
atg000001l_rc_rotated	10471	21
atg000001l_rc_rotated	10472	21
atg000001l_rc_rotated	10473	21
atg000001l_rc_rotated	10474	21
atg000001l_rc_rotated	10475	21
atg000001l_rc_rotated	10476	21
atg000001l_rc_rotated	10477	21
atg000001l_rc_rotated	10478	21
atg000001l_rc_rotated	10479	21
atg000001l_rc_rotated	10480	21
atg000001l_rc_rotated	10481	21
atg000001l_rc_rotated	10482	21
atg000001l_rc_rotated	10483	21
atg000001l_rc_rotated	10484	21
atg000001l_rc_rotated	10485	21
atg000001l_rc_rotated	10486	21
atg000001l_rc_rotated	10487	21
atg000001l_rc_rotated	10488	21
atg000001l_rc_rotated	10489	21
atg000001l_rc_rotated	10490	21
atg000001l_rc_rotated	10491	21
atg000001l_rc_rotated	10492	21
atg000001l_rc_rotated	10493	21
atg000001l_rc_rotated	10494	21
atg000001l_rc_rotated	10495	21
atg000001l_rc_rotated	10496	21
atg000001l_rc_rotated	10497	21
atg000001l_rc_rotated	10498	21
atg000001l_rc_rotated	10499	21
atg000001l_rc_rotated	10500	21
atg000001l_rc_rotated	10501	21
atg000001l_rc_rotated	10502	21
atg000001l_rc_rotated	10503	21
atg000001l_rc_rotated	10504	21
atg000001l_rc_rotated	10505	21
atg000001l_rc_rotated	10506	21
atg000001l_rc_rotated	10507	21
atg000001l_rc_rotated	10508	21
atg000001l_rc_rotated	10509	21
atg000001l_rc_rotated	10510	21
atg000001l_rc_rotated	10511	21
atg000001l_rc_rotated	10512	21
atg000001l_rc_rotated	10513	21
atg000001l_rc_rotated	10514	21
atg000001l_rc_rotated	10515	22
atg000001l_rc_rotated	10516	22
atg000001l_rc_rotated	10517	22
atg000001l_rc_rotated	10518	22
atg000001l_rc_rotated	10519	22
atg000001l_rc_rotated	10520	22
atg000001l_rc_rotated	10521	22
atg000001l_rc_rotated	10522	22
atg000001l_rc_rotated	10523	22
atg000001l_rc_rotated	10524	22
atg000001l_rc_rotated	10525	22
atg000001l_rc_rotated	10526	22
atg000001l_rc_rotated	10527	22
atg000001l_rc_rotated	10528	22
atg000001l_rc_rotated	10529	22
atg000001l_rc_rotated	10530	22
atg000001l_rc_rotated	10531	22
atg000001l_rc_rotated	10532	22
atg000001l_rc_rotated	10533	22
atg000001l_rc_rotated	10534	22
atg000001l_rc_rotated	10535	22
atg000001l_rc_rotated	10536	22
atg000001l_rc_rotated	10537	22
atg000001l_rc_rotated	10538	22
atg000001l_rc_rotated	10539	22
atg000001l_rc_rotated	10540	22
atg000001l_rc_rotated	10541	22
atg000001l_rc_rotated	10542	22
atg000001l_rc_rotated	10543	22
atg000001l_rc_rotated	10544	22
atg000001l_rc_rotated	10545	22
atg000001l_rc_rotated	10546	22
atg000001l_rc_rotated	10547	22
atg000001l_rc_rotated	10548	22
atg000001l_rc_rotated	10549	22
atg000001l_rc_rotated	10550	22
atg000001l_rc_rotated	10551	22
atg000001l_rc_rotated	10552	22
atg000001l_rc_rotated	10553	22
atg000001l_rc_rotated	10554	22
atg000001l_rc_rotated	10555	22
atg000001l_rc_rotated	10556	22
atg000001l_rc_rotated	10557	22
atg000001l_rc_rotated	10558	22
atg000001l_rc_rotated	10559	22
atg000001l_rc_rotated	10560	22
atg000001l_rc_rotated	10561	22
atg000001l_rc_rotated	10562	22
atg000001l_rc_rotated	10563	22
atg000001l_rc_rotated	10564	22
atg000001l_rc_rotated	10565	22
atg000001l_rc_rotated	10566	22
atg000001l_rc_rotated	10567	22
atg000001l_rc_rotated	10568	22
atg000001l_rc_rotated	10569	22
atg000001l_rc_rotated	10570	22
atg000001l_rc_rotated	10571	22
atg000001l_rc_rotated	10572	22
atg000001l_rc_rotated	10573	22
atg000001l_rc_rotated	10574	22
atg000001l_rc_rotated	10575	22
atg000001l_rc_rotated	10576	22
atg000001l_rc_rotated	10577	22
atg000001l_rc_rotated	10578	22
atg000001l_rc_rotated	10579	22
atg000001l_rc_rotated	10580	22
atg000001l_rc_rotated	10581	22
atg000001l_rc_rotated	10582	22
atg000001l_rc_rotated	10583	22
atg000001l_rc_rotated	10584	22
atg000001l_rc_rotated	10585	22
atg000001l_rc_rotated	10586	22
atg000001l_rc_rotated	10587	22
atg000001l_rc_rotated	10588	22
atg000001l_rc_rotated	10589	22
atg000001l_rc_rotated	10590	22
atg000001l_rc_rotated	10591	22
atg000001l_rc_rotated	10592	22
atg000001l_rc_rotated	10593	22
atg000001l_rc_rotated	10594	22
atg000001l_rc_rotated	10595	22
atg000001l_rc_rotated	10596	22
atg000001l_rc_rotated	10597	22
atg000001l_rc_rotated	10598	22
atg000001l_rc_rotated	10599	22
atg000001l_rc_rotated	10600	22
atg000001l_rc_rotated	10601	22
atg000001l_rc_rotated	10602	22
atg000001l_rc_rotated	10603	22
atg000001l_rc_rotated	10604	22
atg000001l_rc_rotated	10605	22
atg000001l_rc_rotated	10606	22
atg000001l_rc_rotated	10607	22
atg000001l_rc_rotated	10608	22
atg000001l_rc_rotated	10609	22
atg000001l_rc_rotated	10610	22
atg000001l_rc_rotated	10611	22
atg000001l_rc_rotated	10612	22
atg000001l_rc_rotated	10613	22
atg000001l_rc_rotated	10614	22
atg000001l_rc_rotated	10615	22
atg000001l_rc_rotated	10616	22
atg000001l_rc_rotated	10617	22
atg000001l_rc_rotated	10618	22
atg000001l_rc_rotated	10619	22
atg000001l_rc_rotated	10620	22
atg000001l_rc_rotated	10621	22
atg000001l_rc_rotated	10622	22
atg000001l_rc_rotated	10623	22
atg000001l_rc_rotated	10624	22
atg000001l_rc_rotated	10625	22
atg000001l_rc_rotated	10626	22
atg000001l_rc_rotated	10627	22
atg000001l_rc_rotated	10628	22
atg000001l_rc_rotated	10629	22
atg000001l_rc_rotated	10630	22
atg000001l_rc_rotated	10631	22
atg000001l_rc_rotated	10632	22
atg000001l_rc_rotated	10633	22
atg000001l_rc_rotated	10634	22
atg000001l_rc_rotated	10635	22
atg000001l_rc_rotated	10636	22
atg000001l_rc_rotated	10637	22
atg000001l_rc_rotated	10638	22
atg000001l_rc_rotated	10639	22
atg000001l_rc_rotated	10640	22
atg000001l_rc_rotated	10641	22
atg000001l_rc_rotated	10642	22
atg000001l_rc_rotated	10643	22
atg000001l_rc_rotated	10644	22
atg000001l_rc_rotated	10645	22
atg000001l_rc_rotated	10646	22
atg000001l_rc_rotated	10647	22
atg000001l_rc_rotated	10648	22
atg000001l_rc_rotated	10649	22
atg000001l_rc_rotated	10650	22
atg000001l_rc_rotated	10651	22
atg000001l_rc_rotated	10652	22
atg000001l_rc_rotated	10653	22
atg000001l_rc_rotated	10654	22
atg000001l_rc_rotated	10655	22
atg000001l_rc_rotated	10656	22
atg000001l_rc_rotated	10657	22
atg000001l_rc_rotated	10658	22
atg000001l_rc_rotated	10659	22
atg000001l_rc_rotated	10660	22
atg000001l_rc_rotated	10661	22
atg000001l_rc_rotated	10662	22
atg000001l_rc_rotated	10663	22
atg000001l_rc_rotated	10664	22
atg000001l_rc_rotated	10665	22
atg000001l_rc_rotated	10666	22
atg000001l_rc_rotated	10667	22
atg000001l_rc_rotated	10668	22
atg000001l_rc_rotated	10669	22
atg000001l_rc_rotated	10670	22
atg000001l_rc_rotated	10671	22
atg000001l_rc_rotated	10672	22
atg000001l_rc_rotated	10673	22
atg000001l_rc_rotated	10674	22
atg000001l_rc_rotated	10675	22
atg000001l_rc_rotated	10676	22
atg000001l_rc_rotated	10677	22
atg000001l_rc_rotated	10678	22
atg000001l_rc_rotated	10679	22
atg000001l_rc_rotated	10680	22
atg000001l_rc_rotated	10681	22
atg000001l_rc_rotated	10682	22
atg000001l_rc_rotated	10683	22
atg000001l_rc_rotated	10684	22
atg000001l_rc_rotated	10685	22
atg000001l_rc_rotated	10686	22
atg000001l_rc_rotated	10687	22
atg000001l_rc_rotated	10688	22
atg000001l_rc_rotated	10689	22
atg000001l_rc_rotated	10690	22
atg000001l_rc_rotated	10691	22
atg000001l_rc_rotated	10692	22
atg000001l_rc_rotated	10693	22
atg000001l_rc_rotated	10694	22
atg000001l_rc_rotated	10695	22
atg000001l_rc_rotated	10696	22
atg000001l_rc_rotated	10697	22
atg000001l_rc_rotated	10698	22
atg000001l_rc_rotated	10699	22
atg000001l_rc_rotated	10700	22
atg000001l_rc_rotated	10701	22
atg000001l_rc_rotated	10702	22
atg000001l_rc_rotated	10703	22
atg000001l_rc_rotated	10704	22
atg000001l_rc_rotated	10705	22
atg000001l_rc_rotated	10706	22
atg000001l_rc_rotated	10707	22
atg000001l_rc_rotated	10708	22
atg000001l_rc_rotated	10709	22
atg000001l_rc_rotated	10710	22
atg000001l_rc_rotated	10711	22
atg000001l_rc_rotated	10712	22
atg000001l_rc_rotated	10713	22
atg000001l_rc_rotated	10714	22
atg000001l_rc_rotated	10715	22
atg000001l_rc_rotated	10716	22
atg000001l_rc_rotated	10717	22
atg000001l_rc_rotated	10718	22
atg000001l_rc_rotated	10719	22
atg000001l_rc_rotated	10720	22
atg000001l_rc_rotated	10721	22
atg000001l_rc_rotated	10722	22
atg000001l_rc_rotated	10723	22
atg000001l_rc_rotated	10724	22
atg000001l_rc_rotated	10725	22
atg000001l_rc_rotated	10726	22
atg000001l_rc_rotated	10727	22
atg000001l_rc_rotated	10728	22
atg000001l_rc_rotated	10729	22
atg000001l_rc_rotated	10730	22
atg000001l_rc_rotated	10731	22
atg000001l_rc_rotated	10732	22
atg000001l_rc_rotated	10733	22
atg000001l_rc_rotated	10734	22
atg000001l_rc_rotated	10735	22
atg000001l_rc_rotated	10736	22
atg000001l_rc_rotated	10737	22
atg000001l_rc_rotated	10738	22
atg000001l_rc_rotated	10739	22
atg000001l_rc_rotated	10740	22
atg000001l_rc_rotated	10741	22
atg000001l_rc_rotated	10742	22
atg000001l_rc_rotated	10743	22
atg000001l_rc_rotated	10744	22
atg000001l_rc_rotated	10745	22
atg000001l_rc_rotated	10746	22
atg000001l_rc_rotated	10747	22
atg000001l_rc_rotated	10748	22
atg000001l_rc_rotated	10749	22
atg000001l_rc_rotated	10750	22
atg000001l_rc_rotated	10751	22
atg000001l_rc_rotated	10752	22
atg000001l_rc_rotated	10753	22
atg000001l_rc_rotated	10754	22
atg000001l_rc_rotated	10755	22
atg000001l_rc_rotated	10756	22
atg000001l_rc_rotated	10757	22
atg000001l_rc_rotated	10758	22
atg000001l_rc_rotated	10759	22
atg000001l_rc_rotated	10760	22
atg000001l_rc_rotated	10761	22
atg000001l_rc_rotated	10762	22
atg000001l_rc_rotated	10763	22
atg000001l_rc_rotated	10764	22
atg000001l_rc_rotated	10765	22
atg000001l_rc_rotated	10766	22
atg000001l_rc_rotated	10767	22
atg000001l_rc_rotated	10768	22
atg000001l_rc_rotated	10769	22
atg000001l_rc_rotated	10770	22
atg000001l_rc_rotated	10771	22
atg000001l_rc_rotated	10772	22
atg000001l_rc_rotated	10773	22
atg000001l_rc_rotated	10774	22
atg000001l_rc_rotated	10775	22
atg000001l_rc_rotated	10776	22
atg000001l_rc_rotated	10777	22
atg000001l_rc_rotated	10778	22
atg000001l_rc_rotated	10779	22
atg000001l_rc_rotated	10780	22
atg000001l_rc_rotated	10781	22
atg000001l_rc_rotated	10782	22
atg000001l_rc_rotated	10783	22
atg000001l_rc_rotated	10784	22
atg000001l_rc_rotated	10785	22
atg000001l_rc_rotated	10786	22
atg000001l_rc_rotated	10787	22
atg000001l_rc_rotated	10788	22
atg000001l_rc_rotated	10789	22
atg000001l_rc_rotated	10790	22
atg000001l_rc_rotated	10791	22
atg000001l_rc_rotated	10792	22
atg000001l_rc_rotated	10793	22
atg000001l_rc_rotated	10794	22
atg000001l_rc_rotated	10795	22
atg000001l_rc_rotated	10796	22
atg000001l_rc_rotated	10797	22
atg000001l_rc_rotated	10798	22
atg000001l_rc_rotated	10799	22
atg000001l_rc_rotated	10800	22
atg000001l_rc_rotated	10801	22
atg000001l_rc_rotated	10802	22
atg000001l_rc_rotated	10803	22
atg000001l_rc_rotated	10804	22
atg000001l_rc_rotated	10805	22
atg000001l_rc_rotated	10806	22
atg000001l_rc_rotated	10807	22
atg000001l_rc_rotated	10808	22
atg000001l_rc_rotated	10809	22
atg000001l_rc_rotated	10810	22
atg000001l_rc_rotated	10811	22
atg000001l_rc_rotated	10812	22
atg000001l_rc_rotated	10813	22
atg000001l_rc_rotated	10814	22
atg000001l_rc_rotated	10815	22
atg000001l_rc_rotated	10816	22
atg000001l_rc_rotated	10817	22
atg000001l_rc_rotated	10818	22
atg000001l_rc_rotated	10819	22
atg000001l_rc_rotated	10820	22
atg000001l_rc_rotated	10821	22
atg000001l_rc_rotated	10822	22
atg000001l_rc_rotated	10823	22
atg000001l_rc_rotated	10824	22
atg000001l_rc_rotated	10825	22
atg000001l_rc_rotated	10826	22
atg000001l_rc_rotated	10827	22
atg000001l_rc_rotated	10828	22
atg000001l_rc_rotated	10829	22
atg000001l_rc_rotated	10830	22
atg000001l_rc_rotated	10831	23
atg000001l_rc_rotated	10832	23
atg000001l_rc_rotated	10833	23
atg000001l_rc_rotated	10834	23
atg000001l_rc_rotated	10835	23
atg000001l_rc_rotated	10836	23
atg000001l_rc_rotated	10837	23
atg000001l_rc_rotated	10838	23
atg000001l_rc_rotated	10839	23
atg000001l_rc_rotated	10840	23
atg000001l_rc_rotated	10841	23
atg000001l_rc_rotated	10842	23
atg000001l_rc_rotated	10843	23
atg000001l_rc_rotated	10844	23
atg000001l_rc_rotated	10845	23
atg000001l_rc_rotated	10846	23
atg000001l_rc_rotated	10847	23
atg000001l_rc_rotated	10848	23
atg000001l_rc_rotated	10849	23
atg000001l_rc_rotated	10850	23
atg000001l_rc_rotated	10851	23
atg000001l_rc_rotated	10852	23
atg000001l_rc_rotated	10853	23
atg000001l_rc_rotated	10854	23
atg000001l_rc_rotated	10855	23
atg000001l_rc_rotated	10856	23
atg000001l_rc_rotated	10857	23
atg000001l_rc_rotated	10858	23
atg000001l_rc_rotated	10859	23
atg000001l_rc_rotated	10860	23
atg000001l_rc_rotated	10861	23
atg000001l_rc_rotated	10862	23
atg000001l_rc_rotated	10863	23
atg000001l_rc_rotated	10864	23
atg000001l_rc_rotated	10865	23
atg000001l_rc_rotated	10866	23
atg000001l_rc_rotated	10867	23
atg000001l_rc_rotated	10868	23
atg000001l_rc_rotated	10869	23
atg000001l_rc_rotated	10870	23
atg000001l_rc_rotated	10871	23
atg000001l_rc_rotated	10872	23
atg000001l_rc_rotated	10873	23
atg000001l_rc_rotated	10874	23
atg000001l_rc_rotated	10875	23
atg000001l_rc_rotated	10876	23
atg000001l_rc_rotated	10877	23
atg000001l_rc_rotated	10878	23
atg000001l_rc_rotated	10879	23
atg000001l_rc_rotated	10880	23
atg000001l_rc_rotated	10881	23
atg000001l_rc_rotated	10882	23
atg000001l_rc_rotated	10883	23
atg000001l_rc_rotated	10884	23
atg000001l_rc_rotated	10885	23
atg000001l_rc_rotated	10886	23
atg000001l_rc_rotated	10887	23
atg000001l_rc_rotated	10888	23
atg000001l_rc_rotated	10889	23
atg000001l_rc_rotated	10890	23
atg000001l_rc_rotated	10891	23
atg000001l_rc_rotated	10892	23
atg000001l_rc_rotated	10893	23
atg000001l_rc_rotated	10894	23
atg000001l_rc_rotated	10895	23
atg000001l_rc_rotated	10896	23
atg000001l_rc_rotated	10897	23
atg000001l_rc_rotated	10898	23
atg000001l_rc_rotated	10899	23
atg000001l_rc_rotated	10900	23
atg000001l_rc_rotated	10901	23
atg000001l_rc_rotated	10902	23
atg000001l_rc_rotated	10903	23
atg000001l_rc_rotated	10904	23
atg000001l_rc_rotated	10905	23
atg000001l_rc_rotated	10906	23
atg000001l_rc_rotated	10907	23
atg000001l_rc_rotated	10908	23
atg000001l_rc_rotated	10909	23
atg000001l_rc_rotated	10910	23
atg000001l_rc_rotated	10911	23
atg000001l_rc_rotated	10912	23
atg000001l_rc_rotated	10913	23
atg000001l_rc_rotated	10914	23
atg000001l_rc_rotated	10915	23
atg000001l_rc_rotated	10916	23
atg000001l_rc_rotated	10917	23
atg000001l_rc_rotated	10918	23
atg000001l_rc_rotated	10919	23
atg000001l_rc_rotated	10920	23
atg000001l_rc_rotated	10921	23
atg000001l_rc_rotated	10922	23
atg000001l_rc_rotated	10923	23
atg000001l_rc_rotated	10924	23
atg000001l_rc_rotated	10925	23
atg000001l_rc_rotated	10926	23
atg000001l_rc_rotated	10927	23
atg000001l_rc_rotated	10928	23
atg000001l_rc_rotated	10929	23
atg000001l_rc_rotated	10930	23
atg000001l_rc_rotated	10931	23
atg000001l_rc_rotated	10932	23
atg000001l_rc_rotated	10933	23
atg000001l_rc_rotated	10934	23
atg000001l_rc_rotated	10935	23
atg000001l_rc_rotated	10936	23
atg000001l_rc_rotated	10937	23
atg000001l_rc_rotated	10938	23
atg000001l_rc_rotated	10939	23
atg000001l_rc_rotated	10940	23
atg000001l_rc_rotated	10941	23
atg000001l_rc_rotated	10942	23
atg000001l_rc_rotated	10943	23
atg000001l_rc_rotated	10944	23
atg000001l_rc_rotated	10945	23
atg000001l_rc_rotated	10946	23
atg000001l_rc_rotated	10947	23
atg000001l_rc_rotated	10948	23
atg000001l_rc_rotated	10949	23
atg000001l_rc_rotated	10950	23
atg000001l_rc_rotated	10951	23
atg000001l_rc_rotated	10952	23
atg000001l_rc_rotated	10953	23
atg000001l_rc_rotated	10954	23
atg000001l_rc_rotated	10955	23
atg000001l_rc_rotated	10956	23
atg000001l_rc_rotated	10957	23
atg000001l_rc_rotated	10958	23
atg000001l_rc_rotated	10959	23
atg000001l_rc_rotated	10960	23
atg000001l_rc_rotated	10961	23
atg000001l_rc_rotated	10962	23
atg000001l_rc_rotated	10963	23
atg000001l_rc_rotated	10964	23
atg000001l_rc_rotated	10965	23
atg000001l_rc_rotated	10966	23
atg000001l_rc_rotated	10967	23
atg000001l_rc_rotated	10968	23
atg000001l_rc_rotated	10969	23
atg000001l_rc_rotated	10970	23
atg000001l_rc_rotated	10971	23
atg000001l_rc_rotated	10972	23
atg000001l_rc_rotated	10973	23
atg000001l_rc_rotated	10974	23
atg000001l_rc_rotated	10975	23
atg000001l_rc_rotated	10976	23
atg000001l_rc_rotated	10977	23
atg000001l_rc_rotated	10978	23
atg000001l_rc_rotated	10979	23
atg000001l_rc_rotated	10980	23
atg000001l_rc_rotated	10981	23
atg000001l_rc_rotated	10982	23
atg000001l_rc_rotated	10983	23
atg000001l_rc_rotated	10984	23
atg000001l_rc_rotated	10985	23
atg000001l_rc_rotated	10986	23
atg000001l_rc_rotated	10987	23
atg000001l_rc_rotated	10988	23
atg000001l_rc_rotated	10989	23
atg000001l_rc_rotated	10990	23
atg000001l_rc_rotated	10991	23
atg000001l_rc_rotated	10992	23
atg000001l_rc_rotated	10993	23
atg000001l_rc_rotated	10994	23
atg000001l_rc_rotated	10995	23
atg000001l_rc_rotated	10996	23
atg000001l_rc_rotated	10997	23
atg000001l_rc_rotated	10998	23
atg000001l_rc_rotated	10999	23
atg000001l_rc_rotated	11000	23
atg000001l_rc_rotated	11001	23
atg000001l_rc_rotated	11002	23
atg000001l_rc_rotated	11003	23
atg000001l_rc_rotated	11004	23
atg000001l_rc_rotated	11005	23
atg000001l_rc_rotated	11006	23
atg000001l_rc_rotated	11007	23
atg000001l_rc_rotated	11008	23
atg000001l_rc_rotated	11009	23
atg000001l_rc_rotated	11010	23
atg000001l_rc_rotated	11011	23
atg000001l_rc_rotated	11012	23
atg000001l_rc_rotated	11013	23
atg000001l_rc_rotated	11014	23
atg000001l_rc_rotated	11015	23
atg000001l_rc_rotated	11016	23
atg000001l_rc_rotated	11017	23
atg000001l_rc_rotated	11018	23
atg000001l_rc_rotated	11019	23
atg000001l_rc_rotated	11020	23
atg000001l_rc_rotated	11021	23
atg000001l_rc_rotated	11022	23
atg000001l_rc_rotated	11023	23
atg000001l_rc_rotated	11024	23
atg000001l_rc_rotated	11025	23
atg000001l_rc_rotated	11026	23
atg000001l_rc_rotated	11027	23
atg000001l_rc_rotated	11028	23
atg000001l_rc_rotated	11029	23
atg000001l_rc_rotated	11030	23
atg000001l_rc_rotated	11031	23
atg000001l_rc_rotated	11032	23
atg000001l_rc_rotated	11033	23
atg000001l_rc_rotated	11034	23
atg000001l_rc_rotated	11035	23
atg000001l_rc_rotated	11036	23
atg000001l_rc_rotated	11037	23
atg000001l_rc_rotated	11038	23
atg000001l_rc_rotated	11039	23
atg000001l_rc_rotated	11040	23
atg000001l_rc_rotated	11041	23
atg000001l_rc_rotated	11042	23
atg000001l_rc_rotated	11043	23
atg000001l_rc_rotated	11044	23
atg000001l_rc_rotated	11045	23
atg000001l_rc_rotated	11046	23
atg000001l_rc_rotated	11047	23
atg000001l_rc_rotated	11048	22
atg000001l_rc_rotated	11049	22
atg000001l_rc_rotated	11050	22
atg000001l_rc_rotated	11051	22
atg000001l_rc_rotated	11052	22
atg000001l_rc_rotated	11053	22
atg000001l_rc_rotated	11054	22
atg000001l_rc_rotated	11055	22
atg000001l_rc_rotated	11056	22
atg000001l_rc_rotated	11057	22
atg000001l_rc_rotated	11058	22
atg000001l_rc_rotated	11059	22
atg000001l_rc_rotated	11060	22
atg000001l_rc_rotated	11061	22
atg000001l_rc_rotated	11062	22
atg000001l_rc_rotated	11063	22
atg000001l_rc_rotated	11064	22
atg000001l_rc_rotated	11065	22
atg000001l_rc_rotated	11066	22
atg000001l_rc_rotated	11067	22
atg000001l_rc_rotated	11068	22
atg000001l_rc_rotated	11069	22
atg000001l_rc_rotated	11070	22
atg000001l_rc_rotated	11071	22
atg000001l_rc_rotated	11072	22
atg000001l_rc_rotated	11073	22
atg000001l_rc_rotated	11074	22
atg000001l_rc_rotated	11075	22
atg000001l_rc_rotated	11076	22
atg000001l_rc_rotated	11077	22
atg000001l_rc_rotated	11078	22
atg000001l_rc_rotated	11079	22
atg000001l_rc_rotated	11080	22
atg000001l_rc_rotated	11081	22
atg000001l_rc_rotated	11082	22
atg000001l_rc_rotated	11083	22
atg000001l_rc_rotated	11084	22
atg000001l_rc_rotated	11085	22
atg000001l_rc_rotated	11086	22
atg000001l_rc_rotated	11087	22
atg000001l_rc_rotated	11088	22
atg000001l_rc_rotated	11089	22
atg000001l_rc_rotated	11090	22
atg000001l_rc_rotated	11091	22
atg000001l_rc_rotated	11092	22
atg000001l_rc_rotated	11093	22
atg000001l_rc_rotated	11094	22
atg000001l_rc_rotated	11095	22
atg000001l_rc_rotated	11096	22
atg000001l_rc_rotated	11097	22
atg000001l_rc_rotated	11098	22
atg000001l_rc_rotated	11099	22
atg000001l_rc_rotated	11100	22
atg000001l_rc_rotated	11101	22
atg000001l_rc_rotated	11102	22
atg000001l_rc_rotated	11103	22
atg000001l_rc_rotated	11104	22
atg000001l_rc_rotated	11105	22
atg000001l_rc_rotated	11106	22
atg000001l_rc_rotated	11107	22
atg000001l_rc_rotated	11108	22
atg000001l_rc_rotated	11109	22
atg000001l_rc_rotated	11110	22
atg000001l_rc_rotated	11111	22
atg000001l_rc_rotated	11112	22
atg000001l_rc_rotated	11113	22
atg000001l_rc_rotated	11114	22
atg000001l_rc_rotated	11115	22
atg000001l_rc_rotated	11116	22
atg000001l_rc_rotated	11117	22
atg000001l_rc_rotated	11118	22
atg000001l_rc_rotated	11119	22
atg000001l_rc_rotated	11120	22
atg000001l_rc_rotated	11121	22
atg000001l_rc_rotated	11122	22
atg000001l_rc_rotated	11123	22
atg000001l_rc_rotated	11124	22
atg000001l_rc_rotated	11125	22
atg000001l_rc_rotated	11126	22
atg000001l_rc_rotated	11127	22
atg000001l_rc_rotated	11128	22
atg000001l_rc_rotated	11129	22
atg000001l_rc_rotated	11130	22
atg000001l_rc_rotated	11131	22
atg000001l_rc_rotated	11132	22
atg000001l_rc_rotated	11133	22
atg000001l_rc_rotated	11134	22
atg000001l_rc_rotated	11135	22
atg000001l_rc_rotated	11136	22
atg000001l_rc_rotated	11137	22
atg000001l_rc_rotated	11138	22
atg000001l_rc_rotated	11139	22
atg000001l_rc_rotated	11140	22
atg000001l_rc_rotated	11141	22
atg000001l_rc_rotated	11142	22
atg000001l_rc_rotated	11143	22
atg000001l_rc_rotated	11144	22
atg000001l_rc_rotated	11145	22
atg000001l_rc_rotated	11146	22
atg000001l_rc_rotated	11147	22
atg000001l_rc_rotated	11148	22
atg000001l_rc_rotated	11149	22
atg000001l_rc_rotated	11150	22
atg000001l_rc_rotated	11151	22
atg000001l_rc_rotated	11152	22
atg000001l_rc_rotated	11153	22
atg000001l_rc_rotated	11154	22
atg000001l_rc_rotated	11155	22
atg000001l_rc_rotated	11156	22
atg000001l_rc_rotated	11157	22
atg000001l_rc_rotated	11158	22
atg000001l_rc_rotated	11159	22
atg000001l_rc_rotated	11160	22
atg000001l_rc_rotated	11161	22
atg000001l_rc_rotated	11162	22
atg000001l_rc_rotated	11163	22
atg000001l_rc_rotated	11164	22
atg000001l_rc_rotated	11165	22
atg000001l_rc_rotated	11166	22
atg000001l_rc_rotated	11167	22
atg000001l_rc_rotated	11168	22
atg000001l_rc_rotated	11169	22
atg000001l_rc_rotated	11170	22
atg000001l_rc_rotated	11171	22
atg000001l_rc_rotated	11172	22
atg000001l_rc_rotated	11173	22
atg000001l_rc_rotated	11174	22
atg000001l_rc_rotated	11175	22
atg000001l_rc_rotated	11176	22
atg000001l_rc_rotated	11177	22
atg000001l_rc_rotated	11178	22
atg000001l_rc_rotated	11179	22
atg000001l_rc_rotated	11180	22
atg000001l_rc_rotated	11181	22
atg000001l_rc_rotated	11182	22
atg000001l_rc_rotated	11183	22
atg000001l_rc_rotated	11184	22
atg000001l_rc_rotated	11185	22
atg000001l_rc_rotated	11186	22
atg000001l_rc_rotated	11187	22
atg000001l_rc_rotated	11188	22
atg000001l_rc_rotated	11189	22
atg000001l_rc_rotated	11190	22
atg000001l_rc_rotated	11191	22
atg000001l_rc_rotated	11192	22
atg000001l_rc_rotated	11193	22
atg000001l_rc_rotated	11194	22
atg000001l_rc_rotated	11195	22
atg000001l_rc_rotated	11196	22
atg000001l_rc_rotated	11197	22
atg000001l_rc_rotated	11198	22
atg000001l_rc_rotated	11199	22
atg000001l_rc_rotated	11200	22
atg000001l_rc_rotated	11201	22
atg000001l_rc_rotated	11202	22
atg000001l_rc_rotated	11203	22
atg000001l_rc_rotated	11204	22
atg000001l_rc_rotated	11205	22
atg000001l_rc_rotated	11206	22
atg000001l_rc_rotated	11207	22
atg000001l_rc_rotated	11208	22
atg000001l_rc_rotated	11209	22
atg000001l_rc_rotated	11210	22
atg000001l_rc_rotated	11211	22
atg000001l_rc_rotated	11212	22
atg000001l_rc_rotated	11213	22
atg000001l_rc_rotated	11214	22
atg000001l_rc_rotated	11215	22
atg000001l_rc_rotated	11216	22
atg000001l_rc_rotated	11217	22
atg000001l_rc_rotated	11218	22
atg000001l_rc_rotated	11219	22
atg000001l_rc_rotated	11220	22
atg000001l_rc_rotated	11221	22
atg000001l_rc_rotated	11222	22
atg000001l_rc_rotated	11223	22
atg000001l_rc_rotated	11224	22
atg000001l_rc_rotated	11225	22
atg000001l_rc_rotated	11226	22
atg000001l_rc_rotated	11227	22
atg000001l_rc_rotated	11228	22
atg000001l_rc_rotated	11229	22
atg000001l_rc_rotated	11230	22
atg000001l_rc_rotated	11231	22
atg000001l_rc_rotated	11232	22
atg000001l_rc_rotated	11233	22
atg000001l_rc_rotated	11234	22
atg000001l_rc_rotated	11235	22
atg000001l_rc_rotated	11236	22
atg000001l_rc_rotated	11237	22
atg000001l_rc_rotated	11238	22
atg000001l_rc_rotated	11239	21
atg000001l_rc_rotated	11240	21
atg000001l_rc_rotated	11241	21
atg000001l_rc_rotated	11242	21
atg000001l_rc_rotated	11243	21
atg000001l_rc_rotated	11244	21
atg000001l_rc_rotated	11245	21
atg000001l_rc_rotated	11246	21
atg000001l_rc_rotated	11247	21
atg000001l_rc_rotated	11248	21
atg000001l_rc_rotated	11249	21
atg000001l_rc_rotated	11250	21
atg000001l_rc_rotated	11251	21
atg000001l_rc_rotated	11252	21
atg000001l_rc_rotated	11253	21
atg000001l_rc_rotated	11254	21
atg000001l_rc_rotated	11255	21
atg000001l_rc_rotated	11256	21
atg000001l_rc_rotated	11257	21
atg000001l_rc_rotated	11258	21
atg000001l_rc_rotated	11259	21
atg000001l_rc_rotated	11260	21
atg000001l_rc_rotated	11261	21
atg000001l_rc_rotated	11262	21
atg000001l_rc_rotated	11263	21
atg000001l_rc_rotated	11264	21
atg000001l_rc_rotated	11265	21
atg000001l_rc_rotated	11266	21
atg000001l_rc_rotated	11267	21
atg000001l_rc_rotated	11268	21
atg000001l_rc_rotated	11269	21
atg000001l_rc_rotated	11270	21
atg000001l_rc_rotated	11271	21
atg000001l_rc_rotated	11272	21
atg000001l_rc_rotated	11273	21
atg000001l_rc_rotated	11274	21
atg000001l_rc_rotated	11275	21
atg000001l_rc_rotated	11276	21
atg000001l_rc_rotated	11277	21
atg000001l_rc_rotated	11278	21
atg000001l_rc_rotated	11279	21
atg000001l_rc_rotated	11280	21
atg000001l_rc_rotated	11281	21
atg000001l_rc_rotated	11282	21
atg000001l_rc_rotated	11283	21
atg000001l_rc_rotated	11284	21
atg000001l_rc_rotated	11285	21
atg000001l_rc_rotated	11286	21
atg000001l_rc_rotated	11287	21
atg000001l_rc_rotated	11288	21
atg000001l_rc_rotated	11289	21
atg000001l_rc_rotated	11290	21
atg000001l_rc_rotated	11291	21
atg000001l_rc_rotated	11292	21
atg000001l_rc_rotated	11293	21
atg000001l_rc_rotated	11294	21
atg000001l_rc_rotated	11295	21
atg000001l_rc_rotated	11296	21
atg000001l_rc_rotated	11297	21
atg000001l_rc_rotated	11298	21
atg000001l_rc_rotated	11299	21
atg000001l_rc_rotated	11300	21
atg000001l_rc_rotated	11301	21
atg000001l_rc_rotated	11302	21
atg000001l_rc_rotated	11303	21
atg000001l_rc_rotated	11304	21
atg000001l_rc_rotated	11305	21
atg000001l_rc_rotated	11306	21
atg000001l_rc_rotated	11307	21
atg000001l_rc_rotated	11308	21
atg000001l_rc_rotated	11309	21
atg000001l_rc_rotated	11310	21
atg000001l_rc_rotated	11311	21
atg000001l_rc_rotated	11312	21
atg000001l_rc_rotated	11313	21
atg000001l_rc_rotated	11314	21
atg000001l_rc_rotated	11315	21
atg000001l_rc_rotated	11316	21
atg000001l_rc_rotated	11317	21
atg000001l_rc_rotated	11318	21
atg000001l_rc_rotated	11319	21
atg000001l_rc_rotated	11320	21
atg000001l_rc_rotated	11321	21
atg000001l_rc_rotated	11322	21
atg000001l_rc_rotated	11323	21
atg000001l_rc_rotated	11324	21
atg000001l_rc_rotated	11325	21
atg000001l_rc_rotated	11326	21
atg000001l_rc_rotated	11327	21
atg000001l_rc_rotated	11328	21
atg000001l_rc_rotated	11329	21
atg000001l_rc_rotated	11330	21
atg000001l_rc_rotated	11331	21
atg000001l_rc_rotated	11332	21
atg000001l_rc_rotated	11333	21
atg000001l_rc_rotated	11334	21
atg000001l_rc_rotated	11335	21
atg000001l_rc_rotated	11336	21
atg000001l_rc_rotated	11337	21
atg000001l_rc_rotated	11338	21
atg000001l_rc_rotated	11339	21
atg000001l_rc_rotated	11340	21
atg000001l_rc_rotated	11341	21
atg000001l_rc_rotated	11342	21
atg000001l_rc_rotated	11343	21
atg000001l_rc_rotated	11344	21
atg000001l_rc_rotated	11345	21
atg000001l_rc_rotated	11346	21
atg000001l_rc_rotated	11347	21
atg000001l_rc_rotated	11348	21
atg000001l_rc_rotated	11349	21
atg000001l_rc_rotated	11350	21
atg000001l_rc_rotated	11351	21
atg000001l_rc_rotated	11352	21
atg000001l_rc_rotated	11353	21
atg000001l_rc_rotated	11354	21
atg000001l_rc_rotated	11355	21
atg000001l_rc_rotated	11356	21
atg000001l_rc_rotated	11357	21
atg000001l_rc_rotated	11358	21
atg000001l_rc_rotated	11359	21
atg000001l_rc_rotated	11360	21
atg000001l_rc_rotated	11361	21
atg000001l_rc_rotated	11362	21
atg000001l_rc_rotated	11363	21
atg000001l_rc_rotated	11364	21
atg000001l_rc_rotated	11365	21
atg000001l_rc_rotated	11366	21
atg000001l_rc_rotated	11367	21
atg000001l_rc_rotated	11368	21
atg000001l_rc_rotated	11369	21
atg000001l_rc_rotated	11370	21
atg000001l_rc_rotated	11371	21
atg000001l_rc_rotated	11372	21
atg000001l_rc_rotated	11373	21
atg000001l_rc_rotated	11374	21
atg000001l_rc_rotated	11375	21
atg000001l_rc_rotated	11376	21
atg000001l_rc_rotated	11377	21
atg000001l_rc_rotated	11378	21
atg000001l_rc_rotated	11379	21
atg000001l_rc_rotated	11380	21
atg000001l_rc_rotated	11381	21
atg000001l_rc_rotated	11382	21
atg000001l_rc_rotated	11383	21
atg000001l_rc_rotated	11384	21
atg000001l_rc_rotated	11385	21
atg000001l_rc_rotated	11386	21
atg000001l_rc_rotated	11387	21
atg000001l_rc_rotated	11388	21
atg000001l_rc_rotated	11389	21
atg000001l_rc_rotated	11390	21
atg000001l_rc_rotated	11391	21
atg000001l_rc_rotated	11392	21
atg000001l_rc_rotated	11393	21
atg000001l_rc_rotated	11394	21
atg000001l_rc_rotated	11395	21
atg000001l_rc_rotated	11396	21
atg000001l_rc_rotated	11397	21
atg000001l_rc_rotated	11398	21
atg000001l_rc_rotated	11399	21
atg000001l_rc_rotated	11400	21
atg000001l_rc_rotated	11401	21
atg000001l_rc_rotated	11402	21
atg000001l_rc_rotated	11403	21
atg000001l_rc_rotated	11404	21
atg000001l_rc_rotated	11405	21
atg000001l_rc_rotated	11406	21
atg000001l_rc_rotated	11407	21
atg000001l_rc_rotated	11408	21
atg000001l_rc_rotated	11409	21
atg000001l_rc_rotated	11410	21
atg000001l_rc_rotated	11411	21
atg000001l_rc_rotated	11412	21
atg000001l_rc_rotated	11413	21
atg000001l_rc_rotated	11414	21
atg000001l_rc_rotated	11415	21
atg000001l_rc_rotated	11416	21
atg000001l_rc_rotated	11417	21
atg000001l_rc_rotated	11418	21
atg000001l_rc_rotated	11419	21
atg000001l_rc_rotated	11420	21
atg000001l_rc_rotated	11421	21
atg000001l_rc_rotated	11422	21
atg000001l_rc_rotated	11423	21
atg000001l_rc_rotated	11424	21
atg000001l_rc_rotated	11425	21
atg000001l_rc_rotated	11426	21
atg000001l_rc_rotated	11427	21
atg000001l_rc_rotated	11428	22
atg000001l_rc_rotated	11429	22
atg000001l_rc_rotated	11430	22
atg000001l_rc_rotated	11431	22
atg000001l_rc_rotated	11432	22
atg000001l_rc_rotated	11433	22
atg000001l_rc_rotated	11434	22
atg000001l_rc_rotated	11435	22
atg000001l_rc_rotated	11436	22
atg000001l_rc_rotated	11437	22
atg000001l_rc_rotated	11438	22
atg000001l_rc_rotated	11439	22
atg000001l_rc_rotated	11440	22
atg000001l_rc_rotated	11441	22
atg000001l_rc_rotated	11442	22
atg000001l_rc_rotated	11443	22
atg000001l_rc_rotated	11444	22
atg000001l_rc_rotated	11445	22
atg000001l_rc_rotated	11446	22
atg000001l_rc_rotated	11447	22
atg000001l_rc_rotated	11448	22
atg000001l_rc_rotated	11449	22
atg000001l_rc_rotated	11450	22
atg000001l_rc_rotated	11451	22
atg000001l_rc_rotated	11452	22
atg000001l_rc_rotated	11453	22
atg000001l_rc_rotated	11454	22
atg000001l_rc_rotated	11455	22
atg000001l_rc_rotated	11456	22
atg000001l_rc_rotated	11457	22
atg000001l_rc_rotated	11458	22
atg000001l_rc_rotated	11459	22
atg000001l_rc_rotated	11460	22
atg000001l_rc_rotated	11461	22
atg000001l_rc_rotated	11462	22
atg000001l_rc_rotated	11463	22
atg000001l_rc_rotated	11464	22
atg000001l_rc_rotated	11465	22
atg000001l_rc_rotated	11466	22
atg000001l_rc_rotated	11467	22
atg000001l_rc_rotated	11468	22
atg000001l_rc_rotated	11469	22
atg000001l_rc_rotated	11470	22
atg000001l_rc_rotated	11471	22
atg000001l_rc_rotated	11472	22
atg000001l_rc_rotated	11473	22
atg000001l_rc_rotated	11474	22
atg000001l_rc_rotated	11475	22
atg000001l_rc_rotated	11476	22
atg000001l_rc_rotated	11477	22
atg000001l_rc_rotated	11478	22
atg000001l_rc_rotated	11479	22
atg000001l_rc_rotated	11480	22
atg000001l_rc_rotated	11481	22
atg000001l_rc_rotated	11482	22
atg000001l_rc_rotated	11483	22
atg000001l_rc_rotated	11484	22
atg000001l_rc_rotated	11485	22
atg000001l_rc_rotated	11486	22
atg000001l_rc_rotated	11487	22
atg000001l_rc_rotated	11488	22
atg000001l_rc_rotated	11489	22
atg000001l_rc_rotated	11490	22
atg000001l_rc_rotated	11491	22
atg000001l_rc_rotated	11492	22
atg000001l_rc_rotated	11493	22
atg000001l_rc_rotated	11494	22
atg000001l_rc_rotated	11495	22
atg000001l_rc_rotated	11496	22
atg000001l_rc_rotated	11497	22
atg000001l_rc_rotated	11498	22
atg000001l_rc_rotated	11499	22
atg000001l_rc_rotated	11500	22
atg000001l_rc_rotated	11501	22
atg000001l_rc_rotated	11502	22
atg000001l_rc_rotated	11503	22
atg000001l_rc_rotated	11504	22
atg000001l_rc_rotated	11505	22
atg000001l_rc_rotated	11506	22
atg000001l_rc_rotated	11507	22
atg000001l_rc_rotated	11508	22
atg000001l_rc_rotated	11509	22
atg000001l_rc_rotated	11510	22
atg000001l_rc_rotated	11511	22
atg000001l_rc_rotated	11512	22
atg000001l_rc_rotated	11513	22
atg000001l_rc_rotated	11514	22
atg000001l_rc_rotated	11515	22
atg000001l_rc_rotated	11516	22
atg000001l_rc_rotated	11517	22
atg000001l_rc_rotated	11518	22
atg000001l_rc_rotated	11519	22
atg000001l_rc_rotated	11520	22
atg000001l_rc_rotated	11521	22
atg000001l_rc_rotated	11522	22
atg000001l_rc_rotated	11523	22
atg000001l_rc_rotated	11524	22
atg000001l_rc_rotated	11525	22
atg000001l_rc_rotated	11526	22
atg000001l_rc_rotated	11527	22
atg000001l_rc_rotated	11528	22
atg000001l_rc_rotated	11529	22
atg000001l_rc_rotated	11530	22
atg000001l_rc_rotated	11531	22
atg000001l_rc_rotated	11532	22
atg000001l_rc_rotated	11533	22
atg000001l_rc_rotated	11534	22
atg000001l_rc_rotated	11535	22
atg000001l_rc_rotated	11536	22
atg000001l_rc_rotated	11537	22
atg000001l_rc_rotated	11538	22
atg000001l_rc_rotated	11539	22
atg000001l_rc_rotated	11540	22
atg000001l_rc_rotated	11541	22
atg000001l_rc_rotated	11542	22
atg000001l_rc_rotated	11543	22
atg000001l_rc_rotated	11544	22
atg000001l_rc_rotated	11545	22
atg000001l_rc_rotated	11546	22
atg000001l_rc_rotated	11547	22
atg000001l_rc_rotated	11548	22
atg000001l_rc_rotated	11549	22
atg000001l_rc_rotated	11550	22
atg000001l_rc_rotated	11551	22
atg000001l_rc_rotated	11552	22
atg000001l_rc_rotated	11553	22
atg000001l_rc_rotated	11554	22
atg000001l_rc_rotated	11555	22
atg000001l_rc_rotated	11556	22
atg000001l_rc_rotated	11557	22
atg000001l_rc_rotated	11558	22
atg000001l_rc_rotated	11559	22
atg000001l_rc_rotated	11560	22
atg000001l_rc_rotated	11561	22
atg000001l_rc_rotated	11562	22
atg000001l_rc_rotated	11563	22
atg000001l_rc_rotated	11564	22
atg000001l_rc_rotated	11565	22
atg000001l_rc_rotated	11566	22
atg000001l_rc_rotated	11567	22
atg000001l_rc_rotated	11568	22
atg000001l_rc_rotated	11569	22
atg000001l_rc_rotated	11570	22
atg000001l_rc_rotated	11571	22
atg000001l_rc_rotated	11572	22
atg000001l_rc_rotated	11573	22
atg000001l_rc_rotated	11574	22
atg000001l_rc_rotated	11575	22
atg000001l_rc_rotated	11576	22
atg000001l_rc_rotated	11577	22
atg000001l_rc_rotated	11578	22
atg000001l_rc_rotated	11579	22
atg000001l_rc_rotated	11580	22
atg000001l_rc_rotated	11581	22
atg000001l_rc_rotated	11582	22
atg000001l_rc_rotated	11583	22
atg000001l_rc_rotated	11584	22
atg000001l_rc_rotated	11585	22
atg000001l_rc_rotated	11586	22
atg000001l_rc_rotated	11587	22
atg000001l_rc_rotated	11588	22
atg000001l_rc_rotated	11589	22
atg000001l_rc_rotated	11590	22
atg000001l_rc_rotated	11591	22
atg000001l_rc_rotated	11592	22
atg000001l_rc_rotated	11593	22
atg000001l_rc_rotated	11594	22
atg000001l_rc_rotated	11595	22
atg000001l_rc_rotated	11596	22
atg000001l_rc_rotated	11597	22
atg000001l_rc_rotated	11598	22
atg000001l_rc_rotated	11599	22
atg000001l_rc_rotated	11600	22
atg000001l_rc_rotated	11601	22
atg000001l_rc_rotated	11602	22
atg000001l_rc_rotated	11603	22
atg000001l_rc_rotated	11604	22
atg000001l_rc_rotated	11605	22
atg000001l_rc_rotated	11606	22
atg000001l_rc_rotated	11607	22
atg000001l_rc_rotated	11608	22
atg000001l_rc_rotated	11609	22
atg000001l_rc_rotated	11610	22
atg000001l_rc_rotated	11611	22
atg000001l_rc_rotated	11612	22
atg000001l_rc_rotated	11613	22
atg000001l_rc_rotated	11614	22
atg000001l_rc_rotated	11615	22
atg000001l_rc_rotated	11616	22
atg000001l_rc_rotated	11617	22
atg000001l_rc_rotated	11618	22
atg000001l_rc_rotated	11619	22
atg000001l_rc_rotated	11620	22
atg000001l_rc_rotated	11621	22
atg000001l_rc_rotated	11622	22
atg000001l_rc_rotated	11623	22
atg000001l_rc_rotated	11624	22
atg000001l_rc_rotated	11625	22
atg000001l_rc_rotated	11626	22
atg000001l_rc_rotated	11627	22
atg000001l_rc_rotated	11628	22
atg000001l_rc_rotated	11629	22
atg000001l_rc_rotated	11630	22
atg000001l_rc_rotated	11631	22
atg000001l_rc_rotated	11632	22
atg000001l_rc_rotated	11633	22
atg000001l_rc_rotated	11634	22
atg000001l_rc_rotated	11635	22
atg000001l_rc_rotated	11636	22
atg000001l_rc_rotated	11637	22
atg000001l_rc_rotated	11638	22
atg000001l_rc_rotated	11639	22
atg000001l_rc_rotated	11640	22
atg000001l_rc_rotated	11641	22
atg000001l_rc_rotated	11642	22
atg000001l_rc_rotated	11643	22
atg000001l_rc_rotated	11644	23
atg000001l_rc_rotated	11645	23
atg000001l_rc_rotated	11646	23
atg000001l_rc_rotated	11647	23
atg000001l_rc_rotated	11648	23
atg000001l_rc_rotated	11649	23
atg000001l_rc_rotated	11650	23
atg000001l_rc_rotated	11651	23
atg000001l_rc_rotated	11652	23
atg000001l_rc_rotated	11653	23
atg000001l_rc_rotated	11654	23
atg000001l_rc_rotated	11655	23
atg000001l_rc_rotated	11656	23
atg000001l_rc_rotated	11657	23
atg000001l_rc_rotated	11658	23
atg000001l_rc_rotated	11659	23
atg000001l_rc_rotated	11660	23
atg000001l_rc_rotated	11661	23
atg000001l_rc_rotated	11662	23
atg000001l_rc_rotated	11663	23
atg000001l_rc_rotated	11664	23
atg000001l_rc_rotated	11665	23
atg000001l_rc_rotated	11666	23
atg000001l_rc_rotated	11667	23
atg000001l_rc_rotated	11668	23
atg000001l_rc_rotated	11669	23
atg000001l_rc_rotated	11670	23
atg000001l_rc_rotated	11671	23
atg000001l_rc_rotated	11672	23
atg000001l_rc_rotated	11673	23
atg000001l_rc_rotated	11674	23
atg000001l_rc_rotated	11675	23
atg000001l_rc_rotated	11676	23
atg000001l_rc_rotated	11677	23
atg000001l_rc_rotated	11678	23
atg000001l_rc_rotated	11679	23
atg000001l_rc_rotated	11680	23
atg000001l_rc_rotated	11681	23
atg000001l_rc_rotated	11682	23
atg000001l_rc_rotated	11683	23
atg000001l_rc_rotated	11684	23
atg000001l_rc_rotated	11685	23
atg000001l_rc_rotated	11686	23
atg000001l_rc_rotated	11687	23
atg000001l_rc_rotated	11688	23
atg000001l_rc_rotated	11689	23
atg000001l_rc_rotated	11690	23
atg000001l_rc_rotated	11691	23
atg000001l_rc_rotated	11692	23
atg000001l_rc_rotated	11693	23
atg000001l_rc_rotated	11694	23
atg000001l_rc_rotated	11695	23
atg000001l_rc_rotated	11696	23
atg000001l_rc_rotated	11697	23
atg000001l_rc_rotated	11698	23
atg000001l_rc_rotated	11699	23
atg000001l_rc_rotated	11700	23
atg000001l_rc_rotated	11701	23
atg000001l_rc_rotated	11702	23
atg000001l_rc_rotated	11703	22
atg000001l_rc_rotated	11704	22
atg000001l_rc_rotated	11705	22
atg000001l_rc_rotated	11706	22
atg000001l_rc_rotated	11707	22
atg000001l_rc_rotated	11708	22
atg000001l_rc_rotated	11709	22
atg000001l_rc_rotated	11710	22
atg000001l_rc_rotated	11711	22
atg000001l_rc_rotated	11712	22
atg000001l_rc_rotated	11713	22
atg000001l_rc_rotated	11714	22
atg000001l_rc_rotated	11715	22
atg000001l_rc_rotated	11716	22
atg000001l_rc_rotated	11717	22
atg000001l_rc_rotated	11718	22
atg000001l_rc_rotated	11719	22
atg000001l_rc_rotated	11720	22
atg000001l_rc_rotated	11721	22
atg000001l_rc_rotated	11722	22
atg000001l_rc_rotated	11723	22
atg000001l_rc_rotated	11724	22
atg000001l_rc_rotated	11725	22
atg000001l_rc_rotated	11726	22
atg000001l_rc_rotated	11727	22
atg000001l_rc_rotated	11728	22
atg000001l_rc_rotated	11729	22
atg000001l_rc_rotated	11730	22
atg000001l_rc_rotated	11731	22
atg000001l_rc_rotated	11732	22
atg000001l_rc_rotated	11733	22
atg000001l_rc_rotated	11734	22
atg000001l_rc_rotated	11735	22
atg000001l_rc_rotated	11736	22
atg000001l_rc_rotated	11737	22
atg000001l_rc_rotated	11738	22
atg000001l_rc_rotated	11739	22
atg000001l_rc_rotated	11740	22
atg000001l_rc_rotated	11741	22
atg000001l_rc_rotated	11742	22
atg000001l_rc_rotated	11743	22
atg000001l_rc_rotated	11744	22
atg000001l_rc_rotated	11745	22
atg000001l_rc_rotated	11746	23
atg000001l_rc_rotated	11747	23
atg000001l_rc_rotated	11748	23
atg000001l_rc_rotated	11749	23
atg000001l_rc_rotated	11750	23
atg000001l_rc_rotated	11751	23
atg000001l_rc_rotated	11752	23
atg000001l_rc_rotated	11753	23
atg000001l_rc_rotated	11754	23
atg000001l_rc_rotated	11755	23
atg000001l_rc_rotated	11756	23
atg000001l_rc_rotated	11757	23
atg000001l_rc_rotated	11758	23
atg000001l_rc_rotated	11759	23
atg000001l_rc_rotated	11760	23
atg000001l_rc_rotated	11761	23
atg000001l_rc_rotated	11762	23
atg000001l_rc_rotated	11763	23
atg000001l_rc_rotated	11764	23
atg000001l_rc_rotated	11765	23
atg000001l_rc_rotated	11766	23
atg000001l_rc_rotated	11767	23
atg000001l_rc_rotated	11768	23
atg000001l_rc_rotated	11769	23
atg000001l_rc_rotated	11770	23
atg000001l_rc_rotated	11771	23
atg000001l_rc_rotated	11772	23
atg000001l_rc_rotated	11773	23
atg000001l_rc_rotated	11774	23
atg000001l_rc_rotated	11775	23
atg000001l_rc_rotated	11776	23
atg000001l_rc_rotated	11777	23
atg000001l_rc_rotated	11778	23
atg000001l_rc_rotated	11779	23
atg000001l_rc_rotated	11780	23
atg000001l_rc_rotated	11781	23
atg000001l_rc_rotated	11782	23
atg000001l_rc_rotated	11783	23
atg000001l_rc_rotated	11784	23
atg000001l_rc_rotated	11785	23
atg000001l_rc_rotated	11786	23
atg000001l_rc_rotated	11787	23
atg000001l_rc_rotated	11788	23
atg000001l_rc_rotated	11789	23
atg000001l_rc_rotated	11790	23
atg000001l_rc_rotated	11791	23
atg000001l_rc_rotated	11792	23
atg000001l_rc_rotated	11793	23
atg000001l_rc_rotated	11794	23
atg000001l_rc_rotated	11795	23
atg000001l_rc_rotated	11796	23
atg000001l_rc_rotated	11797	23
atg000001l_rc_rotated	11798	23
atg000001l_rc_rotated	11799	23
atg000001l_rc_rotated	11800	23
atg000001l_rc_rotated	11801	23
atg000001l_rc_rotated	11802	23
atg000001l_rc_rotated	11803	23
atg000001l_rc_rotated	11804	23
atg000001l_rc_rotated	11805	23
atg000001l_rc_rotated	11806	23
atg000001l_rc_rotated	11807	23
atg000001l_rc_rotated	11808	23
atg000001l_rc_rotated	11809	23
atg000001l_rc_rotated	11810	23
atg000001l_rc_rotated	11811	23
atg000001l_rc_rotated	11812	23
atg000001l_rc_rotated	11813	23
atg000001l_rc_rotated	11814	23
atg000001l_rc_rotated	11815	23
atg000001l_rc_rotated	11816	23
atg000001l_rc_rotated	11817	23
atg000001l_rc_rotated	11818	23
atg000001l_rc_rotated	11819	23
atg000001l_rc_rotated	11820	23
atg000001l_rc_rotated	11821	23
atg000001l_rc_rotated	11822	23
atg000001l_rc_rotated	11823	23
atg000001l_rc_rotated	11824	23
atg000001l_rc_rotated	11825	23
atg000001l_rc_rotated	11826	23
atg000001l_rc_rotated	11827	23
atg000001l_rc_rotated	11828	23
atg000001l_rc_rotated	11829	23
atg000001l_rc_rotated	11830	23
atg000001l_rc_rotated	11831	23
atg000001l_rc_rotated	11832	23
atg000001l_rc_rotated	11833	23
atg000001l_rc_rotated	11834	23
atg000001l_rc_rotated	11835	23
atg000001l_rc_rotated	11836	23
atg000001l_rc_rotated	11837	23
atg000001l_rc_rotated	11838	23
atg000001l_rc_rotated	11839	23
atg000001l_rc_rotated	11840	23
atg000001l_rc_rotated	11841	23
atg000001l_rc_rotated	11842	23
atg000001l_rc_rotated	11843	23
atg000001l_rc_rotated	11844	23
atg000001l_rc_rotated	11845	23
atg000001l_rc_rotated	11846	23
atg000001l_rc_rotated	11847	23
atg000001l_rc_rotated	11848	23
atg000001l_rc_rotated	11849	23
atg000001l_rc_rotated	11850	23
atg000001l_rc_rotated	11851	23
atg000001l_rc_rotated	11852	23
atg000001l_rc_rotated	11853	23
atg000001l_rc_rotated	11854	23
atg000001l_rc_rotated	11855	23
atg000001l_rc_rotated	11856	23
atg000001l_rc_rotated	11857	23
atg000001l_rc_rotated	11858	23
atg000001l_rc_rotated	11859	23
atg000001l_rc_rotated	11860	23
atg000001l_rc_rotated	11861	23
atg000001l_rc_rotated	11862	23
atg000001l_rc_rotated	11863	23
atg000001l_rc_rotated	11864	23
atg000001l_rc_rotated	11865	23
atg000001l_rc_rotated	11866	23
atg000001l_rc_rotated	11867	23
atg000001l_rc_rotated	11868	23
atg000001l_rc_rotated	11869	23
atg000001l_rc_rotated	11870	23
atg000001l_rc_rotated	11871	23
atg000001l_rc_rotated	11872	23
atg000001l_rc_rotated	11873	23
atg000001l_rc_rotated	11874	23
atg000001l_rc_rotated	11875	23
atg000001l_rc_rotated	11876	23
atg000001l_rc_rotated	11877	23
atg000001l_rc_rotated	11878	23
atg000001l_rc_rotated	11879	23
atg000001l_rc_rotated	11880	23
atg000001l_rc_rotated	11881	23
atg000001l_rc_rotated	11882	23
atg000001l_rc_rotated	11883	23
atg000001l_rc_rotated	11884	23
atg000001l_rc_rotated	11885	23
atg000001l_rc_rotated	11886	23
atg000001l_rc_rotated	11887	23
atg000001l_rc_rotated	11888	23
atg000001l_rc_rotated	11889	23
atg000001l_rc_rotated	11890	23
atg000001l_rc_rotated	11891	23
atg000001l_rc_rotated	11892	23
atg000001l_rc_rotated	11893	23
atg000001l_rc_rotated	11894	23
atg000001l_rc_rotated	11895	23
atg000001l_rc_rotated	11896	23
atg000001l_rc_rotated	11897	23
atg000001l_rc_rotated	11898	23
atg000001l_rc_rotated	11899	23
atg000001l_rc_rotated	11900	23
atg000001l_rc_rotated	11901	23
atg000001l_rc_rotated	11902	23
atg000001l_rc_rotated	11903	24
atg000001l_rc_rotated	11904	24
atg000001l_rc_rotated	11905	24
atg000001l_rc_rotated	11906	24
atg000001l_rc_rotated	11907	24
atg000001l_rc_rotated	11908	24
atg000001l_rc_rotated	11909	24
atg000001l_rc_rotated	11910	24
atg000001l_rc_rotated	11911	24
atg000001l_rc_rotated	11912	24
atg000001l_rc_rotated	11913	24
atg000001l_rc_rotated	11914	24
atg000001l_rc_rotated	11915	24
atg000001l_rc_rotated	11916	24
atg000001l_rc_rotated	11917	24
atg000001l_rc_rotated	11918	24
atg000001l_rc_rotated	11919	24
atg000001l_rc_rotated	11920	24
atg000001l_rc_rotated	11921	24
atg000001l_rc_rotated	11922	24
atg000001l_rc_rotated	11923	24
atg000001l_rc_rotated	11924	24
atg000001l_rc_rotated	11925	24
atg000001l_rc_rotated	11926	24
atg000001l_rc_rotated	11927	24
atg000001l_rc_rotated	11928	24
atg000001l_rc_rotated	11929	24
atg000001l_rc_rotated	11930	24
atg000001l_rc_rotated	11931	24
atg000001l_rc_rotated	11932	24
atg000001l_rc_rotated	11933	24
atg000001l_rc_rotated	11934	24
atg000001l_rc_rotated	11935	24
atg000001l_rc_rotated	11936	24
atg000001l_rc_rotated	11937	24
atg000001l_rc_rotated	11938	24
atg000001l_rc_rotated	11939	24
atg000001l_rc_rotated	11940	24
atg000001l_rc_rotated	11941	24
atg000001l_rc_rotated	11942	24
atg000001l_rc_rotated	11943	24
atg000001l_rc_rotated	11944	24
atg000001l_rc_rotated	11945	24
atg000001l_rc_rotated	11946	24
atg000001l_rc_rotated	11947	24
atg000001l_rc_rotated	11948	24
atg000001l_rc_rotated	11949	24
atg000001l_rc_rotated	11950	24
atg000001l_rc_rotated	11951	24
atg000001l_rc_rotated	11952	24
atg000001l_rc_rotated	11953	24
atg000001l_rc_rotated	11954	24
atg000001l_rc_rotated	11955	24
atg000001l_rc_rotated	11956	24
atg000001l_rc_rotated	11957	24
atg000001l_rc_rotated	11958	24
atg000001l_rc_rotated	11959	24
atg000001l_rc_rotated	11960	24
atg000001l_rc_rotated	11961	24
atg000001l_rc_rotated	11962	24
atg000001l_rc_rotated	11963	24
atg000001l_rc_rotated	11964	24
atg000001l_rc_rotated	11965	24
atg000001l_rc_rotated	11966	24
atg000001l_rc_rotated	11967	24
atg000001l_rc_rotated	11968	24
atg000001l_rc_rotated	11969	24
atg000001l_rc_rotated	11970	24
atg000001l_rc_rotated	11971	24
atg000001l_rc_rotated	11972	24
atg000001l_rc_rotated	11973	24
atg000001l_rc_rotated	11974	24
atg000001l_rc_rotated	11975	24
atg000001l_rc_rotated	11976	24
atg000001l_rc_rotated	11977	24
atg000001l_rc_rotated	11978	24
atg000001l_rc_rotated	11979	24
atg000001l_rc_rotated	11980	24
atg000001l_rc_rotated	11981	24
atg000001l_rc_rotated	11982	24
atg000001l_rc_rotated	11983	24
atg000001l_rc_rotated	11984	24
atg000001l_rc_rotated	11985	24
atg000001l_rc_rotated	11986	24
atg000001l_rc_rotated	11987	24
atg000001l_rc_rotated	11988	24
atg000001l_rc_rotated	11989	24
atg000001l_rc_rotated	11990	24
atg000001l_rc_rotated	11991	24
atg000001l_rc_rotated	11992	24
atg000001l_rc_rotated	11993	24
atg000001l_rc_rotated	11994	24
atg000001l_rc_rotated	11995	24
atg000001l_rc_rotated	11996	24
atg000001l_rc_rotated	11997	24
atg000001l_rc_rotated	11998	24
atg000001l_rc_rotated	11999	24
atg000001l_rc_rotated	12000	24
atg000001l_rc_rotated	12001	24
atg000001l_rc_rotated	12002	24
atg000001l_rc_rotated	12003	24
atg000001l_rc_rotated	12004	24
atg000001l_rc_rotated	12005	24
atg000001l_rc_rotated	12006	24
atg000001l_rc_rotated	12007	24
atg000001l_rc_rotated	12008	24
atg000001l_rc_rotated	12009	24
atg000001l_rc_rotated	12010	24
atg000001l_rc_rotated	12011	24
atg000001l_rc_rotated	12012	24
atg000001l_rc_rotated	12013	24
atg000001l_rc_rotated	12014	24
atg000001l_rc_rotated	12015	24
atg000001l_rc_rotated	12016	24
atg000001l_rc_rotated	12017	24
atg000001l_rc_rotated	12018	24
atg000001l_rc_rotated	12019	24
atg000001l_rc_rotated	12020	24
atg000001l_rc_rotated	12021	24
atg000001l_rc_rotated	12022	24
atg000001l_rc_rotated	12023	24
atg000001l_rc_rotated	12024	24
atg000001l_rc_rotated	12025	24
atg000001l_rc_rotated	12026	24
atg000001l_rc_rotated	12027	24
atg000001l_rc_rotated	12028	24
atg000001l_rc_rotated	12029	24
atg000001l_rc_rotated	12030	24
atg000001l_rc_rotated	12031	24
atg000001l_rc_rotated	12032	24
atg000001l_rc_rotated	12033	24
atg000001l_rc_rotated	12034	24
atg000001l_rc_rotated	12035	24
atg000001l_rc_rotated	12036	24
atg000001l_rc_rotated	12037	24
atg000001l_rc_rotated	12038	24
atg000001l_rc_rotated	12039	24
atg000001l_rc_rotated	12040	24
atg000001l_rc_rotated	12041	24
atg000001l_rc_rotated	12042	24
atg000001l_rc_rotated	12043	24
atg000001l_rc_rotated	12044	24
atg000001l_rc_rotated	12045	24
atg000001l_rc_rotated	12046	24
atg000001l_rc_rotated	12047	24
atg000001l_rc_rotated	12048	24
atg000001l_rc_rotated	12049	24
atg000001l_rc_rotated	12050	24
atg000001l_rc_rotated	12051	24
atg000001l_rc_rotated	12052	24
atg000001l_rc_rotated	12053	24
atg000001l_rc_rotated	12054	24
atg000001l_rc_rotated	12055	24
atg000001l_rc_rotated	12056	24
atg000001l_rc_rotated	12057	24
atg000001l_rc_rotated	12058	24
atg000001l_rc_rotated	12059	24
atg000001l_rc_rotated	12060	24
atg000001l_rc_rotated	12061	24
atg000001l_rc_rotated	12062	24
atg000001l_rc_rotated	12063	24
atg000001l_rc_rotated	12064	24
atg000001l_rc_rotated	12065	24
atg000001l_rc_rotated	12066	24
atg000001l_rc_rotated	12067	24
atg000001l_rc_rotated	12068	24
atg000001l_rc_rotated	12069	24
atg000001l_rc_rotated	12070	24
atg000001l_rc_rotated	12071	24
atg000001l_rc_rotated	12072	24
atg000001l_rc_rotated	12073	24
atg000001l_rc_rotated	12074	24
atg000001l_rc_rotated	12075	24
atg000001l_rc_rotated	12076	24
atg000001l_rc_rotated	12077	24
atg000001l_rc_rotated	12078	24
atg000001l_rc_rotated	12079	24
atg000001l_rc_rotated	12080	24
atg000001l_rc_rotated	12081	24
atg000001l_rc_rotated	12082	24
atg000001l_rc_rotated	12083	24
atg000001l_rc_rotated	12084	24
atg000001l_rc_rotated	12085	24
atg000001l_rc_rotated	12086	24
atg000001l_rc_rotated	12087	24
atg000001l_rc_rotated	12088	24
atg000001l_rc_rotated	12089	24
atg000001l_rc_rotated	12090	24
atg000001l_rc_rotated	12091	24
atg000001l_rc_rotated	12092	24
atg000001l_rc_rotated	12093	24
atg000001l_rc_rotated	12094	24
atg000001l_rc_rotated	12095	24
atg000001l_rc_rotated	12096	24
atg000001l_rc_rotated	12097	24
atg000001l_rc_rotated	12098	24
atg000001l_rc_rotated	12099	24
atg000001l_rc_rotated	12100	24
atg000001l_rc_rotated	12101	24
atg000001l_rc_rotated	12102	24
atg000001l_rc_rotated	12103	24
atg000001l_rc_rotated	12104	24
atg000001l_rc_rotated	12105	24
atg000001l_rc_rotated	12106	24
atg000001l_rc_rotated	12107	24
atg000001l_rc_rotated	12108	24
atg000001l_rc_rotated	12109	24
atg000001l_rc_rotated	12110	24
atg000001l_rc_rotated	12111	24
atg000001l_rc_rotated	12112	24
atg000001l_rc_rotated	12113	24
atg000001l_rc_rotated	12114	24
atg000001l_rc_rotated	12115	24
atg000001l_rc_rotated	12116	24
atg000001l_rc_rotated	12117	24
atg000001l_rc_rotated	12118	24
atg000001l_rc_rotated	12119	24
atg000001l_rc_rotated	12120	24
atg000001l_rc_rotated	12121	24
atg000001l_rc_rotated	12122	24
atg000001l_rc_rotated	12123	24
atg000001l_rc_rotated	12124	24
atg000001l_rc_rotated	12125	24
atg000001l_rc_rotated	12126	24
atg000001l_rc_rotated	12127	24
atg000001l_rc_rotated	12128	24
atg000001l_rc_rotated	12129	24
atg000001l_rc_rotated	12130	24
atg000001l_rc_rotated	12131	24
atg000001l_rc_rotated	12132	24
atg000001l_rc_rotated	12133	24
atg000001l_rc_rotated	12134	24
atg000001l_rc_rotated	12135	24
atg000001l_rc_rotated	12136	24
atg000001l_rc_rotated	12137	24
atg000001l_rc_rotated	12138	24
atg000001l_rc_rotated	12139	24
atg000001l_rc_rotated	12140	24
atg000001l_rc_rotated	12141	24
atg000001l_rc_rotated	12142	24
atg000001l_rc_rotated	12143	24
atg000001l_rc_rotated	12144	24
atg000001l_rc_rotated	12145	24
atg000001l_rc_rotated	12146	25
atg000001l_rc_rotated	12147	25
atg000001l_rc_rotated	12148	25
atg000001l_rc_rotated	12149	25
atg000001l_rc_rotated	12150	25
atg000001l_rc_rotated	12151	25
atg000001l_rc_rotated	12152	25
atg000001l_rc_rotated	12153	25
atg000001l_rc_rotated	12154	25
atg000001l_rc_rotated	12155	25
atg000001l_rc_rotated	12156	25
atg000001l_rc_rotated	12157	25
atg000001l_rc_rotated	12158	25
atg000001l_rc_rotated	12159	25
atg000001l_rc_rotated	12160	25
atg000001l_rc_rotated	12161	25
atg000001l_rc_rotated	12162	25
atg000001l_rc_rotated	12163	25
atg000001l_rc_rotated	12164	25
atg000001l_rc_rotated	12165	25
atg000001l_rc_rotated	12166	25
atg000001l_rc_rotated	12167	25
atg000001l_rc_rotated	12168	25
atg000001l_rc_rotated	12169	25
atg000001l_rc_rotated	12170	25
atg000001l_rc_rotated	12171	25
atg000001l_rc_rotated	12172	25
atg000001l_rc_rotated	12173	25
atg000001l_rc_rotated	12174	25
atg000001l_rc_rotated	12175	25
atg000001l_rc_rotated	12176	25
atg000001l_rc_rotated	12177	25
atg000001l_rc_rotated	12178	25
atg000001l_rc_rotated	12179	25
atg000001l_rc_rotated	12180	25
atg000001l_rc_rotated	12181	25
atg000001l_rc_rotated	12182	25
atg000001l_rc_rotated	12183	25
atg000001l_rc_rotated	12184	25
atg000001l_rc_rotated	12185	25
atg000001l_rc_rotated	12186	25
atg000001l_rc_rotated	12187	25
atg000001l_rc_rotated	12188	25
atg000001l_rc_rotated	12189	25
atg000001l_rc_rotated	12190	25
atg000001l_rc_rotated	12191	25
atg000001l_rc_rotated	12192	25
atg000001l_rc_rotated	12193	25
atg000001l_rc_rotated	12194	25
atg000001l_rc_rotated	12195	25
atg000001l_rc_rotated	12196	25
atg000001l_rc_rotated	12197	25
atg000001l_rc_rotated	12198	25
atg000001l_rc_rotated	12199	25
atg000001l_rc_rotated	12200	25
atg000001l_rc_rotated	12201	25
atg000001l_rc_rotated	12202	25
atg000001l_rc_rotated	12203	25
atg000001l_rc_rotated	12204	25
atg000001l_rc_rotated	12205	25
atg000001l_rc_rotated	12206	25
atg000001l_rc_rotated	12207	25
atg000001l_rc_rotated	12208	25
atg000001l_rc_rotated	12209	25
atg000001l_rc_rotated	12210	25
atg000001l_rc_rotated	12211	25
atg000001l_rc_rotated	12212	25
atg000001l_rc_rotated	12213	25
atg000001l_rc_rotated	12214	25
atg000001l_rc_rotated	12215	25
atg000001l_rc_rotated	12216	25
atg000001l_rc_rotated	12217	25
atg000001l_rc_rotated	12218	25
atg000001l_rc_rotated	12219	25
atg000001l_rc_rotated	12220	25
atg000001l_rc_rotated	12221	25
atg000001l_rc_rotated	12222	25
atg000001l_rc_rotated	12223	25
atg000001l_rc_rotated	12224	25
atg000001l_rc_rotated	12225	25
atg000001l_rc_rotated	12226	25
atg000001l_rc_rotated	12227	25
atg000001l_rc_rotated	12228	25
atg000001l_rc_rotated	12229	25
atg000001l_rc_rotated	12230	25
atg000001l_rc_rotated	12231	25
atg000001l_rc_rotated	12232	25
atg000001l_rc_rotated	12233	25
atg000001l_rc_rotated	12234	25
atg000001l_rc_rotated	12235	25
atg000001l_rc_rotated	12236	25
atg000001l_rc_rotated	12237	25
atg000001l_rc_rotated	12238	25
atg000001l_rc_rotated	12239	25
atg000001l_rc_rotated	12240	25
atg000001l_rc_rotated	12241	25
atg000001l_rc_rotated	12242	25
atg000001l_rc_rotated	12243	25
atg000001l_rc_rotated	12244	25
atg000001l_rc_rotated	12245	25
atg000001l_rc_rotated	12246	25
atg000001l_rc_rotated	12247	25
atg000001l_rc_rotated	12248	25
atg000001l_rc_rotated	12249	25
atg000001l_rc_rotated	12250	25
atg000001l_rc_rotated	12251	25
atg000001l_rc_rotated	12252	25
atg000001l_rc_rotated	12253	25
atg000001l_rc_rotated	12254	25
atg000001l_rc_rotated	12255	25
atg000001l_rc_rotated	12256	25
atg000001l_rc_rotated	12257	25
atg000001l_rc_rotated	12258	25
atg000001l_rc_rotated	12259	25
atg000001l_rc_rotated	12260	25
atg000001l_rc_rotated	12261	25
atg000001l_rc_rotated	12262	25
atg000001l_rc_rotated	12263	25
atg000001l_rc_rotated	12264	25
atg000001l_rc_rotated	12265	25
atg000001l_rc_rotated	12266	25
atg000001l_rc_rotated	12267	25
atg000001l_rc_rotated	12268	25
atg000001l_rc_rotated	12269	25
atg000001l_rc_rotated	12270	25
atg000001l_rc_rotated	12271	25
atg000001l_rc_rotated	12272	25
atg000001l_rc_rotated	12273	25
atg000001l_rc_rotated	12274	25
atg000001l_rc_rotated	12275	25
atg000001l_rc_rotated	12276	25
atg000001l_rc_rotated	12277	25
atg000001l_rc_rotated	12278	25
atg000001l_rc_rotated	12279	25
atg000001l_rc_rotated	12280	25
atg000001l_rc_rotated	12281	25
atg000001l_rc_rotated	12282	25
atg000001l_rc_rotated	12283	25
atg000001l_rc_rotated	12284	25
atg000001l_rc_rotated	12285	25
atg000001l_rc_rotated	12286	25
atg000001l_rc_rotated	12287	25
atg000001l_rc_rotated	12288	25
atg000001l_rc_rotated	12289	25
atg000001l_rc_rotated	12290	25
atg000001l_rc_rotated	12291	25
atg000001l_rc_rotated	12292	25
atg000001l_rc_rotated	12293	25
atg000001l_rc_rotated	12294	25
atg000001l_rc_rotated	12295	25
atg000001l_rc_rotated	12296	25
atg000001l_rc_rotated	12297	25
atg000001l_rc_rotated	12298	25
atg000001l_rc_rotated	12299	25
atg000001l_rc_rotated	12300	25
atg000001l_rc_rotated	12301	25
atg000001l_rc_rotated	12302	25
atg000001l_rc_rotated	12303	25
atg000001l_rc_rotated	12304	25
atg000001l_rc_rotated	12305	25
atg000001l_rc_rotated	12306	25
atg000001l_rc_rotated	12307	25
atg000001l_rc_rotated	12308	25
atg000001l_rc_rotated	12309	25
atg000001l_rc_rotated	12310	25
atg000001l_rc_rotated	12311	25
atg000001l_rc_rotated	12312	25
atg000001l_rc_rotated	12313	25
atg000001l_rc_rotated	12314	25
atg000001l_rc_rotated	12315	25
atg000001l_rc_rotated	12316	25
atg000001l_rc_rotated	12317	25
atg000001l_rc_rotated	12318	25
atg000001l_rc_rotated	12319	25
atg000001l_rc_rotated	12320	25
atg000001l_rc_rotated	12321	25
atg000001l_rc_rotated	12322	25
atg000001l_rc_rotated	12323	25
atg000001l_rc_rotated	12324	25
atg000001l_rc_rotated	12325	25
atg000001l_rc_rotated	12326	25
atg000001l_rc_rotated	12327	25
atg000001l_rc_rotated	12328	25
atg000001l_rc_rotated	12329	25
atg000001l_rc_rotated	12330	25
atg000001l_rc_rotated	12331	25
atg000001l_rc_rotated	12332	25
atg000001l_rc_rotated	12333	25
atg000001l_rc_rotated	12334	25
atg000001l_rc_rotated	12335	25
atg000001l_rc_rotated	12336	25
atg000001l_rc_rotated	12337	25
atg000001l_rc_rotated	12338	25
atg000001l_rc_rotated	12339	25
atg000001l_rc_rotated	12340	25
atg000001l_rc_rotated	12341	25
atg000001l_rc_rotated	12342	25
atg000001l_rc_rotated	12343	25
atg000001l_rc_rotated	12344	25
atg000001l_rc_rotated	12345	25
atg000001l_rc_rotated	12346	25
atg000001l_rc_rotated	12347	25
atg000001l_rc_rotated	12348	25
atg000001l_rc_rotated	12349	25
atg000001l_rc_rotated	12350	25
atg000001l_rc_rotated	12351	25
atg000001l_rc_rotated	12352	25
atg000001l_rc_rotated	12353	25
atg000001l_rc_rotated	12354	25
atg000001l_rc_rotated	12355	25
atg000001l_rc_rotated	12356	25
atg000001l_rc_rotated	12357	25
atg000001l_rc_rotated	12358	25
atg000001l_rc_rotated	12359	25
atg000001l_rc_rotated	12360	25
atg000001l_rc_rotated	12361	25
atg000001l_rc_rotated	12362	25
atg000001l_rc_rotated	12363	25
atg000001l_rc_rotated	12364	25
atg000001l_rc_rotated	12365	25
atg000001l_rc_rotated	12366	25
atg000001l_rc_rotated	12367	25
atg000001l_rc_rotated	12368	25
atg000001l_rc_rotated	12369	25
atg000001l_rc_rotated	12370	25
atg000001l_rc_rotated	12371	25
atg000001l_rc_rotated	12372	25
atg000001l_rc_rotated	12373	25
atg000001l_rc_rotated	12374	25
atg000001l_rc_rotated	12375	25
atg000001l_rc_rotated	12376	25
atg000001l_rc_rotated	12377	25
atg000001l_rc_rotated	12378	25
atg000001l_rc_rotated	12379	25
atg000001l_rc_rotated	12380	25
atg000001l_rc_rotated	12381	25
atg000001l_rc_rotated	12382	25
atg000001l_rc_rotated	12383	25
atg000001l_rc_rotated	12384	25
atg000001l_rc_rotated	12385	25
atg000001l_rc_rotated	12386	25
atg000001l_rc_rotated	12387	25
atg000001l_rc_rotated	12388	25
atg000001l_rc_rotated	12389	25
atg000001l_rc_rotated	12390	25
atg000001l_rc_rotated	12391	25
atg000001l_rc_rotated	12392	25
atg000001l_rc_rotated	12393	25
atg000001l_rc_rotated	12394	25
atg000001l_rc_rotated	12395	25
atg000001l_rc_rotated	12396	25
atg000001l_rc_rotated	12397	25
atg000001l_rc_rotated	12398	25
atg000001l_rc_rotated	12399	25
atg000001l_rc_rotated	12400	25
atg000001l_rc_rotated	12401	25
atg000001l_rc_rotated	12402	25
atg000001l_rc_rotated	12403	25
atg000001l_rc_rotated	12404	25
atg000001l_rc_rotated	12405	25
atg000001l_rc_rotated	12406	25
atg000001l_rc_rotated	12407	25
atg000001l_rc_rotated	12408	25
atg000001l_rc_rotated	12409	25
atg000001l_rc_rotated	12410	25
atg000001l_rc_rotated	12411	25
atg000001l_rc_rotated	12412	25
atg000001l_rc_rotated	12413	25
atg000001l_rc_rotated	12414	25
atg000001l_rc_rotated	12415	25
atg000001l_rc_rotated	12416	25
atg000001l_rc_rotated	12417	25
atg000001l_rc_rotated	12418	25
atg000001l_rc_rotated	12419	25
atg000001l_rc_rotated	12420	25
atg000001l_rc_rotated	12421	25
atg000001l_rc_rotated	12422	25
atg000001l_rc_rotated	12423	25
atg000001l_rc_rotated	12424	25
atg000001l_rc_rotated	12425	25
atg000001l_rc_rotated	12426	25
atg000001l_rc_rotated	12427	25
atg000001l_rc_rotated	12428	25
atg000001l_rc_rotated	12429	25
atg000001l_rc_rotated	12430	25
atg000001l_rc_rotated	12431	25
atg000001l_rc_rotated	12432	25
atg000001l_rc_rotated	12433	25
atg000001l_rc_rotated	12434	25
atg000001l_rc_rotated	12435	25
atg000001l_rc_rotated	12436	25
atg000001l_rc_rotated	12437	25
atg000001l_rc_rotated	12438	25
atg000001l_rc_rotated	12439	25
atg000001l_rc_rotated	12440	25
atg000001l_rc_rotated	12441	25
atg000001l_rc_rotated	12442	25
atg000001l_rc_rotated	12443	25
atg000001l_rc_rotated	12444	25
atg000001l_rc_rotated	12445	25
atg000001l_rc_rotated	12446	25
atg000001l_rc_rotated	12447	25
atg000001l_rc_rotated	12448	25
atg000001l_rc_rotated	12449	25
atg000001l_rc_rotated	12450	25
atg000001l_rc_rotated	12451	25
atg000001l_rc_rotated	12452	25
atg000001l_rc_rotated	12453	25
atg000001l_rc_rotated	12454	25
atg000001l_rc_rotated	12455	25
atg000001l_rc_rotated	12456	25
atg000001l_rc_rotated	12457	25
atg000001l_rc_rotated	12458	25
atg000001l_rc_rotated	12459	25
atg000001l_rc_rotated	12460	25
atg000001l_rc_rotated	12461	25
atg000001l_rc_rotated	12462	25
atg000001l_rc_rotated	12463	25
atg000001l_rc_rotated	12464	25
atg000001l_rc_rotated	12465	25
atg000001l_rc_rotated	12466	25
atg000001l_rc_rotated	12467	25
atg000001l_rc_rotated	12468	25
atg000001l_rc_rotated	12469	25
atg000001l_rc_rotated	12470	25
atg000001l_rc_rotated	12471	25
atg000001l_rc_rotated	12472	25
atg000001l_rc_rotated	12473	25
atg000001l_rc_rotated	12474	25
atg000001l_rc_rotated	12475	25
atg000001l_rc_rotated	12476	25
atg000001l_rc_rotated	12477	25
atg000001l_rc_rotated	12478	25
atg000001l_rc_rotated	12479	25
atg000001l_rc_rotated	12480	25
atg000001l_rc_rotated	12481	25
atg000001l_rc_rotated	12482	25
atg000001l_rc_rotated	12483	25
atg000001l_rc_rotated	12484	25
atg000001l_rc_rotated	12485	25
atg000001l_rc_rotated	12486	25
atg000001l_rc_rotated	12487	25
atg000001l_rc_rotated	12488	25
atg000001l_rc_rotated	12489	25
atg000001l_rc_rotated	12490	25
atg000001l_rc_rotated	12491	25
atg000001l_rc_rotated	12492	25
atg000001l_rc_rotated	12493	25
atg000001l_rc_rotated	12494	25
atg000001l_rc_rotated	12495	25
atg000001l_rc_rotated	12496	25
atg000001l_rc_rotated	12497	25
atg000001l_rc_rotated	12498	25
atg000001l_rc_rotated	12499	25
atg000001l_rc_rotated	12500	25
atg000001l_rc_rotated	12501	25
atg000001l_rc_rotated	12502	25
atg000001l_rc_rotated	12503	25
atg000001l_rc_rotated	12504	25
atg000001l_rc_rotated	12505	25
atg000001l_rc_rotated	12506	25
atg000001l_rc_rotated	12507	25
atg000001l_rc_rotated	12508	25
atg000001l_rc_rotated	12509	25
atg000001l_rc_rotated	12510	25
atg000001l_rc_rotated	12511	25
atg000001l_rc_rotated	12512	25
atg000001l_rc_rotated	12513	25
atg000001l_rc_rotated	12514	25
atg000001l_rc_rotated	12515	25
atg000001l_rc_rotated	12516	25
atg000001l_rc_rotated	12517	25
atg000001l_rc_rotated	12518	25
atg000001l_rc_rotated	12519	25
atg000001l_rc_rotated	12520	25
atg000001l_rc_rotated	12521	25
atg000001l_rc_rotated	12522	25
atg000001l_rc_rotated	12523	25
atg000001l_rc_rotated	12524	25
atg000001l_rc_rotated	12525	25
atg000001l_rc_rotated	12526	25
atg000001l_rc_rotated	12527	25
atg000001l_rc_rotated	12528	25
atg000001l_rc_rotated	12529	25
atg000001l_rc_rotated	12530	25
atg000001l_rc_rotated	12531	25
atg000001l_rc_rotated	12532	25
atg000001l_rc_rotated	12533	25
atg000001l_rc_rotated	12534	25
atg000001l_rc_rotated	12535	25
atg000001l_rc_rotated	12536	25
atg000001l_rc_rotated	12537	25
atg000001l_rc_rotated	12538	25
atg000001l_rc_rotated	12539	25
atg000001l_rc_rotated	12540	25
atg000001l_rc_rotated	12541	25
atg000001l_rc_rotated	12542	25
atg000001l_rc_rotated	12543	25
atg000001l_rc_rotated	12544	25
atg000001l_rc_rotated	12545	25
atg000001l_rc_rotated	12546	25
atg000001l_rc_rotated	12547	25
atg000001l_rc_rotated	12548	25
atg000001l_rc_rotated	12549	25
atg000001l_rc_rotated	12550	25
atg000001l_rc_rotated	12551	25
atg000001l_rc_rotated	12552	25
atg000001l_rc_rotated	12553	25
atg000001l_rc_rotated	12554	25
atg000001l_rc_rotated	12555	25
atg000001l_rc_rotated	12556	25
atg000001l_rc_rotated	12557	25
atg000001l_rc_rotated	12558	25
atg000001l_rc_rotated	12559	25
atg000001l_rc_rotated	12560	25
atg000001l_rc_rotated	12561	25
atg000001l_rc_rotated	12562	25
atg000001l_rc_rotated	12563	25
atg000001l_rc_rotated	12564	25
atg000001l_rc_rotated	12565	25
atg000001l_rc_rotated	12566	25
atg000001l_rc_rotated	12567	25
atg000001l_rc_rotated	12568	25
atg000001l_rc_rotated	12569	25
atg000001l_rc_rotated	12570	25
atg000001l_rc_rotated	12571	25
atg000001l_rc_rotated	12572	25
atg000001l_rc_rotated	12573	25
atg000001l_rc_rotated	12574	25
atg000001l_rc_rotated	12575	25
atg000001l_rc_rotated	12576	25
atg000001l_rc_rotated	12577	25
atg000001l_rc_rotated	12578	25
atg000001l_rc_rotated	12579	25
atg000001l_rc_rotated	12580	25
atg000001l_rc_rotated	12581	25
atg000001l_rc_rotated	12582	25
atg000001l_rc_rotated	12583	25
atg000001l_rc_rotated	12584	25
atg000001l_rc_rotated	12585	25
atg000001l_rc_rotated	12586	25
atg000001l_rc_rotated	12587	25
atg000001l_rc_rotated	12588	25
atg000001l_rc_rotated	12589	25
atg000001l_rc_rotated	12590	25
atg000001l_rc_rotated	12591	25
atg000001l_rc_rotated	12592	25
atg000001l_rc_rotated	12593	25
atg000001l_rc_rotated	12594	25
atg000001l_rc_rotated	12595	25
atg000001l_rc_rotated	12596	25
atg000001l_rc_rotated	12597	25
atg000001l_rc_rotated	12598	25
atg000001l_rc_rotated	12599	25
atg000001l_rc_rotated	12600	25
atg000001l_rc_rotated	12601	25
atg000001l_rc_rotated	12602	25
atg000001l_rc_rotated	12603	25
atg000001l_rc_rotated	12604	25
atg000001l_rc_rotated	12605	25
atg000001l_rc_rotated	12606	25
atg000001l_rc_rotated	12607	25
atg000001l_rc_rotated	12608	25
atg000001l_rc_rotated	12609	25
atg000001l_rc_rotated	12610	25
atg000001l_rc_rotated	12611	25
atg000001l_rc_rotated	12612	25
atg000001l_rc_rotated	12613	25
atg000001l_rc_rotated	12614	25
atg000001l_rc_rotated	12615	25
atg000001l_rc_rotated	12616	25
atg000001l_rc_rotated	12617	25
atg000001l_rc_rotated	12618	25
atg000001l_rc_rotated	12619	25
atg000001l_rc_rotated	12620	25
atg000001l_rc_rotated	12621	25
atg000001l_rc_rotated	12622	25
atg000001l_rc_rotated	12623	25
atg000001l_rc_rotated	12624	25
atg000001l_rc_rotated	12625	25
atg000001l_rc_rotated	12626	25
atg000001l_rc_rotated	12627	25
atg000001l_rc_rotated	12628	25
atg000001l_rc_rotated	12629	25
atg000001l_rc_rotated	12630	25
atg000001l_rc_rotated	12631	25
atg000001l_rc_rotated	12632	25
atg000001l_rc_rotated	12633	25
atg000001l_rc_rotated	12634	25
atg000001l_rc_rotated	12635	25
atg000001l_rc_rotated	12636	25
atg000001l_rc_rotated	12637	25
atg000001l_rc_rotated	12638	25
atg000001l_rc_rotated	12639	25
atg000001l_rc_rotated	12640	25
atg000001l_rc_rotated	12641	25
atg000001l_rc_rotated	12642	25
atg000001l_rc_rotated	12643	25
atg000001l_rc_rotated	12644	25
atg000001l_rc_rotated	12645	25
atg000001l_rc_rotated	12646	25
atg000001l_rc_rotated	12647	25
atg000001l_rc_rotated	12648	25
atg000001l_rc_rotated	12649	25
atg000001l_rc_rotated	12650	25
atg000001l_rc_rotated	12651	25
atg000001l_rc_rotated	12652	25
atg000001l_rc_rotated	12653	25
atg000001l_rc_rotated	12654	25
atg000001l_rc_rotated	12655	25
atg000001l_rc_rotated	12656	25
atg000001l_rc_rotated	12657	25
atg000001l_rc_rotated	12658	25
atg000001l_rc_rotated	12659	25
atg000001l_rc_rotated	12660	25
atg000001l_rc_rotated	12661	25
atg000001l_rc_rotated	12662	25
atg000001l_rc_rotated	12663	25
atg000001l_rc_rotated	12664	25
atg000001l_rc_rotated	12665	25
atg000001l_rc_rotated	12666	25
atg000001l_rc_rotated	12667	25
atg000001l_rc_rotated	12668	25
atg000001l_rc_rotated	12669	25
atg000001l_rc_rotated	12670	25
atg000001l_rc_rotated	12671	25
atg000001l_rc_rotated	12672	25
atg000001l_rc_rotated	12673	25
atg000001l_rc_rotated	12674	25
atg000001l_rc_rotated	12675	25
atg000001l_rc_rotated	12676	25
atg000001l_rc_rotated	12677	25
atg000001l_rc_rotated	12678	25
atg000001l_rc_rotated	12679	25
atg000001l_rc_rotated	12680	25
atg000001l_rc_rotated	12681	25
atg000001l_rc_rotated	12682	25
atg000001l_rc_rotated	12683	25
atg000001l_rc_rotated	12684	25
atg000001l_rc_rotated	12685	25
atg000001l_rc_rotated	12686	25
atg000001l_rc_rotated	12687	25
atg000001l_rc_rotated	12688	25
atg000001l_rc_rotated	12689	25
atg000001l_rc_rotated	12690	25
atg000001l_rc_rotated	12691	25
atg000001l_rc_rotated	12692	25
atg000001l_rc_rotated	12693	25
atg000001l_rc_rotated	12694	25
atg000001l_rc_rotated	12695	25
atg000001l_rc_rotated	12696	25
atg000001l_rc_rotated	12697	25
atg000001l_rc_rotated	12698	25
atg000001l_rc_rotated	12699	25
atg000001l_rc_rotated	12700	25
atg000001l_rc_rotated	12701	25
atg000001l_rc_rotated	12702	25
atg000001l_rc_rotated	12703	25
atg000001l_rc_rotated	12704	25
atg000001l_rc_rotated	12705	25
atg000001l_rc_rotated	12706	25
atg000001l_rc_rotated	12707	25
atg000001l_rc_rotated	12708	25
atg000001l_rc_rotated	12709	25
atg000001l_rc_rotated	12710	25
atg000001l_rc_rotated	12711	25
atg000001l_rc_rotated	12712	25
atg000001l_rc_rotated	12713	25
atg000001l_rc_rotated	12714	25
atg000001l_rc_rotated	12715	25
atg000001l_rc_rotated	12716	25
atg000001l_rc_rotated	12717	25
atg000001l_rc_rotated	12718	25
atg000001l_rc_rotated	12719	25
atg000001l_rc_rotated	12720	25
atg000001l_rc_rotated	12721	25
atg000001l_rc_rotated	12722	25
atg000001l_rc_rotated	12723	25
atg000001l_rc_rotated	12724	25
atg000001l_rc_rotated	12725	25
atg000001l_rc_rotated	12726	25
atg000001l_rc_rotated	12727	25
atg000001l_rc_rotated	12728	25
atg000001l_rc_rotated	12729	25
atg000001l_rc_rotated	12730	25
atg000001l_rc_rotated	12731	25
atg000001l_rc_rotated	12732	25
atg000001l_rc_rotated	12733	25
atg000001l_rc_rotated	12734	25
atg000001l_rc_rotated	12735	25
atg000001l_rc_rotated	12736	25
atg000001l_rc_rotated	12737	25
atg000001l_rc_rotated	12738	25
atg000001l_rc_rotated	12739	25
atg000001l_rc_rotated	12740	25
atg000001l_rc_rotated	12741	25
atg000001l_rc_rotated	12742	25
atg000001l_rc_rotated	12743	25
atg000001l_rc_rotated	12744	25
atg000001l_rc_rotated	12745	25
atg000001l_rc_rotated	12746	25
atg000001l_rc_rotated	12747	25
atg000001l_rc_rotated	12748	25
atg000001l_rc_rotated	12749	25
atg000001l_rc_rotated	12750	25
atg000001l_rc_rotated	12751	25
atg000001l_rc_rotated	12752	25
atg000001l_rc_rotated	12753	25
atg000001l_rc_rotated	12754	25
atg000001l_rc_rotated	12755	25
atg000001l_rc_rotated	12756	25
atg000001l_rc_rotated	12757	25
atg000001l_rc_rotated	12758	25
atg000001l_rc_rotated	12759	25
atg000001l_rc_rotated	12760	25
atg000001l_rc_rotated	12761	25
atg000001l_rc_rotated	12762	25
atg000001l_rc_rotated	12763	25
atg000001l_rc_rotated	12764	25
atg000001l_rc_rotated	12765	25
atg000001l_rc_rotated	12766	25
atg000001l_rc_rotated	12767	25
atg000001l_rc_rotated	12768	25
atg000001l_rc_rotated	12769	25
atg000001l_rc_rotated	12770	25
atg000001l_rc_rotated	12771	25
atg000001l_rc_rotated	12772	25
atg000001l_rc_rotated	12773	25
atg000001l_rc_rotated	12774	25
atg000001l_rc_rotated	12775	25
atg000001l_rc_rotated	12776	25
atg000001l_rc_rotated	12777	25
atg000001l_rc_rotated	12778	25
atg000001l_rc_rotated	12779	25
atg000001l_rc_rotated	12780	25
atg000001l_rc_rotated	12781	25
atg000001l_rc_rotated	12782	25
atg000001l_rc_rotated	12783	25
atg000001l_rc_rotated	12784	25
atg000001l_rc_rotated	12785	25
atg000001l_rc_rotated	12786	25
atg000001l_rc_rotated	12787	25
atg000001l_rc_rotated	12788	25
atg000001l_rc_rotated	12789	25
atg000001l_rc_rotated	12790	25
atg000001l_rc_rotated	12791	25
atg000001l_rc_rotated	12792	25
atg000001l_rc_rotated	12793	26
atg000001l_rc_rotated	12794	26
atg000001l_rc_rotated	12795	26
atg000001l_rc_rotated	12796	26
atg000001l_rc_rotated	12797	26
atg000001l_rc_rotated	12798	26
atg000001l_rc_rotated	12799	26
atg000001l_rc_rotated	12800	26
atg000001l_rc_rotated	12801	26
atg000001l_rc_rotated	12802	26
atg000001l_rc_rotated	12803	26
atg000001l_rc_rotated	12804	26
atg000001l_rc_rotated	12805	26
atg000001l_rc_rotated	12806	26
atg000001l_rc_rotated	12807	26
atg000001l_rc_rotated	12808	26
atg000001l_rc_rotated	12809	26
atg000001l_rc_rotated	12810	26
atg000001l_rc_rotated	12811	26
atg000001l_rc_rotated	12812	26
atg000001l_rc_rotated	12813	26
atg000001l_rc_rotated	12814	26
atg000001l_rc_rotated	12815	26
atg000001l_rc_rotated	12816	26
atg000001l_rc_rotated	12817	26
atg000001l_rc_rotated	12818	26
atg000001l_rc_rotated	12819	26
atg000001l_rc_rotated	12820	26
atg000001l_rc_rotated	12821	26
atg000001l_rc_rotated	12822	26
atg000001l_rc_rotated	12823	26
atg000001l_rc_rotated	12824	26
atg000001l_rc_rotated	12825	26
atg000001l_rc_rotated	12826	26
atg000001l_rc_rotated	12827	26
atg000001l_rc_rotated	12828	26
atg000001l_rc_rotated	12829	26
atg000001l_rc_rotated	12830	26
atg000001l_rc_rotated	12831	26
atg000001l_rc_rotated	12832	26
atg000001l_rc_rotated	12833	26
atg000001l_rc_rotated	12834	26
atg000001l_rc_rotated	12835	26
atg000001l_rc_rotated	12836	26
atg000001l_rc_rotated	12837	26
atg000001l_rc_rotated	12838	26
atg000001l_rc_rotated	12839	26
atg000001l_rc_rotated	12840	26
atg000001l_rc_rotated	12841	26
atg000001l_rc_rotated	12842	26
atg000001l_rc_rotated	12843	26
atg000001l_rc_rotated	12844	26
atg000001l_rc_rotated	12845	26
atg000001l_rc_rotated	12846	26
atg000001l_rc_rotated	12847	26
atg000001l_rc_rotated	12848	26
atg000001l_rc_rotated	12849	26
atg000001l_rc_rotated	12850	26
atg000001l_rc_rotated	12851	26
atg000001l_rc_rotated	12852	26
atg000001l_rc_rotated	12853	26
atg000001l_rc_rotated	12854	26
atg000001l_rc_rotated	12855	26
atg000001l_rc_rotated	12856	26
atg000001l_rc_rotated	12857	26
atg000001l_rc_rotated	12858	26
atg000001l_rc_rotated	12859	26
atg000001l_rc_rotated	12860	26
atg000001l_rc_rotated	12861	26
atg000001l_rc_rotated	12862	26
atg000001l_rc_rotated	12863	26
atg000001l_rc_rotated	12864	26
atg000001l_rc_rotated	12865	26
atg000001l_rc_rotated	12866	26
atg000001l_rc_rotated	12867	26
atg000001l_rc_rotated	12868	26
atg000001l_rc_rotated	12869	26
atg000001l_rc_rotated	12870	26
atg000001l_rc_rotated	12871	26
atg000001l_rc_rotated	12872	26
atg000001l_rc_rotated	12873	26
atg000001l_rc_rotated	12874	26
atg000001l_rc_rotated	12875	26
atg000001l_rc_rotated	12876	26
atg000001l_rc_rotated	12877	26
atg000001l_rc_rotated	12878	26
atg000001l_rc_rotated	12879	26
atg000001l_rc_rotated	12880	26
atg000001l_rc_rotated	12881	26
atg000001l_rc_rotated	12882	26
atg000001l_rc_rotated	12883	26
atg000001l_rc_rotated	12884	26
atg000001l_rc_rotated	12885	26
atg000001l_rc_rotated	12886	26
atg000001l_rc_rotated	12887	26
atg000001l_rc_rotated	12888	26
atg000001l_rc_rotated	12889	26
atg000001l_rc_rotated	12890	26
atg000001l_rc_rotated	12891	26
atg000001l_rc_rotated	12892	26
atg000001l_rc_rotated	12893	26
atg000001l_rc_rotated	12894	26
atg000001l_rc_rotated	12895	26
atg000001l_rc_rotated	12896	26
atg000001l_rc_rotated	12897	26
atg000001l_rc_rotated	12898	26
atg000001l_rc_rotated	12899	26
atg000001l_rc_rotated	12900	26
atg000001l_rc_rotated	12901	26
atg000001l_rc_rotated	12902	26
atg000001l_rc_rotated	12903	26
atg000001l_rc_rotated	12904	26
atg000001l_rc_rotated	12905	26
atg000001l_rc_rotated	12906	26
atg000001l_rc_rotated	12907	26
atg000001l_rc_rotated	12908	26
atg000001l_rc_rotated	12909	26
atg000001l_rc_rotated	12910	26
atg000001l_rc_rotated	12911	26
atg000001l_rc_rotated	12912	26
atg000001l_rc_rotated	12913	26
atg000001l_rc_rotated	12914	26
atg000001l_rc_rotated	12915	26
atg000001l_rc_rotated	12916	26
atg000001l_rc_rotated	12917	26
atg000001l_rc_rotated	12918	26
atg000001l_rc_rotated	12919	26
atg000001l_rc_rotated	12920	26
atg000001l_rc_rotated	12921	26
atg000001l_rc_rotated	12922	26
atg000001l_rc_rotated	12923	26
atg000001l_rc_rotated	12924	26
atg000001l_rc_rotated	12925	26
atg000001l_rc_rotated	12926	26
atg000001l_rc_rotated	12927	26
atg000001l_rc_rotated	12928	26
atg000001l_rc_rotated	12929	26
atg000001l_rc_rotated	12930	26
atg000001l_rc_rotated	12931	26
atg000001l_rc_rotated	12932	26
atg000001l_rc_rotated	12933	26
atg000001l_rc_rotated	12934	26
atg000001l_rc_rotated	12935	26
atg000001l_rc_rotated	12936	26
atg000001l_rc_rotated	12937	26
atg000001l_rc_rotated	12938	26
atg000001l_rc_rotated	12939	26
atg000001l_rc_rotated	12940	26
atg000001l_rc_rotated	12941	26
atg000001l_rc_rotated	12942	26
atg000001l_rc_rotated	12943	26
atg000001l_rc_rotated	12944	26
atg000001l_rc_rotated	12945	26
atg000001l_rc_rotated	12946	26
atg000001l_rc_rotated	12947	26
atg000001l_rc_rotated	12948	26
atg000001l_rc_rotated	12949	26
atg000001l_rc_rotated	12950	26
atg000001l_rc_rotated	12951	26
atg000001l_rc_rotated	12952	26
atg000001l_rc_rotated	12953	26
atg000001l_rc_rotated	12954	26
atg000001l_rc_rotated	12955	26
atg000001l_rc_rotated	12956	26
atg000001l_rc_rotated	12957	26
atg000001l_rc_rotated	12958	26
atg000001l_rc_rotated	12959	26
atg000001l_rc_rotated	12960	26
atg000001l_rc_rotated	12961	26
atg000001l_rc_rotated	12962	26
atg000001l_rc_rotated	12963	26
atg000001l_rc_rotated	12964	26
atg000001l_rc_rotated	12965	26
atg000001l_rc_rotated	12966	26
atg000001l_rc_rotated	12967	26
atg000001l_rc_rotated	12968	26
atg000001l_rc_rotated	12969	26
atg000001l_rc_rotated	12970	26
atg000001l_rc_rotated	12971	26
atg000001l_rc_rotated	12972	26
atg000001l_rc_rotated	12973	26
atg000001l_rc_rotated	12974	26
atg000001l_rc_rotated	12975	26
atg000001l_rc_rotated	12976	26
atg000001l_rc_rotated	12977	26
atg000001l_rc_rotated	12978	26
atg000001l_rc_rotated	12979	26
atg000001l_rc_rotated	12980	26
atg000001l_rc_rotated	12981	26
atg000001l_rc_rotated	12982	26
atg000001l_rc_rotated	12983	26
atg000001l_rc_rotated	12984	26
atg000001l_rc_rotated	12985	26
atg000001l_rc_rotated	12986	26
atg000001l_rc_rotated	12987	26
atg000001l_rc_rotated	12988	26
atg000001l_rc_rotated	12989	26
atg000001l_rc_rotated	12990	26
atg000001l_rc_rotated	12991	26
atg000001l_rc_rotated	12992	26
atg000001l_rc_rotated	12993	26
atg000001l_rc_rotated	12994	26
atg000001l_rc_rotated	12995	26
atg000001l_rc_rotated	12996	26
atg000001l_rc_rotated	12997	26
atg000001l_rc_rotated	12998	26
atg000001l_rc_rotated	12999	26
atg000001l_rc_rotated	13000	26
atg000001l_rc_rotated	13001	26
atg000001l_rc_rotated	13002	26
atg000001l_rc_rotated	13003	26
atg000001l_rc_rotated	13004	26
atg000001l_rc_rotated	13005	26
atg000001l_rc_rotated	13006	26
atg000001l_rc_rotated	13007	26
atg000001l_rc_rotated	13008	26
atg000001l_rc_rotated	13009	26
atg000001l_rc_rotated	13010	26
atg000001l_rc_rotated	13011	26
atg000001l_rc_rotated	13012	26
atg000001l_rc_rotated	13013	26
atg000001l_rc_rotated	13014	26
atg000001l_rc_rotated	13015	26
atg000001l_rc_rotated	13016	26
atg000001l_rc_rotated	13017	26
atg000001l_rc_rotated	13018	26
atg000001l_rc_rotated	13019	26
atg000001l_rc_rotated	13020	26
atg000001l_rc_rotated	13021	26
atg000001l_rc_rotated	13022	26
atg000001l_rc_rotated	13023	26
atg000001l_rc_rotated	13024	26
atg000001l_rc_rotated	13025	26
atg000001l_rc_rotated	13026	26
atg000001l_rc_rotated	13027	26
atg000001l_rc_rotated	13028	26
atg000001l_rc_rotated	13029	26
atg000001l_rc_rotated	13030	26
atg000001l_rc_rotated	13031	26
atg000001l_rc_rotated	13032	26
atg000001l_rc_rotated	13033	26
atg000001l_rc_rotated	13034	26
atg000001l_rc_rotated	13035	26
atg000001l_rc_rotated	13036	26
atg000001l_rc_rotated	13037	26
atg000001l_rc_rotated	13038	26
atg000001l_rc_rotated	13039	26
atg000001l_rc_rotated	13040	26
atg000001l_rc_rotated	13041	26
atg000001l_rc_rotated	13042	26
atg000001l_rc_rotated	13043	26
atg000001l_rc_rotated	13044	26
atg000001l_rc_rotated	13045	26
atg000001l_rc_rotated	13046	26
atg000001l_rc_rotated	13047	26
atg000001l_rc_rotated	13048	26
atg000001l_rc_rotated	13049	26
atg000001l_rc_rotated	13050	26
atg000001l_rc_rotated	13051	26
atg000001l_rc_rotated	13052	26
atg000001l_rc_rotated	13053	26
atg000001l_rc_rotated	13054	26
atg000001l_rc_rotated	13055	26
atg000001l_rc_rotated	13056	26
atg000001l_rc_rotated	13057	26
atg000001l_rc_rotated	13058	26
atg000001l_rc_rotated	13059	26
atg000001l_rc_rotated	13060	26
atg000001l_rc_rotated	13061	26
atg000001l_rc_rotated	13062	26
atg000001l_rc_rotated	13063	26
atg000001l_rc_rotated	13064	26
atg000001l_rc_rotated	13065	26
atg000001l_rc_rotated	13066	26
atg000001l_rc_rotated	13067	26
atg000001l_rc_rotated	13068	26
atg000001l_rc_rotated	13069	26
atg000001l_rc_rotated	13070	26
atg000001l_rc_rotated	13071	26
atg000001l_rc_rotated	13072	26
atg000001l_rc_rotated	13073	26
atg000001l_rc_rotated	13074	26
atg000001l_rc_rotated	13075	26
atg000001l_rc_rotated	13076	26
atg000001l_rc_rotated	13077	26
atg000001l_rc_rotated	13078	26
atg000001l_rc_rotated	13079	26
atg000001l_rc_rotated	13080	26
atg000001l_rc_rotated	13081	26
atg000001l_rc_rotated	13082	26
atg000001l_rc_rotated	13083	26
atg000001l_rc_rotated	13084	26
atg000001l_rc_rotated	13085	26
atg000001l_rc_rotated	13086	26
atg000001l_rc_rotated	13087	26
atg000001l_rc_rotated	13088	26
atg000001l_rc_rotated	13089	26
atg000001l_rc_rotated	13090	26
atg000001l_rc_rotated	13091	26
atg000001l_rc_rotated	13092	26
atg000001l_rc_rotated	13093	26
atg000001l_rc_rotated	13094	26
atg000001l_rc_rotated	13095	26
atg000001l_rc_rotated	13096	26
atg000001l_rc_rotated	13097	26
atg000001l_rc_rotated	13098	26
atg000001l_rc_rotated	13099	26
atg000001l_rc_rotated	13100	26
atg000001l_rc_rotated	13101	26
atg000001l_rc_rotated	13102	26
atg000001l_rc_rotated	13103	26
atg000001l_rc_rotated	13104	26
atg000001l_rc_rotated	13105	26
atg000001l_rc_rotated	13106	26
atg000001l_rc_rotated	13107	26
atg000001l_rc_rotated	13108	26
atg000001l_rc_rotated	13109	26
atg000001l_rc_rotated	13110	26
atg000001l_rc_rotated	13111	25
atg000001l_rc_rotated	13112	25
atg000001l_rc_rotated	13113	25
atg000001l_rc_rotated	13114	25
atg000001l_rc_rotated	13115	25
atg000001l_rc_rotated	13116	25
atg000001l_rc_rotated	13117	25
atg000001l_rc_rotated	13118	25
atg000001l_rc_rotated	13119	25
atg000001l_rc_rotated	13120	25
atg000001l_rc_rotated	13121	25
atg000001l_rc_rotated	13122	25
atg000001l_rc_rotated	13123	25
atg000001l_rc_rotated	13124	25
atg000001l_rc_rotated	13125	25
atg000001l_rc_rotated	13126	25
atg000001l_rc_rotated	13127	25
atg000001l_rc_rotated	13128	25
atg000001l_rc_rotated	13129	25
atg000001l_rc_rotated	13130	25
atg000001l_rc_rotated	13131	25
atg000001l_rc_rotated	13132	25
atg000001l_rc_rotated	13133	25
atg000001l_rc_rotated	13134	25
atg000001l_rc_rotated	13135	25
atg000001l_rc_rotated	13136	25
atg000001l_rc_rotated	13137	25
atg000001l_rc_rotated	13138	25
atg000001l_rc_rotated	13139	25
atg000001l_rc_rotated	13140	25
atg000001l_rc_rotated	13141	25
atg000001l_rc_rotated	13142	25
atg000001l_rc_rotated	13143	25
atg000001l_rc_rotated	13144	25
atg000001l_rc_rotated	13145	25
atg000001l_rc_rotated	13146	25
atg000001l_rc_rotated	13147	25
atg000001l_rc_rotated	13148	25
atg000001l_rc_rotated	13149	25
atg000001l_rc_rotated	13150	25
atg000001l_rc_rotated	13151	25
atg000001l_rc_rotated	13152	25
atg000001l_rc_rotated	13153	25
atg000001l_rc_rotated	13154	25
atg000001l_rc_rotated	13155	25
atg000001l_rc_rotated	13156	25
atg000001l_rc_rotated	13157	25
atg000001l_rc_rotated	13158	25
atg000001l_rc_rotated	13159	25
atg000001l_rc_rotated	13160	25
atg000001l_rc_rotated	13161	25
atg000001l_rc_rotated	13162	25
atg000001l_rc_rotated	13163	25
atg000001l_rc_rotated	13164	25
atg000001l_rc_rotated	13165	25
atg000001l_rc_rotated	13166	25
atg000001l_rc_rotated	13167	25
atg000001l_rc_rotated	13168	25
atg000001l_rc_rotated	13169	25
atg000001l_rc_rotated	13170	25
atg000001l_rc_rotated	13171	25
atg000001l_rc_rotated	13172	24
atg000001l_rc_rotated	13173	24
atg000001l_rc_rotated	13174	24
atg000001l_rc_rotated	13175	24
atg000001l_rc_rotated	13176	24
atg000001l_rc_rotated	13177	24
atg000001l_rc_rotated	13178	24
atg000001l_rc_rotated	13179	24
atg000001l_rc_rotated	13180	24
atg000001l_rc_rotated	13181	24
atg000001l_rc_rotated	13182	24
atg000001l_rc_rotated	13183	24
atg000001l_rc_rotated	13184	24
atg000001l_rc_rotated	13185	24
atg000001l_rc_rotated	13186	24
atg000001l_rc_rotated	13187	24
atg000001l_rc_rotated	13188	24
atg000001l_rc_rotated	13189	24
atg000001l_rc_rotated	13190	24
atg000001l_rc_rotated	13191	24
atg000001l_rc_rotated	13192	24
atg000001l_rc_rotated	13193	24
atg000001l_rc_rotated	13194	24
atg000001l_rc_rotated	13195	24
atg000001l_rc_rotated	13196	24
atg000001l_rc_rotated	13197	24
atg000001l_rc_rotated	13198	24
atg000001l_rc_rotated	13199	24
atg000001l_rc_rotated	13200	24
atg000001l_rc_rotated	13201	24
atg000001l_rc_rotated	13202	24
atg000001l_rc_rotated	13203	24
atg000001l_rc_rotated	13204	24
atg000001l_rc_rotated	13205	24
atg000001l_rc_rotated	13206	24
atg000001l_rc_rotated	13207	24
atg000001l_rc_rotated	13208	24
atg000001l_rc_rotated	13209	24
atg000001l_rc_rotated	13210	24
atg000001l_rc_rotated	13211	24
atg000001l_rc_rotated	13212	24
atg000001l_rc_rotated	13213	24
atg000001l_rc_rotated	13214	24
atg000001l_rc_rotated	13215	24
atg000001l_rc_rotated	13216	24
atg000001l_rc_rotated	13217	24
atg000001l_rc_rotated	13218	24
atg000001l_rc_rotated	13219	24
atg000001l_rc_rotated	13220	24
atg000001l_rc_rotated	13221	24
atg000001l_rc_rotated	13222	24
atg000001l_rc_rotated	13223	24
atg000001l_rc_rotated	13224	24
atg000001l_rc_rotated	13225	24
atg000001l_rc_rotated	13226	24
atg000001l_rc_rotated	13227	24
atg000001l_rc_rotated	13228	24
atg000001l_rc_rotated	13229	24
atg000001l_rc_rotated	13230	24
atg000001l_rc_rotated	13231	24
atg000001l_rc_rotated	13232	24
atg000001l_rc_rotated	13233	24
atg000001l_rc_rotated	13234	24
atg000001l_rc_rotated	13235	24
atg000001l_rc_rotated	13236	24
atg000001l_rc_rotated	13237	24
atg000001l_rc_rotated	13238	24
atg000001l_rc_rotated	13239	24
atg000001l_rc_rotated	13240	24
atg000001l_rc_rotated	13241	24
atg000001l_rc_rotated	13242	24
atg000001l_rc_rotated	13243	24
atg000001l_rc_rotated	13244	24
atg000001l_rc_rotated	13245	24
atg000001l_rc_rotated	13246	24
atg000001l_rc_rotated	13247	24
atg000001l_rc_rotated	13248	24
atg000001l_rc_rotated	13249	24
atg000001l_rc_rotated	13250	24
atg000001l_rc_rotated	13251	24
atg000001l_rc_rotated	13252	24
atg000001l_rc_rotated	13253	24
atg000001l_rc_rotated	13254	24
atg000001l_rc_rotated	13255	24
atg000001l_rc_rotated	13256	24
atg000001l_rc_rotated	13257	24
atg000001l_rc_rotated	13258	24
atg000001l_rc_rotated	13259	24
atg000001l_rc_rotated	13260	24
atg000001l_rc_rotated	13261	24
atg000001l_rc_rotated	13262	24
atg000001l_rc_rotated	13263	24
atg000001l_rc_rotated	13264	24
atg000001l_rc_rotated	13265	24
atg000001l_rc_rotated	13266	24
atg000001l_rc_rotated	13267	24
atg000001l_rc_rotated	13268	24
atg000001l_rc_rotated	13269	24
atg000001l_rc_rotated	13270	24
atg000001l_rc_rotated	13271	24
atg000001l_rc_rotated	13272	24
atg000001l_rc_rotated	13273	24
atg000001l_rc_rotated	13274	24
atg000001l_rc_rotated	13275	24
atg000001l_rc_rotated	13276	24
atg000001l_rc_rotated	13277	24
atg000001l_rc_rotated	13278	24
atg000001l_rc_rotated	13279	24
atg000001l_rc_rotated	13280	24
atg000001l_rc_rotated	13281	24
atg000001l_rc_rotated	13282	24
atg000001l_rc_rotated	13283	24
atg000001l_rc_rotated	13284	24
atg000001l_rc_rotated	13285	24
atg000001l_rc_rotated	13286	24
atg000001l_rc_rotated	13287	24
atg000001l_rc_rotated	13288	24
atg000001l_rc_rotated	13289	24
atg000001l_rc_rotated	13290	24
atg000001l_rc_rotated	13291	24
atg000001l_rc_rotated	13292	24
atg000001l_rc_rotated	13293	24
atg000001l_rc_rotated	13294	24
atg000001l_rc_rotated	13295	24
atg000001l_rc_rotated	13296	24
atg000001l_rc_rotated	13297	24
atg000001l_rc_rotated	13298	24
atg000001l_rc_rotated	13299	24
atg000001l_rc_rotated	13300	24
atg000001l_rc_rotated	13301	24
atg000001l_rc_rotated	13302	24
atg000001l_rc_rotated	13303	24
atg000001l_rc_rotated	13304	24
atg000001l_rc_rotated	13305	24
atg000001l_rc_rotated	13306	24
atg000001l_rc_rotated	13307	24
atg000001l_rc_rotated	13308	24
atg000001l_rc_rotated	13309	24
atg000001l_rc_rotated	13310	24
atg000001l_rc_rotated	13311	24
atg000001l_rc_rotated	13312	24
atg000001l_rc_rotated	13313	24
atg000001l_rc_rotated	13314	24
atg000001l_rc_rotated	13315	24
atg000001l_rc_rotated	13316	24
atg000001l_rc_rotated	13317	24
atg000001l_rc_rotated	13318	24
atg000001l_rc_rotated	13319	24
atg000001l_rc_rotated	13320	24
atg000001l_rc_rotated	13321	24
atg000001l_rc_rotated	13322	24
atg000001l_rc_rotated	13323	24
atg000001l_rc_rotated	13324	24
atg000001l_rc_rotated	13325	24
atg000001l_rc_rotated	13326	24
atg000001l_rc_rotated	13327	24
atg000001l_rc_rotated	13328	24
atg000001l_rc_rotated	13329	24
atg000001l_rc_rotated	13330	24
atg000001l_rc_rotated	13331	24
atg000001l_rc_rotated	13332	24
atg000001l_rc_rotated	13333	24
atg000001l_rc_rotated	13334	24
atg000001l_rc_rotated	13335	24
atg000001l_rc_rotated	13336	24
atg000001l_rc_rotated	13337	24
atg000001l_rc_rotated	13338	24
atg000001l_rc_rotated	13339	24
atg000001l_rc_rotated	13340	24
atg000001l_rc_rotated	13341	24
atg000001l_rc_rotated	13342	24
atg000001l_rc_rotated	13343	24
atg000001l_rc_rotated	13344	24
atg000001l_rc_rotated	13345	24
atg000001l_rc_rotated	13346	24
atg000001l_rc_rotated	13347	24
atg000001l_rc_rotated	13348	24
atg000001l_rc_rotated	13349	24
atg000001l_rc_rotated	13350	24
atg000001l_rc_rotated	13351	24
atg000001l_rc_rotated	13352	24
atg000001l_rc_rotated	13353	24
atg000001l_rc_rotated	13354	24
atg000001l_rc_rotated	13355	24
atg000001l_rc_rotated	13356	24
atg000001l_rc_rotated	13357	24
atg000001l_rc_rotated	13358	24
atg000001l_rc_rotated	13359	24
atg000001l_rc_rotated	13360	24
atg000001l_rc_rotated	13361	24
atg000001l_rc_rotated	13362	24
atg000001l_rc_rotated	13363	24
atg000001l_rc_rotated	13364	24
atg000001l_rc_rotated	13365	24
atg000001l_rc_rotated	13366	24
atg000001l_rc_rotated	13367	24
atg000001l_rc_rotated	13368	24
atg000001l_rc_rotated	13369	24
atg000001l_rc_rotated	13370	24
atg000001l_rc_rotated	13371	24
atg000001l_rc_rotated	13372	24
atg000001l_rc_rotated	13373	24
atg000001l_rc_rotated	13374	24
atg000001l_rc_rotated	13375	24
atg000001l_rc_rotated	13376	24
atg000001l_rc_rotated	13377	24
atg000001l_rc_rotated	13378	24
atg000001l_rc_rotated	13379	24
atg000001l_rc_rotated	13380	24
atg000001l_rc_rotated	13381	24
atg000001l_rc_rotated	13382	24
atg000001l_rc_rotated	13383	24
atg000001l_rc_rotated	13384	24
atg000001l_rc_rotated	13385	24
atg000001l_rc_rotated	13386	24
atg000001l_rc_rotated	13387	24
atg000001l_rc_rotated	13388	24
atg000001l_rc_rotated	13389	24
atg000001l_rc_rotated	13390	24
atg000001l_rc_rotated	13391	24
atg000001l_rc_rotated	13392	24
atg000001l_rc_rotated	13393	24
atg000001l_rc_rotated	13394	24
atg000001l_rc_rotated	13395	24
atg000001l_rc_rotated	13396	24
atg000001l_rc_rotated	13397	24
atg000001l_rc_rotated	13398	24
atg000001l_rc_rotated	13399	24
atg000001l_rc_rotated	13400	24
atg000001l_rc_rotated	13401	24
atg000001l_rc_rotated	13402	24
atg000001l_rc_rotated	13403	24
atg000001l_rc_rotated	13404	24
atg000001l_rc_rotated	13405	24
atg000001l_rc_rotated	13406	24
atg000001l_rc_rotated	13407	24
atg000001l_rc_rotated	13408	24
atg000001l_rc_rotated	13409	24
atg000001l_rc_rotated	13410	24
atg000001l_rc_rotated	13411	24
atg000001l_rc_rotated	13412	24
atg000001l_rc_rotated	13413	24
atg000001l_rc_rotated	13414	24
atg000001l_rc_rotated	13415	24
atg000001l_rc_rotated	13416	24
atg000001l_rc_rotated	13417	24
atg000001l_rc_rotated	13418	24
atg000001l_rc_rotated	13419	24
atg000001l_rc_rotated	13420	24
atg000001l_rc_rotated	13421	24
atg000001l_rc_rotated	13422	24
atg000001l_rc_rotated	13423	24
atg000001l_rc_rotated	13424	24
atg000001l_rc_rotated	13425	24
atg000001l_rc_rotated	13426	24
atg000001l_rc_rotated	13427	24
atg000001l_rc_rotated	13428	24
atg000001l_rc_rotated	13429	24
atg000001l_rc_rotated	13430	24
atg000001l_rc_rotated	13431	24
atg000001l_rc_rotated	13432	24
atg000001l_rc_rotated	13433	24
atg000001l_rc_rotated	13434	24
atg000001l_rc_rotated	13435	24
atg000001l_rc_rotated	13436	24
atg000001l_rc_rotated	13437	24
atg000001l_rc_rotated	13438	24
atg000001l_rc_rotated	13439	24
atg000001l_rc_rotated	13440	24
atg000001l_rc_rotated	13441	24
atg000001l_rc_rotated	13442	24
atg000001l_rc_rotated	13443	24
atg000001l_rc_rotated	13444	24
atg000001l_rc_rotated	13445	24
atg000001l_rc_rotated	13446	24
atg000001l_rc_rotated	13447	24
atg000001l_rc_rotated	13448	24
atg000001l_rc_rotated	13449	24
atg000001l_rc_rotated	13450	24
atg000001l_rc_rotated	13451	24
atg000001l_rc_rotated	13452	24
atg000001l_rc_rotated	13453	24
atg000001l_rc_rotated	13454	24
atg000001l_rc_rotated	13455	24
atg000001l_rc_rotated	13456	24
atg000001l_rc_rotated	13457	24
atg000001l_rc_rotated	13458	24
atg000001l_rc_rotated	13459	24
atg000001l_rc_rotated	13460	24
atg000001l_rc_rotated	13461	24
atg000001l_rc_rotated	13462	24
atg000001l_rc_rotated	13463	24
atg000001l_rc_rotated	13464	24
atg000001l_rc_rotated	13465	24
atg000001l_rc_rotated	13466	24
atg000001l_rc_rotated	13467	24
atg000001l_rc_rotated	13468	24
atg000001l_rc_rotated	13469	24
atg000001l_rc_rotated	13470	24
atg000001l_rc_rotated	13471	24
atg000001l_rc_rotated	13472	24
atg000001l_rc_rotated	13473	24
atg000001l_rc_rotated	13474	24
atg000001l_rc_rotated	13475	24
atg000001l_rc_rotated	13476	24
atg000001l_rc_rotated	13477	24
atg000001l_rc_rotated	13478	24
atg000001l_rc_rotated	13479	24
atg000001l_rc_rotated	13480	24
atg000001l_rc_rotated	13481	24
atg000001l_rc_rotated	13482	24
atg000001l_rc_rotated	13483	24
atg000001l_rc_rotated	13484	24
atg000001l_rc_rotated	13485	24
atg000001l_rc_rotated	13486	24
atg000001l_rc_rotated	13487	24
atg000001l_rc_rotated	13488	24
atg000001l_rc_rotated	13489	24
atg000001l_rc_rotated	13490	24
atg000001l_rc_rotated	13491	24
atg000001l_rc_rotated	13492	24
atg000001l_rc_rotated	13493	24
atg000001l_rc_rotated	13494	24
atg000001l_rc_rotated	13495	24
atg000001l_rc_rotated	13496	24
atg000001l_rc_rotated	13497	24
atg000001l_rc_rotated	13498	24
atg000001l_rc_rotated	13499	24
atg000001l_rc_rotated	13500	24
atg000001l_rc_rotated	13501	24
atg000001l_rc_rotated	13502	24
atg000001l_rc_rotated	13503	24
atg000001l_rc_rotated	13504	24
atg000001l_rc_rotated	13505	24
atg000001l_rc_rotated	13506	24
atg000001l_rc_rotated	13507	24
atg000001l_rc_rotated	13508	24
atg000001l_rc_rotated	13509	24
atg000001l_rc_rotated	13510	24
atg000001l_rc_rotated	13511	24
atg000001l_rc_rotated	13512	24
atg000001l_rc_rotated	13513	24
atg000001l_rc_rotated	13514	24
atg000001l_rc_rotated	13515	24
atg000001l_rc_rotated	13516	24
atg000001l_rc_rotated	13517	24
atg000001l_rc_rotated	13518	24
atg000001l_rc_rotated	13519	24
atg000001l_rc_rotated	13520	24
atg000001l_rc_rotated	13521	24
atg000001l_rc_rotated	13522	24
atg000001l_rc_rotated	13523	24
atg000001l_rc_rotated	13524	24
atg000001l_rc_rotated	13525	24
atg000001l_rc_rotated	13526	24
atg000001l_rc_rotated	13527	24
atg000001l_rc_rotated	13528	24
atg000001l_rc_rotated	13529	24
atg000001l_rc_rotated	13530	24
atg000001l_rc_rotated	13531	24
atg000001l_rc_rotated	13532	24
atg000001l_rc_rotated	13533	24
atg000001l_rc_rotated	13534	24
atg000001l_rc_rotated	13535	24
atg000001l_rc_rotated	13536	24
atg000001l_rc_rotated	13537	24
atg000001l_rc_rotated	13538	24
atg000001l_rc_rotated	13539	24
atg000001l_rc_rotated	13540	24
atg000001l_rc_rotated	13541	24
atg000001l_rc_rotated	13542	24
atg000001l_rc_rotated	13543	24
atg000001l_rc_rotated	13544	24
atg000001l_rc_rotated	13545	24
atg000001l_rc_rotated	13546	24
atg000001l_rc_rotated	13547	24
atg000001l_rc_rotated	13548	24
atg000001l_rc_rotated	13549	24
atg000001l_rc_rotated	13550	24
atg000001l_rc_rotated	13551	24
atg000001l_rc_rotated	13552	24
atg000001l_rc_rotated	13553	24
atg000001l_rc_rotated	13554	24
atg000001l_rc_rotated	13555	24
atg000001l_rc_rotated	13556	24
atg000001l_rc_rotated	13557	24
atg000001l_rc_rotated	13558	24
atg000001l_rc_rotated	13559	24
atg000001l_rc_rotated	13560	24
atg000001l_rc_rotated	13561	24
atg000001l_rc_rotated	13562	24
atg000001l_rc_rotated	13563	24
atg000001l_rc_rotated	13564	24
atg000001l_rc_rotated	13565	24
atg000001l_rc_rotated	13566	24
atg000001l_rc_rotated	13567	24
atg000001l_rc_rotated	13568	24
atg000001l_rc_rotated	13569	24
atg000001l_rc_rotated	13570	24
atg000001l_rc_rotated	13571	24
atg000001l_rc_rotated	13572	24
atg000001l_rc_rotated	13573	24
atg000001l_rc_rotated	13574	24
atg000001l_rc_rotated	13575	24
atg000001l_rc_rotated	13576	24
atg000001l_rc_rotated	13577	24
atg000001l_rc_rotated	13578	24
atg000001l_rc_rotated	13579	24
atg000001l_rc_rotated	13580	24
atg000001l_rc_rotated	13581	24
atg000001l_rc_rotated	13582	24
atg000001l_rc_rotated	13583	24
atg000001l_rc_rotated	13584	24
atg000001l_rc_rotated	13585	24
atg000001l_rc_rotated	13586	24
atg000001l_rc_rotated	13587	24
atg000001l_rc_rotated	13588	24
atg000001l_rc_rotated	13589	24
atg000001l_rc_rotated	13590	24
atg000001l_rc_rotated	13591	24
atg000001l_rc_rotated	13592	24
atg000001l_rc_rotated	13593	24
atg000001l_rc_rotated	13594	24
atg000001l_rc_rotated	13595	24
atg000001l_rc_rotated	13596	24
atg000001l_rc_rotated	13597	24
atg000001l_rc_rotated	13598	24
atg000001l_rc_rotated	13599	24
atg000001l_rc_rotated	13600	24
atg000001l_rc_rotated	13601	24
atg000001l_rc_rotated	13602	24
atg000001l_rc_rotated	13603	24
atg000001l_rc_rotated	13604	24
atg000001l_rc_rotated	13605	24
atg000001l_rc_rotated	13606	24
atg000001l_rc_rotated	13607	24
atg000001l_rc_rotated	13608	24
atg000001l_rc_rotated	13609	24
atg000001l_rc_rotated	13610	24
atg000001l_rc_rotated	13611	24
atg000001l_rc_rotated	13612	24
atg000001l_rc_rotated	13613	24
atg000001l_rc_rotated	13614	24
atg000001l_rc_rotated	13615	24
atg000001l_rc_rotated	13616	24
atg000001l_rc_rotated	13617	24
atg000001l_rc_rotated	13618	24
atg000001l_rc_rotated	13619	24
atg000001l_rc_rotated	13620	24
atg000001l_rc_rotated	13621	24
atg000001l_rc_rotated	13622	24
atg000001l_rc_rotated	13623	24
atg000001l_rc_rotated	13624	24
atg000001l_rc_rotated	13625	24
atg000001l_rc_rotated	13626	24
atg000001l_rc_rotated	13627	24
atg000001l_rc_rotated	13628	24
atg000001l_rc_rotated	13629	24
atg000001l_rc_rotated	13630	24
atg000001l_rc_rotated	13631	24
atg000001l_rc_rotated	13632	24
atg000001l_rc_rotated	13633	24
atg000001l_rc_rotated	13634	24
atg000001l_rc_rotated	13635	23
atg000001l_rc_rotated	13636	23
atg000001l_rc_rotated	13637	23
atg000001l_rc_rotated	13638	23
atg000001l_rc_rotated	13639	23
atg000001l_rc_rotated	13640	23
atg000001l_rc_rotated	13641	23
atg000001l_rc_rotated	13642	23
atg000001l_rc_rotated	13643	23
atg000001l_rc_rotated	13644	23
atg000001l_rc_rotated	13645	23
atg000001l_rc_rotated	13646	23
atg000001l_rc_rotated	13647	23
atg000001l_rc_rotated	13648	23
atg000001l_rc_rotated	13649	23
atg000001l_rc_rotated	13650	23
atg000001l_rc_rotated	13651	23
atg000001l_rc_rotated	13652	23
atg000001l_rc_rotated	13653	23
atg000001l_rc_rotated	13654	23
atg000001l_rc_rotated	13655	23
atg000001l_rc_rotated	13656	23
atg000001l_rc_rotated	13657	23
atg000001l_rc_rotated	13658	23
atg000001l_rc_rotated	13659	23
atg000001l_rc_rotated	13660	23
atg000001l_rc_rotated	13661	23
atg000001l_rc_rotated	13662	23
atg000001l_rc_rotated	13663	23
atg000001l_rc_rotated	13664	23
atg000001l_rc_rotated	13665	23
atg000001l_rc_rotated	13666	23
atg000001l_rc_rotated	13667	23
atg000001l_rc_rotated	13668	23
atg000001l_rc_rotated	13669	23
atg000001l_rc_rotated	13670	23
atg000001l_rc_rotated	13671	23
atg000001l_rc_rotated	13672	23
atg000001l_rc_rotated	13673	23
atg000001l_rc_rotated	13674	23
atg000001l_rc_rotated	13675	23
atg000001l_rc_rotated	13676	23
atg000001l_rc_rotated	13677	23
atg000001l_rc_rotated	13678	23
atg000001l_rc_rotated	13679	23
atg000001l_rc_rotated	13680	23
atg000001l_rc_rotated	13681	23
atg000001l_rc_rotated	13682	23
atg000001l_rc_rotated	13683	23
atg000001l_rc_rotated	13684	23
atg000001l_rc_rotated	13685	23
atg000001l_rc_rotated	13686	23
atg000001l_rc_rotated	13687	23
atg000001l_rc_rotated	13688	23
atg000001l_rc_rotated	13689	23
atg000001l_rc_rotated	13690	23
atg000001l_rc_rotated	13691	23
atg000001l_rc_rotated	13692	23
atg000001l_rc_rotated	13693	23
atg000001l_rc_rotated	13694	23
atg000001l_rc_rotated	13695	23
atg000001l_rc_rotated	13696	23
atg000001l_rc_rotated	13697	23
atg000001l_rc_rotated	13698	23
atg000001l_rc_rotated	13699	23
atg000001l_rc_rotated	13700	23
atg000001l_rc_rotated	13701	23
atg000001l_rc_rotated	13702	23
atg000001l_rc_rotated	13703	23
atg000001l_rc_rotated	13704	23
atg000001l_rc_rotated	13705	23
atg000001l_rc_rotated	13706	23
atg000001l_rc_rotated	13707	23
atg000001l_rc_rotated	13708	23
atg000001l_rc_rotated	13709	23
atg000001l_rc_rotated	13710	23
atg000001l_rc_rotated	13711	23
atg000001l_rc_rotated	13712	23
atg000001l_rc_rotated	13713	23
atg000001l_rc_rotated	13714	23
atg000001l_rc_rotated	13715	23
atg000001l_rc_rotated	13716	23
atg000001l_rc_rotated	13717	23
atg000001l_rc_rotated	13718	23
atg000001l_rc_rotated	13719	23
atg000001l_rc_rotated	13720	23
atg000001l_rc_rotated	13721	23
atg000001l_rc_rotated	13722	23
atg000001l_rc_rotated	13723	23
atg000001l_rc_rotated	13724	23
atg000001l_rc_rotated	13725	23
atg000001l_rc_rotated	13726	23
atg000001l_rc_rotated	13727	23
atg000001l_rc_rotated	13728	23
atg000001l_rc_rotated	13729	23
atg000001l_rc_rotated	13730	23
atg000001l_rc_rotated	13731	23
atg000001l_rc_rotated	13732	23
atg000001l_rc_rotated	13733	23
atg000001l_rc_rotated	13734	23
atg000001l_rc_rotated	13735	23
atg000001l_rc_rotated	13736	23
atg000001l_rc_rotated	13737	23
atg000001l_rc_rotated	13738	23
atg000001l_rc_rotated	13739	23
atg000001l_rc_rotated	13740	23
atg000001l_rc_rotated	13741	23
atg000001l_rc_rotated	13742	23
atg000001l_rc_rotated	13743	23
atg000001l_rc_rotated	13744	23
atg000001l_rc_rotated	13745	23
atg000001l_rc_rotated	13746	23
atg000001l_rc_rotated	13747	23
atg000001l_rc_rotated	13748	23
atg000001l_rc_rotated	13749	23
atg000001l_rc_rotated	13750	23
atg000001l_rc_rotated	13751	23
atg000001l_rc_rotated	13752	23
atg000001l_rc_rotated	13753	23
atg000001l_rc_rotated	13754	23
atg000001l_rc_rotated	13755	23
atg000001l_rc_rotated	13756	23
atg000001l_rc_rotated	13757	23
atg000001l_rc_rotated	13758	23
atg000001l_rc_rotated	13759	23
atg000001l_rc_rotated	13760	23
atg000001l_rc_rotated	13761	23
atg000001l_rc_rotated	13762	23
atg000001l_rc_rotated	13763	23
atg000001l_rc_rotated	13764	23
atg000001l_rc_rotated	13765	23
atg000001l_rc_rotated	13766	23
atg000001l_rc_rotated	13767	23
atg000001l_rc_rotated	13768	23
atg000001l_rc_rotated	13769	23
atg000001l_rc_rotated	13770	23
atg000001l_rc_rotated	13771	23
atg000001l_rc_rotated	13772	23
atg000001l_rc_rotated	13773	23
atg000001l_rc_rotated	13774	23
atg000001l_rc_rotated	13775	23
atg000001l_rc_rotated	13776	23
atg000001l_rc_rotated	13777	23
atg000001l_rc_rotated	13778	23
atg000001l_rc_rotated	13779	23
atg000001l_rc_rotated	13780	23
atg000001l_rc_rotated	13781	23
atg000001l_rc_rotated	13782	23
atg000001l_rc_rotated	13783	23
atg000001l_rc_rotated	13784	23
atg000001l_rc_rotated	13785	23
atg000001l_rc_rotated	13786	23
atg000001l_rc_rotated	13787	23
atg000001l_rc_rotated	13788	23
atg000001l_rc_rotated	13789	23
atg000001l_rc_rotated	13790	23
atg000001l_rc_rotated	13791	23
atg000001l_rc_rotated	13792	23
atg000001l_rc_rotated	13793	23
atg000001l_rc_rotated	13794	23
atg000001l_rc_rotated	13795	23
atg000001l_rc_rotated	13796	23
atg000001l_rc_rotated	13797	23
atg000001l_rc_rotated	13798	23
atg000001l_rc_rotated	13799	23
atg000001l_rc_rotated	13800	23
atg000001l_rc_rotated	13801	23
atg000001l_rc_rotated	13802	23
atg000001l_rc_rotated	13803	23
atg000001l_rc_rotated	13804	23
atg000001l_rc_rotated	13805	23
atg000001l_rc_rotated	13806	23
atg000001l_rc_rotated	13807	23
atg000001l_rc_rotated	13808	23
atg000001l_rc_rotated	13809	23
atg000001l_rc_rotated	13810	23
atg000001l_rc_rotated	13811	23
atg000001l_rc_rotated	13812	23
atg000001l_rc_rotated	13813	23
atg000001l_rc_rotated	13814	23
atg000001l_rc_rotated	13815	23
atg000001l_rc_rotated	13816	23
atg000001l_rc_rotated	13817	23
atg000001l_rc_rotated	13818	23
atg000001l_rc_rotated	13819	23
atg000001l_rc_rotated	13820	23
atg000001l_rc_rotated	13821	23
atg000001l_rc_rotated	13822	23
atg000001l_rc_rotated	13823	23
atg000001l_rc_rotated	13824	23
atg000001l_rc_rotated	13825	23
atg000001l_rc_rotated	13826	23
atg000001l_rc_rotated	13827	23
atg000001l_rc_rotated	13828	23
atg000001l_rc_rotated	13829	23
atg000001l_rc_rotated	13830	23
atg000001l_rc_rotated	13831	23
atg000001l_rc_rotated	13832	23
atg000001l_rc_rotated	13833	23
atg000001l_rc_rotated	13834	23
atg000001l_rc_rotated	13835	23
atg000001l_rc_rotated	13836	23
atg000001l_rc_rotated	13837	23
atg000001l_rc_rotated	13838	23
atg000001l_rc_rotated	13839	23
atg000001l_rc_rotated	13840	23
atg000001l_rc_rotated	13841	23
atg000001l_rc_rotated	13842	23
atg000001l_rc_rotated	13843	23
atg000001l_rc_rotated	13844	23
atg000001l_rc_rotated	13845	23
atg000001l_rc_rotated	13846	23
atg000001l_rc_rotated	13847	23
atg000001l_rc_rotated	13848	23
atg000001l_rc_rotated	13849	23
atg000001l_rc_rotated	13850	23
atg000001l_rc_rotated	13851	23
atg000001l_rc_rotated	13852	23
atg000001l_rc_rotated	13853	23
atg000001l_rc_rotated	13854	23
atg000001l_rc_rotated	13855	23
atg000001l_rc_rotated	13856	23
atg000001l_rc_rotated	13857	23
atg000001l_rc_rotated	13858	23
atg000001l_rc_rotated	13859	23
atg000001l_rc_rotated	13860	23
atg000001l_rc_rotated	13861	23
atg000001l_rc_rotated	13862	23
atg000001l_rc_rotated	13863	23
atg000001l_rc_rotated	13864	23
atg000001l_rc_rotated	13865	23
atg000001l_rc_rotated	13866	23
atg000001l_rc_rotated	13867	23
atg000001l_rc_rotated	13868	23
atg000001l_rc_rotated	13869	23
atg000001l_rc_rotated	13870	23
atg000001l_rc_rotated	13871	23
atg000001l_rc_rotated	13872	23
atg000001l_rc_rotated	13873	23
atg000001l_rc_rotated	13874	23
atg000001l_rc_rotated	13875	23
atg000001l_rc_rotated	13876	23
atg000001l_rc_rotated	13877	23
atg000001l_rc_rotated	13878	23
atg000001l_rc_rotated	13879	23
atg000001l_rc_rotated	13880	23
atg000001l_rc_rotated	13881	23
atg000001l_rc_rotated	13882	23
atg000001l_rc_rotated	13883	23
atg000001l_rc_rotated	13884	23
atg000001l_rc_rotated	13885	23
atg000001l_rc_rotated	13886	23
atg000001l_rc_rotated	13887	23
atg000001l_rc_rotated	13888	23
atg000001l_rc_rotated	13889	23
atg000001l_rc_rotated	13890	23
atg000001l_rc_rotated	13891	23
atg000001l_rc_rotated	13892	23
atg000001l_rc_rotated	13893	23
atg000001l_rc_rotated	13894	23
atg000001l_rc_rotated	13895	23
atg000001l_rc_rotated	13896	23
atg000001l_rc_rotated	13897	23
atg000001l_rc_rotated	13898	23
atg000001l_rc_rotated	13899	23
atg000001l_rc_rotated	13900	23
atg000001l_rc_rotated	13901	23
atg000001l_rc_rotated	13902	23
atg000001l_rc_rotated	13903	23
atg000001l_rc_rotated	13904	23
atg000001l_rc_rotated	13905	23
atg000001l_rc_rotated	13906	23
atg000001l_rc_rotated	13907	23
atg000001l_rc_rotated	13908	23
atg000001l_rc_rotated	13909	23
atg000001l_rc_rotated	13910	23
atg000001l_rc_rotated	13911	23
atg000001l_rc_rotated	13912	23
atg000001l_rc_rotated	13913	23
atg000001l_rc_rotated	13914	23
atg000001l_rc_rotated	13915	23
atg000001l_rc_rotated	13916	23
atg000001l_rc_rotated	13917	23
atg000001l_rc_rotated	13918	23
atg000001l_rc_rotated	13919	23
atg000001l_rc_rotated	13920	23
atg000001l_rc_rotated	13921	23
atg000001l_rc_rotated	13922	23
atg000001l_rc_rotated	13923	23
atg000001l_rc_rotated	13924	23
atg000001l_rc_rotated	13925	23
atg000001l_rc_rotated	13926	23
atg000001l_rc_rotated	13927	23
atg000001l_rc_rotated	13928	23
atg000001l_rc_rotated	13929	23
atg000001l_rc_rotated	13930	23
atg000001l_rc_rotated	13931	23
atg000001l_rc_rotated	13932	23
atg000001l_rc_rotated	13933	23
atg000001l_rc_rotated	13934	23
atg000001l_rc_rotated	13935	23
atg000001l_rc_rotated	13936	23
atg000001l_rc_rotated	13937	23
atg000001l_rc_rotated	13938	23
atg000001l_rc_rotated	13939	23
atg000001l_rc_rotated	13940	23
atg000001l_rc_rotated	13941	23
atg000001l_rc_rotated	13942	23
atg000001l_rc_rotated	13943	23
atg000001l_rc_rotated	13944	23
atg000001l_rc_rotated	13945	23
atg000001l_rc_rotated	13946	23
atg000001l_rc_rotated	13947	23
atg000001l_rc_rotated	13948	23
atg000001l_rc_rotated	13949	23
atg000001l_rc_rotated	13950	23
atg000001l_rc_rotated	13951	23
atg000001l_rc_rotated	13952	23
atg000001l_rc_rotated	13953	23
atg000001l_rc_rotated	13954	23
atg000001l_rc_rotated	13955	23
atg000001l_rc_rotated	13956	23
atg000001l_rc_rotated	13957	23
atg000001l_rc_rotated	13958	23
atg000001l_rc_rotated	13959	23
atg000001l_rc_rotated	13960	23
atg000001l_rc_rotated	13961	23
atg000001l_rc_rotated	13962	23
atg000001l_rc_rotated	13963	23
atg000001l_rc_rotated	13964	23
atg000001l_rc_rotated	13965	23
atg000001l_rc_rotated	13966	23
atg000001l_rc_rotated	13967	23
atg000001l_rc_rotated	13968	23
atg000001l_rc_rotated	13969	23
atg000001l_rc_rotated	13970	23
atg000001l_rc_rotated	13971	23
atg000001l_rc_rotated	13972	23
atg000001l_rc_rotated	13973	23
atg000001l_rc_rotated	13974	23
atg000001l_rc_rotated	13975	23
atg000001l_rc_rotated	13976	23
atg000001l_rc_rotated	13977	23
atg000001l_rc_rotated	13978	23
atg000001l_rc_rotated	13979	23
atg000001l_rc_rotated	13980	23
atg000001l_rc_rotated	13981	23
atg000001l_rc_rotated	13982	23
atg000001l_rc_rotated	13983	23
atg000001l_rc_rotated	13984	23
atg000001l_rc_rotated	13985	23
atg000001l_rc_rotated	13986	23
atg000001l_rc_rotated	13987	23
atg000001l_rc_rotated	13988	23
atg000001l_rc_rotated	13989	23
atg000001l_rc_rotated	13990	23
atg000001l_rc_rotated	13991	23
atg000001l_rc_rotated	13992	23
atg000001l_rc_rotated	13993	23
atg000001l_rc_rotated	13994	23
atg000001l_rc_rotated	13995	23
atg000001l_rc_rotated	13996	23
atg000001l_rc_rotated	13997	23
atg000001l_rc_rotated	13998	23
atg000001l_rc_rotated	13999	23
atg000001l_rc_rotated	14000	23
atg000001l_rc_rotated	14001	23
atg000001l_rc_rotated	14002	23
atg000001l_rc_rotated	14003	23
atg000001l_rc_rotated	14004	23
atg000001l_rc_rotated	14005	23
atg000001l_rc_rotated	14006	23
atg000001l_rc_rotated	14007	23
atg000001l_rc_rotated	14008	23
atg000001l_rc_rotated	14009	23
atg000001l_rc_rotated	14010	23
atg000001l_rc_rotated	14011	23
atg000001l_rc_rotated	14012	23
atg000001l_rc_rotated	14013	23
atg000001l_rc_rotated	14014	23
atg000001l_rc_rotated	14015	23
atg000001l_rc_rotated	14016	23
atg000001l_rc_rotated	14017	23
atg000001l_rc_rotated	14018	23
atg000001l_rc_rotated	14019	23
atg000001l_rc_rotated	14020	23
atg000001l_rc_rotated	14021	23
atg000001l_rc_rotated	14022	23
atg000001l_rc_rotated	14023	23
atg000001l_rc_rotated	14024	23
atg000001l_rc_rotated	14025	23
atg000001l_rc_rotated	14026	23
atg000001l_rc_rotated	14027	23
atg000001l_rc_rotated	14028	23
atg000001l_rc_rotated	14029	23
atg000001l_rc_rotated	14030	23
atg000001l_rc_rotated	14031	23
atg000001l_rc_rotated	14032	23
atg000001l_rc_rotated	14033	23
atg000001l_rc_rotated	14034	23
atg000001l_rc_rotated	14035	23
atg000001l_rc_rotated	14036	23
atg000001l_rc_rotated	14037	23
atg000001l_rc_rotated	14038	23
atg000001l_rc_rotated	14039	23
atg000001l_rc_rotated	14040	23
atg000001l_rc_rotated	14041	23
atg000001l_rc_rotated	14042	23
atg000001l_rc_rotated	14043	23
atg000001l_rc_rotated	14044	23
atg000001l_rc_rotated	14045	23
atg000001l_rc_rotated	14046	23
atg000001l_rc_rotated	14047	23
atg000001l_rc_rotated	14048	23
atg000001l_rc_rotated	14049	23
atg000001l_rc_rotated	14050	23
atg000001l_rc_rotated	14051	23
atg000001l_rc_rotated	14052	23
atg000001l_rc_rotated	14053	23
atg000001l_rc_rotated	14054	23
atg000001l_rc_rotated	14055	23
atg000001l_rc_rotated	14056	23
atg000001l_rc_rotated	14057	23
atg000001l_rc_rotated	14058	23
atg000001l_rc_rotated	14059	23
atg000001l_rc_rotated	14060	23
atg000001l_rc_rotated	14061	23
atg000001l_rc_rotated	14062	23
atg000001l_rc_rotated	14063	23
atg000001l_rc_rotated	14064	23
atg000001l_rc_rotated	14065	23
atg000001l_rc_rotated	14066	23
atg000001l_rc_rotated	14067	23
atg000001l_rc_rotated	14068	23
atg000001l_rc_rotated	14069	23
atg000001l_rc_rotated	14070	23
atg000001l_rc_rotated	14071	23
atg000001l_rc_rotated	14072	23
atg000001l_rc_rotated	14073	23
atg000001l_rc_rotated	14074	23
atg000001l_rc_rotated	14075	23
atg000001l_rc_rotated	14076	23
atg000001l_rc_rotated	14077	23
atg000001l_rc_rotated	14078	23
atg000001l_rc_rotated	14079	23
atg000001l_rc_rotated	14080	23
atg000001l_rc_rotated	14081	23
atg000001l_rc_rotated	14082	23
atg000001l_rc_rotated	14083	23
atg000001l_rc_rotated	14084	23
atg000001l_rc_rotated	14085	23
atg000001l_rc_rotated	14086	23
atg000001l_rc_rotated	14087	23
atg000001l_rc_rotated	14088	23
atg000001l_rc_rotated	14089	23
atg000001l_rc_rotated	14090	23
atg000001l_rc_rotated	14091	23
atg000001l_rc_rotated	14092	23
atg000001l_rc_rotated	14093	23
atg000001l_rc_rotated	14094	23
atg000001l_rc_rotated	14095	23
atg000001l_rc_rotated	14096	23
atg000001l_rc_rotated	14097	23
atg000001l_rc_rotated	14098	23
atg000001l_rc_rotated	14099	23
atg000001l_rc_rotated	14100	23
atg000001l_rc_rotated	14101	23
atg000001l_rc_rotated	14102	23
atg000001l_rc_rotated	14103	23
atg000001l_rc_rotated	14104	23
atg000001l_rc_rotated	14105	23
atg000001l_rc_rotated	14106	23
atg000001l_rc_rotated	14107	23
atg000001l_rc_rotated	14108	23
atg000001l_rc_rotated	14109	23
atg000001l_rc_rotated	14110	23
atg000001l_rc_rotated	14111	23
atg000001l_rc_rotated	14112	23
atg000001l_rc_rotated	14113	23
atg000001l_rc_rotated	14114	23
atg000001l_rc_rotated	14115	23
atg000001l_rc_rotated	14116	23
atg000001l_rc_rotated	14117	23
atg000001l_rc_rotated	14118	23
atg000001l_rc_rotated	14119	23
atg000001l_rc_rotated	14120	23
atg000001l_rc_rotated	14121	23
atg000001l_rc_rotated	14122	23
atg000001l_rc_rotated	14123	23
atg000001l_rc_rotated	14124	23
atg000001l_rc_rotated	14125	23
atg000001l_rc_rotated	14126	23
atg000001l_rc_rotated	14127	23
atg000001l_rc_rotated	14128	23
atg000001l_rc_rotated	14129	23
atg000001l_rc_rotated	14130	23
atg000001l_rc_rotated	14131	23
atg000001l_rc_rotated	14132	23
atg000001l_rc_rotated	14133	23
atg000001l_rc_rotated	14134	23
atg000001l_rc_rotated	14135	23
atg000001l_rc_rotated	14136	23
atg000001l_rc_rotated	14137	23
atg000001l_rc_rotated	14138	23
atg000001l_rc_rotated	14139	23
atg000001l_rc_rotated	14140	23
atg000001l_rc_rotated	14141	23
atg000001l_rc_rotated	14142	23
atg000001l_rc_rotated	14143	23
atg000001l_rc_rotated	14144	23
atg000001l_rc_rotated	14145	23
atg000001l_rc_rotated	14146	23
atg000001l_rc_rotated	14147	23
atg000001l_rc_rotated	14148	23
atg000001l_rc_rotated	14149	23
atg000001l_rc_rotated	14150	23
atg000001l_rc_rotated	14151	23
atg000001l_rc_rotated	14152	23
atg000001l_rc_rotated	14153	23
atg000001l_rc_rotated	14154	23
atg000001l_rc_rotated	14155	23
atg000001l_rc_rotated	14156	23
atg000001l_rc_rotated	14157	23
atg000001l_rc_rotated	14158	23
atg000001l_rc_rotated	14159	23
atg000001l_rc_rotated	14160	23
atg000001l_rc_rotated	14161	23
atg000001l_rc_rotated	14162	23
atg000001l_rc_rotated	14163	23
atg000001l_rc_rotated	14164	23
atg000001l_rc_rotated	14165	23
atg000001l_rc_rotated	14166	23
atg000001l_rc_rotated	14167	23
atg000001l_rc_rotated	14168	23
atg000001l_rc_rotated	14169	23
atg000001l_rc_rotated	14170	23
atg000001l_rc_rotated	14171	23
atg000001l_rc_rotated	14172	23
atg000001l_rc_rotated	14173	23
atg000001l_rc_rotated	14174	23
atg000001l_rc_rotated	14175	23
atg000001l_rc_rotated	14176	23
atg000001l_rc_rotated	14177	23
atg000001l_rc_rotated	14178	23
atg000001l_rc_rotated	14179	23
atg000001l_rc_rotated	14180	23
atg000001l_rc_rotated	14181	23
atg000001l_rc_rotated	14182	23
atg000001l_rc_rotated	14183	23
atg000001l_rc_rotated	14184	23
atg000001l_rc_rotated	14185	23
atg000001l_rc_rotated	14186	23
atg000001l_rc_rotated	14187	23
atg000001l_rc_rotated	14188	23
atg000001l_rc_rotated	14189	23
atg000001l_rc_rotated	14190	23
atg000001l_rc_rotated	14191	23
atg000001l_rc_rotated	14192	23
atg000001l_rc_rotated	14193	23
atg000001l_rc_rotated	14194	23
atg000001l_rc_rotated	14195	23
atg000001l_rc_rotated	14196	23
atg000001l_rc_rotated	14197	23
atg000001l_rc_rotated	14198	23
atg000001l_rc_rotated	14199	23
atg000001l_rc_rotated	14200	23
atg000001l_rc_rotated	14201	23
atg000001l_rc_rotated	14202	23
atg000001l_rc_rotated	14203	23
atg000001l_rc_rotated	14204	23
atg000001l_rc_rotated	14205	23
atg000001l_rc_rotated	14206	23
atg000001l_rc_rotated	14207	23
atg000001l_rc_rotated	14208	23
atg000001l_rc_rotated	14209	23
atg000001l_rc_rotated	14210	23
atg000001l_rc_rotated	14211	23
atg000001l_rc_rotated	14212	23
atg000001l_rc_rotated	14213	23
atg000001l_rc_rotated	14214	23
atg000001l_rc_rotated	14215	23
atg000001l_rc_rotated	14216	23
atg000001l_rc_rotated	14217	23
atg000001l_rc_rotated	14218	23
atg000001l_rc_rotated	14219	23
atg000001l_rc_rotated	14220	23
atg000001l_rc_rotated	14221	23
atg000001l_rc_rotated	14222	23
atg000001l_rc_rotated	14223	23
atg000001l_rc_rotated	14224	23
atg000001l_rc_rotated	14225	23
atg000001l_rc_rotated	14226	23
atg000001l_rc_rotated	14227	23
atg000001l_rc_rotated	14228	23
atg000001l_rc_rotated	14229	23
atg000001l_rc_rotated	14230	23
atg000001l_rc_rotated	14231	23
atg000001l_rc_rotated	14232	23
atg000001l_rc_rotated	14233	23
atg000001l_rc_rotated	14234	23
atg000001l_rc_rotated	14235	23
atg000001l_rc_rotated	14236	23
atg000001l_rc_rotated	14237	23
atg000001l_rc_rotated	14238	23
atg000001l_rc_rotated	14239	23
atg000001l_rc_rotated	14240	23
atg000001l_rc_rotated	14241	23
atg000001l_rc_rotated	14242	23
atg000001l_rc_rotated	14243	23
atg000001l_rc_rotated	14244	23
atg000001l_rc_rotated	14245	23
atg000001l_rc_rotated	14246	23
atg000001l_rc_rotated	14247	23
atg000001l_rc_rotated	14248	23
atg000001l_rc_rotated	14249	23
atg000001l_rc_rotated	14250	23
atg000001l_rc_rotated	14251	23
atg000001l_rc_rotated	14252	23
atg000001l_rc_rotated	14253	23
atg000001l_rc_rotated	14254	23
atg000001l_rc_rotated	14255	23
atg000001l_rc_rotated	14256	23
atg000001l_rc_rotated	14257	23
atg000001l_rc_rotated	14258	23
atg000001l_rc_rotated	14259	23
atg000001l_rc_rotated	14260	23
atg000001l_rc_rotated	14261	23
atg000001l_rc_rotated	14262	23
atg000001l_rc_rotated	14263	23
atg000001l_rc_rotated	14264	23
atg000001l_rc_rotated	14265	23
atg000001l_rc_rotated	14266	23
atg000001l_rc_rotated	14267	23
atg000001l_rc_rotated	14268	23
atg000001l_rc_rotated	14269	23
atg000001l_rc_rotated	14270	23
atg000001l_rc_rotated	14271	23
atg000001l_rc_rotated	14272	23
atg000001l_rc_rotated	14273	23
atg000001l_rc_rotated	14274	23
atg000001l_rc_rotated	14275	23
atg000001l_rc_rotated	14276	23
atg000001l_rc_rotated	14277	23
atg000001l_rc_rotated	14278	23
atg000001l_rc_rotated	14279	23
atg000001l_rc_rotated	14280	23
atg000001l_rc_rotated	14281	23
atg000001l_rc_rotated	14282	23
atg000001l_rc_rotated	14283	23
atg000001l_rc_rotated	14284	23
atg000001l_rc_rotated	14285	23
atg000001l_rc_rotated	14286	23
atg000001l_rc_rotated	14287	23
atg000001l_rc_rotated	14288	23
atg000001l_rc_rotated	14289	23
atg000001l_rc_rotated	14290	23
atg000001l_rc_rotated	14291	23
atg000001l_rc_rotated	14292	23
atg000001l_rc_rotated	14293	23
atg000001l_rc_rotated	14294	23
atg000001l_rc_rotated	14295	23
atg000001l_rc_rotated	14296	23
atg000001l_rc_rotated	14297	23
atg000001l_rc_rotated	14298	23
atg000001l_rc_rotated	14299	23
atg000001l_rc_rotated	14300	23
atg000001l_rc_rotated	14301	23
atg000001l_rc_rotated	14302	23
atg000001l_rc_rotated	14303	23
atg000001l_rc_rotated	14304	23
atg000001l_rc_rotated	14305	23
atg000001l_rc_rotated	14306	23
atg000001l_rc_rotated	14307	23
atg000001l_rc_rotated	14308	23
atg000001l_rc_rotated	14309	23
atg000001l_rc_rotated	14310	23
atg000001l_rc_rotated	14311	23
atg000001l_rc_rotated	14312	23
atg000001l_rc_rotated	14313	23
atg000001l_rc_rotated	14314	23
atg000001l_rc_rotated	14315	23
atg000001l_rc_rotated	14316	23
atg000001l_rc_rotated	14317	23
atg000001l_rc_rotated	14318	23
atg000001l_rc_rotated	14319	23
atg000001l_rc_rotated	14320	23
atg000001l_rc_rotated	14321	23
atg000001l_rc_rotated	14322	23
atg000001l_rc_rotated	14323	23
atg000001l_rc_rotated	14324	23
atg000001l_rc_rotated	14325	23
atg000001l_rc_rotated	14326	23
atg000001l_rc_rotated	14327	23
atg000001l_rc_rotated	14328	23
atg000001l_rc_rotated	14329	23
atg000001l_rc_rotated	14330	23
atg000001l_rc_rotated	14331	23
atg000001l_rc_rotated	14332	23
atg000001l_rc_rotated	14333	23
atg000001l_rc_rotated	14334	23
atg000001l_rc_rotated	14335	23
atg000001l_rc_rotated	14336	23
atg000001l_rc_rotated	14337	22
atg000001l_rc_rotated	14338	22
atg000001l_rc_rotated	14339	22
atg000001l_rc_rotated	14340	22
atg000001l_rc_rotated	14341	22
atg000001l_rc_rotated	14342	22
atg000001l_rc_rotated	14343	22
atg000001l_rc_rotated	14344	22
atg000001l_rc_rotated	14345	22
atg000001l_rc_rotated	14346	22
atg000001l_rc_rotated	14347	22
atg000001l_rc_rotated	14348	22
atg000001l_rc_rotated	14349	22
atg000001l_rc_rotated	14350	22
atg000001l_rc_rotated	14351	22
atg000001l_rc_rotated	14352	22
atg000001l_rc_rotated	14353	22
atg000001l_rc_rotated	14354	22
atg000001l_rc_rotated	14355	22
atg000001l_rc_rotated	14356	22
atg000001l_rc_rotated	14357	22
atg000001l_rc_rotated	14358	22
atg000001l_rc_rotated	14359	22
atg000001l_rc_rotated	14360	22
atg000001l_rc_rotated	14361	22
atg000001l_rc_rotated	14362	22
atg000001l_rc_rotated	14363	22
atg000001l_rc_rotated	14364	22
atg000001l_rc_rotated	14365	22
atg000001l_rc_rotated	14366	22
atg000001l_rc_rotated	14367	22
atg000001l_rc_rotated	14368	22
atg000001l_rc_rotated	14369	22
atg000001l_rc_rotated	14370	22
atg000001l_rc_rotated	14371	22
atg000001l_rc_rotated	14372	22
atg000001l_rc_rotated	14373	22
atg000001l_rc_rotated	14374	22
atg000001l_rc_rotated	14375	22
atg000001l_rc_rotated	14376	22
atg000001l_rc_rotated	14377	22
atg000001l_rc_rotated	14378	22
atg000001l_rc_rotated	14379	22
atg000001l_rc_rotated	14380	22
atg000001l_rc_rotated	14381	22
atg000001l_rc_rotated	14382	22
atg000001l_rc_rotated	14383	22
atg000001l_rc_rotated	14384	22
atg000001l_rc_rotated	14385	22
atg000001l_rc_rotated	14386	22
atg000001l_rc_rotated	14387	22
atg000001l_rc_rotated	14388	22
atg000001l_rc_rotated	14389	22
atg000001l_rc_rotated	14390	22
atg000001l_rc_rotated	14391	22
atg000001l_rc_rotated	14392	22
atg000001l_rc_rotated	14393	22
atg000001l_rc_rotated	14394	22
atg000001l_rc_rotated	14395	22
atg000001l_rc_rotated	14396	22
atg000001l_rc_rotated	14397	22
atg000001l_rc_rotated	14398	22
atg000001l_rc_rotated	14399	22
atg000001l_rc_rotated	14400	22
atg000001l_rc_rotated	14401	22
atg000001l_rc_rotated	14402	22
atg000001l_rc_rotated	14403	22
atg000001l_rc_rotated	14404	22
atg000001l_rc_rotated	14405	22
atg000001l_rc_rotated	14406	22
atg000001l_rc_rotated	14407	22
atg000001l_rc_rotated	14408	22
atg000001l_rc_rotated	14409	22
atg000001l_rc_rotated	14410	22
atg000001l_rc_rotated	14411	22
atg000001l_rc_rotated	14412	22
atg000001l_rc_rotated	14413	22
atg000001l_rc_rotated	14414	22
atg000001l_rc_rotated	14415	22
atg000001l_rc_rotated	14416	22
atg000001l_rc_rotated	14417	22
atg000001l_rc_rotated	14418	22
atg000001l_rc_rotated	14419	22
atg000001l_rc_rotated	14420	22
atg000001l_rc_rotated	14421	22
atg000001l_rc_rotated	14422	22
atg000001l_rc_rotated	14423	22
atg000001l_rc_rotated	14424	22
atg000001l_rc_rotated	14425	22
atg000001l_rc_rotated	14426	22
atg000001l_rc_rotated	14427	22
atg000001l_rc_rotated	14428	22
atg000001l_rc_rotated	14429	22
atg000001l_rc_rotated	14430	22
atg000001l_rc_rotated	14431	22
atg000001l_rc_rotated	14432	22
atg000001l_rc_rotated	14433	22
atg000001l_rc_rotated	14434	22
atg000001l_rc_rotated	14435	22
atg000001l_rc_rotated	14436	22
atg000001l_rc_rotated	14437	22
atg000001l_rc_rotated	14438	22
atg000001l_rc_rotated	14439	22
atg000001l_rc_rotated	14440	22
atg000001l_rc_rotated	14441	22
atg000001l_rc_rotated	14442	22
atg000001l_rc_rotated	14443	22
atg000001l_rc_rotated	14444	22
atg000001l_rc_rotated	14445	22
atg000001l_rc_rotated	14446	22
atg000001l_rc_rotated	14447	22
atg000001l_rc_rotated	14448	22
atg000001l_rc_rotated	14449	22
atg000001l_rc_rotated	14450	22
atg000001l_rc_rotated	14451	22
atg000001l_rc_rotated	14452	22
atg000001l_rc_rotated	14453	22
atg000001l_rc_rotated	14454	22
atg000001l_rc_rotated	14455	22
atg000001l_rc_rotated	14456	22
atg000001l_rc_rotated	14457	22
atg000001l_rc_rotated	14458	22
atg000001l_rc_rotated	14459	22
atg000001l_rc_rotated	14460	22
atg000001l_rc_rotated	14461	22
atg000001l_rc_rotated	14462	22
atg000001l_rc_rotated	14463	22
atg000001l_rc_rotated	14464	22
atg000001l_rc_rotated	14465	22
atg000001l_rc_rotated	14466	22
atg000001l_rc_rotated	14467	22
atg000001l_rc_rotated	14468	22
atg000001l_rc_rotated	14469	22
atg000001l_rc_rotated	14470	22
atg000001l_rc_rotated	14471	22
atg000001l_rc_rotated	14472	22
atg000001l_rc_rotated	14473	22
atg000001l_rc_rotated	14474	22
atg000001l_rc_rotated	14475	22
atg000001l_rc_rotated	14476	22
atg000001l_rc_rotated	14477	22
atg000001l_rc_rotated	14478	22
atg000001l_rc_rotated	14479	22
atg000001l_rc_rotated	14480	22
atg000001l_rc_rotated	14481	22
atg000001l_rc_rotated	14482	22
atg000001l_rc_rotated	14483	22
atg000001l_rc_rotated	14484	22
atg000001l_rc_rotated	14485	22
atg000001l_rc_rotated	14486	22
atg000001l_rc_rotated	14487	22
atg000001l_rc_rotated	14488	22
atg000001l_rc_rotated	14489	22
atg000001l_rc_rotated	14490	22
atg000001l_rc_rotated	14491	22
atg000001l_rc_rotated	14492	22
atg000001l_rc_rotated	14493	22
atg000001l_rc_rotated	14494	22
atg000001l_rc_rotated	14495	22
atg000001l_rc_rotated	14496	22
atg000001l_rc_rotated	14497	22
atg000001l_rc_rotated	14498	22
atg000001l_rc_rotated	14499	22
atg000001l_rc_rotated	14500	22
atg000001l_rc_rotated	14501	22
atg000001l_rc_rotated	14502	22
atg000001l_rc_rotated	14503	22
atg000001l_rc_rotated	14504	22
atg000001l_rc_rotated	14505	22
atg000001l_rc_rotated	14506	22
atg000001l_rc_rotated	14507	22
atg000001l_rc_rotated	14508	22
atg000001l_rc_rotated	14509	22
atg000001l_rc_rotated	14510	22
atg000001l_rc_rotated	14511	22
atg000001l_rc_rotated	14512	22
atg000001l_rc_rotated	14513	22
atg000001l_rc_rotated	14514	22
atg000001l_rc_rotated	14515	22
atg000001l_rc_rotated	14516	22
atg000001l_rc_rotated	14517	22
atg000001l_rc_rotated	14518	22
atg000001l_rc_rotated	14519	22
atg000001l_rc_rotated	14520	22
atg000001l_rc_rotated	14521	22
atg000001l_rc_rotated	14522	22
atg000001l_rc_rotated	14523	22
atg000001l_rc_rotated	14524	22
atg000001l_rc_rotated	14525	22
atg000001l_rc_rotated	14526	22
atg000001l_rc_rotated	14527	22
atg000001l_rc_rotated	14528	22
atg000001l_rc_rotated	14529	22
atg000001l_rc_rotated	14530	22
atg000001l_rc_rotated	14531	22
atg000001l_rc_rotated	14532	22
atg000001l_rc_rotated	14533	22
atg000001l_rc_rotated	14534	22
atg000001l_rc_rotated	14535	22
atg000001l_rc_rotated	14536	22
atg000001l_rc_rotated	14537	22
atg000001l_rc_rotated	14538	22
atg000001l_rc_rotated	14539	22
atg000001l_rc_rotated	14540	22
atg000001l_rc_rotated	14541	22
atg000001l_rc_rotated	14542	22
atg000001l_rc_rotated	14543	22
atg000001l_rc_rotated	14544	22
atg000001l_rc_rotated	14545	22
atg000001l_rc_rotated	14546	22
atg000001l_rc_rotated	14547	22
atg000001l_rc_rotated	14548	22
atg000001l_rc_rotated	14549	22
atg000001l_rc_rotated	14550	22
atg000001l_rc_rotated	14551	22
atg000001l_rc_rotated	14552	22
atg000001l_rc_rotated	14553	22
atg000001l_rc_rotated	14554	22
atg000001l_rc_rotated	14555	22
atg000001l_rc_rotated	14556	22
atg000001l_rc_rotated	14557	22
atg000001l_rc_rotated	14558	22
atg000001l_rc_rotated	14559	22
atg000001l_rc_rotated	14560	22
atg000001l_rc_rotated	14561	22
atg000001l_rc_rotated	14562	22
atg000001l_rc_rotated	14563	22
atg000001l_rc_rotated	14564	22
atg000001l_rc_rotated	14565	22
atg000001l_rc_rotated	14566	22
atg000001l_rc_rotated	14567	22
atg000001l_rc_rotated	14568	22
atg000001l_rc_rotated	14569	22
atg000001l_rc_rotated	14570	22
atg000001l_rc_rotated	14571	22
atg000001l_rc_rotated	14572	22
atg000001l_rc_rotated	14573	22
atg000001l_rc_rotated	14574	22
atg000001l_rc_rotated	14575	22
atg000001l_rc_rotated	14576	22
atg000001l_rc_rotated	14577	22
atg000001l_rc_rotated	14578	22
atg000001l_rc_rotated	14579	22
atg000001l_rc_rotated	14580	22
atg000001l_rc_rotated	14581	22
atg000001l_rc_rotated	14582	22
atg000001l_rc_rotated	14583	22
atg000001l_rc_rotated	14584	22
atg000001l_rc_rotated	14585	22
atg000001l_rc_rotated	14586	22
atg000001l_rc_rotated	14587	22
atg000001l_rc_rotated	14588	22
atg000001l_rc_rotated	14589	22
atg000001l_rc_rotated	14590	22
atg000001l_rc_rotated	14591	22
atg000001l_rc_rotated	14592	22
atg000001l_rc_rotated	14593	22
atg000001l_rc_rotated	14594	22
atg000001l_rc_rotated	14595	22
atg000001l_rc_rotated	14596	22
atg000001l_rc_rotated	14597	22
atg000001l_rc_rotated	14598	22
atg000001l_rc_rotated	14599	22
atg000001l_rc_rotated	14600	22
atg000001l_rc_rotated	14601	22
atg000001l_rc_rotated	14602	22
atg000001l_rc_rotated	14603	22
atg000001l_rc_rotated	14604	22
atg000001l_rc_rotated	14605	22
atg000001l_rc_rotated	14606	22
atg000001l_rc_rotated	14607	22
atg000001l_rc_rotated	14608	22
atg000001l_rc_rotated	14609	22
atg000001l_rc_rotated	14610	22
atg000001l_rc_rotated	14611	22
atg000001l_rc_rotated	14612	22
atg000001l_rc_rotated	14613	22
atg000001l_rc_rotated	14614	22
atg000001l_rc_rotated	14615	22
atg000001l_rc_rotated	14616	22
atg000001l_rc_rotated	14617	22
atg000001l_rc_rotated	14618	22
atg000001l_rc_rotated	14619	22
atg000001l_rc_rotated	14620	22
atg000001l_rc_rotated	14621	22
atg000001l_rc_rotated	14622	22
atg000001l_rc_rotated	14623	22
atg000001l_rc_rotated	14624	22
atg000001l_rc_rotated	14625	22
atg000001l_rc_rotated	14626	22
atg000001l_rc_rotated	14627	22
atg000001l_rc_rotated	14628	22
atg000001l_rc_rotated	14629	22
atg000001l_rc_rotated	14630	22
atg000001l_rc_rotated	14631	22
atg000001l_rc_rotated	14632	22
atg000001l_rc_rotated	14633	22
atg000001l_rc_rotated	14634	22
atg000001l_rc_rotated	14635	22
atg000001l_rc_rotated	14636	22
atg000001l_rc_rotated	14637	22
atg000001l_rc_rotated	14638	22
atg000001l_rc_rotated	14639	22
atg000001l_rc_rotated	14640	22
atg000001l_rc_rotated	14641	22
atg000001l_rc_rotated	14642	22
atg000001l_rc_rotated	14643	22
atg000001l_rc_rotated	14644	22
atg000001l_rc_rotated	14645	22
atg000001l_rc_rotated	14646	22
atg000001l_rc_rotated	14647	22
atg000001l_rc_rotated	14648	22
atg000001l_rc_rotated	14649	22
atg000001l_rc_rotated	14650	22
atg000001l_rc_rotated	14651	22
atg000001l_rc_rotated	14652	22
atg000001l_rc_rotated	14653	22
atg000001l_rc_rotated	14654	22
atg000001l_rc_rotated	14655	22
atg000001l_rc_rotated	14656	22
atg000001l_rc_rotated	14657	22
atg000001l_rc_rotated	14658	22
atg000001l_rc_rotated	14659	22
atg000001l_rc_rotated	14660	22
atg000001l_rc_rotated	14661	22
atg000001l_rc_rotated	14662	22
atg000001l_rc_rotated	14663	22
atg000001l_rc_rotated	14664	22
atg000001l_rc_rotated	14665	22
atg000001l_rc_rotated	14666	22
atg000001l_rc_rotated	14667	22
atg000001l_rc_rotated	14668	22
atg000001l_rc_rotated	14669	22
atg000001l_rc_rotated	14670	22
atg000001l_rc_rotated	14671	22
atg000001l_rc_rotated	14672	22
atg000001l_rc_rotated	14673	22
atg000001l_rc_rotated	14674	22
atg000001l_rc_rotated	14675	22
atg000001l_rc_rotated	14676	22
atg000001l_rc_rotated	14677	22
atg000001l_rc_rotated	14678	22
atg000001l_rc_rotated	14679	22
atg000001l_rc_rotated	14680	22
atg000001l_rc_rotated	14681	22
atg000001l_rc_rotated	14682	22
atg000001l_rc_rotated	14683	22
atg000001l_rc_rotated	14684	22
atg000001l_rc_rotated	14685	22
atg000001l_rc_rotated	14686	22
atg000001l_rc_rotated	14687	22
atg000001l_rc_rotated	14688	22
atg000001l_rc_rotated	14689	22
atg000001l_rc_rotated	14690	22
atg000001l_rc_rotated	14691	22
atg000001l_rc_rotated	14692	22
atg000001l_rc_rotated	14693	22
atg000001l_rc_rotated	14694	22
atg000001l_rc_rotated	14695	22
atg000001l_rc_rotated	14696	22
atg000001l_rc_rotated	14697	22
atg000001l_rc_rotated	14698	22
atg000001l_rc_rotated	14699	22
atg000001l_rc_rotated	14700	22
atg000001l_rc_rotated	14701	22
atg000001l_rc_rotated	14702	22
atg000001l_rc_rotated	14703	22
atg000001l_rc_rotated	14704	22
atg000001l_rc_rotated	14705	22
atg000001l_rc_rotated	14706	22
atg000001l_rc_rotated	14707	22
atg000001l_rc_rotated	14708	22
atg000001l_rc_rotated	14709	22
atg000001l_rc_rotated	14710	22
atg000001l_rc_rotated	14711	22
atg000001l_rc_rotated	14712	22
atg000001l_rc_rotated	14713	22
atg000001l_rc_rotated	14714	22
atg000001l_rc_rotated	14715	22
atg000001l_rc_rotated	14716	22
atg000001l_rc_rotated	14717	22
atg000001l_rc_rotated	14718	22
atg000001l_rc_rotated	14719	22
atg000001l_rc_rotated	14720	22
atg000001l_rc_rotated	14721	22
atg000001l_rc_rotated	14722	22
atg000001l_rc_rotated	14723	22
atg000001l_rc_rotated	14724	22
atg000001l_rc_rotated	14725	22
atg000001l_rc_rotated	14726	22
atg000001l_rc_rotated	14727	22
atg000001l_rc_rotated	14728	22
atg000001l_rc_rotated	14729	22
atg000001l_rc_rotated	14730	22
atg000001l_rc_rotated	14731	22
atg000001l_rc_rotated	14732	22
atg000001l_rc_rotated	14733	22
atg000001l_rc_rotated	14734	22
atg000001l_rc_rotated	14735	22
atg000001l_rc_rotated	14736	22
atg000001l_rc_rotated	14737	22
atg000001l_rc_rotated	14738	22
atg000001l_rc_rotated	14739	22
atg000001l_rc_rotated	14740	22
atg000001l_rc_rotated	14741	22
atg000001l_rc_rotated	14742	22
atg000001l_rc_rotated	14743	22
atg000001l_rc_rotated	14744	22
atg000001l_rc_rotated	14745	22
atg000001l_rc_rotated	14746	22
atg000001l_rc_rotated	14747	22
atg000001l_rc_rotated	14748	22
atg000001l_rc_rotated	14749	22
atg000001l_rc_rotated	14750	22
atg000001l_rc_rotated	14751	22
atg000001l_rc_rotated	14752	22
atg000001l_rc_rotated	14753	22
atg000001l_rc_rotated	14754	22
atg000001l_rc_rotated	14755	22
atg000001l_rc_rotated	14756	22
atg000001l_rc_rotated	14757	22
atg000001l_rc_rotated	14758	22
atg000001l_rc_rotated	14759	22
atg000001l_rc_rotated	14760	22
atg000001l_rc_rotated	14761	22
atg000001l_rc_rotated	14762	22
atg000001l_rc_rotated	14763	22
atg000001l_rc_rotated	14764	22
atg000001l_rc_rotated	14765	22
atg000001l_rc_rotated	14766	22
atg000001l_rc_rotated	14767	22
atg000001l_rc_rotated	14768	22
atg000001l_rc_rotated	14769	22
atg000001l_rc_rotated	14770	22
atg000001l_rc_rotated	14771	22
atg000001l_rc_rotated	14772	22
atg000001l_rc_rotated	14773	22
atg000001l_rc_rotated	14774	22
atg000001l_rc_rotated	14775	22
atg000001l_rc_rotated	14776	22
atg000001l_rc_rotated	14777	22
atg000001l_rc_rotated	14778	22
atg000001l_rc_rotated	14779	22
atg000001l_rc_rotated	14780	22
atg000001l_rc_rotated	14781	22
atg000001l_rc_rotated	14782	22
atg000001l_rc_rotated	14783	22
atg000001l_rc_rotated	14784	22
atg000001l_rc_rotated	14785	22
atg000001l_rc_rotated	14786	22
atg000001l_rc_rotated	14787	22
atg000001l_rc_rotated	14788	22
atg000001l_rc_rotated	14789	22
atg000001l_rc_rotated	14790	22
atg000001l_rc_rotated	14791	22
atg000001l_rc_rotated	14792	22
atg000001l_rc_rotated	14793	22
atg000001l_rc_rotated	14794	22
atg000001l_rc_rotated	14795	22
atg000001l_rc_rotated	14796	22
atg000001l_rc_rotated	14797	22
atg000001l_rc_rotated	14798	22
atg000001l_rc_rotated	14799	22
atg000001l_rc_rotated	14800	22
atg000001l_rc_rotated	14801	22
atg000001l_rc_rotated	14802	22
atg000001l_rc_rotated	14803	22
atg000001l_rc_rotated	14804	22
atg000001l_rc_rotated	14805	22
atg000001l_rc_rotated	14806	22
atg000001l_rc_rotated	14807	22
atg000001l_rc_rotated	14808	22
atg000001l_rc_rotated	14809	22
atg000001l_rc_rotated	14810	22
atg000001l_rc_rotated	14811	22
atg000001l_rc_rotated	14812	22
atg000001l_rc_rotated	14813	22
atg000001l_rc_rotated	14814	22
atg000001l_rc_rotated	14815	22
atg000001l_rc_rotated	14816	22
atg000001l_rc_rotated	14817	22
atg000001l_rc_rotated	14818	22
atg000001l_rc_rotated	14819	22
atg000001l_rc_rotated	14820	22
atg000001l_rc_rotated	14821	22
atg000001l_rc_rotated	14822	22
atg000001l_rc_rotated	14823	22
atg000001l_rc_rotated	14824	22
atg000001l_rc_rotated	14825	22
atg000001l_rc_rotated	14826	22
atg000001l_rc_rotated	14827	22
atg000001l_rc_rotated	14828	22
atg000001l_rc_rotated	14829	22
atg000001l_rc_rotated	14830	22
atg000001l_rc_rotated	14831	22
atg000001l_rc_rotated	14832	22
atg000001l_rc_rotated	14833	22
atg000001l_rc_rotated	14834	22
atg000001l_rc_rotated	14835	22
atg000001l_rc_rotated	14836	22
atg000001l_rc_rotated	14837	22
atg000001l_rc_rotated	14838	22
atg000001l_rc_rotated	14839	22
atg000001l_rc_rotated	14840	22
atg000001l_rc_rotated	14841	22
atg000001l_rc_rotated	14842	22
atg000001l_rc_rotated	14843	22
atg000001l_rc_rotated	14844	22
atg000001l_rc_rotated	14845	22
atg000001l_rc_rotated	14846	22
atg000001l_rc_rotated	14847	22
atg000001l_rc_rotated	14848	22
atg000001l_rc_rotated	14849	22
atg000001l_rc_rotated	14850	22
atg000001l_rc_rotated	14851	22
atg000001l_rc_rotated	14852	22
atg000001l_rc_rotated	14853	22
atg000001l_rc_rotated	14854	22
atg000001l_rc_rotated	14855	22
atg000001l_rc_rotated	14856	22
atg000001l_rc_rotated	14857	22
atg000001l_rc_rotated	14858	22
atg000001l_rc_rotated	14859	22
atg000001l_rc_rotated	14860	22
atg000001l_rc_rotated	14861	22
atg000001l_rc_rotated	14862	22
atg000001l_rc_rotated	14863	22
atg000001l_rc_rotated	14864	22
atg000001l_rc_rotated	14865	22
atg000001l_rc_rotated	14866	22
atg000001l_rc_rotated	14867	22
atg000001l_rc_rotated	14868	22
atg000001l_rc_rotated	14869	22
atg000001l_rc_rotated	14870	22
atg000001l_rc_rotated	14871	22
atg000001l_rc_rotated	14872	22
atg000001l_rc_rotated	14873	22
atg000001l_rc_rotated	14874	22
atg000001l_rc_rotated	14875	22
atg000001l_rc_rotated	14876	22
atg000001l_rc_rotated	14877	22
atg000001l_rc_rotated	14878	22
atg000001l_rc_rotated	14879	22
atg000001l_rc_rotated	14880	22
atg000001l_rc_rotated	14881	22
atg000001l_rc_rotated	14882	22
atg000001l_rc_rotated	14883	22
atg000001l_rc_rotated	14884	22
atg000001l_rc_rotated	14885	22
atg000001l_rc_rotated	14886	22
atg000001l_rc_rotated	14887	22
atg000001l_rc_rotated	14888	22
atg000001l_rc_rotated	14889	22
atg000001l_rc_rotated	14890	22
atg000001l_rc_rotated	14891	22
atg000001l_rc_rotated	14892	22
atg000001l_rc_rotated	14893	22
atg000001l_rc_rotated	14894	22
atg000001l_rc_rotated	14895	22
atg000001l_rc_rotated	14896	22
atg000001l_rc_rotated	14897	22
atg000001l_rc_rotated	14898	22
atg000001l_rc_rotated	14899	22
atg000001l_rc_rotated	14900	22
atg000001l_rc_rotated	14901	22
atg000001l_rc_rotated	14902	22
atg000001l_rc_rotated	14903	22
atg000001l_rc_rotated	14904	22
atg000001l_rc_rotated	14905	22
atg000001l_rc_rotated	14906	22
atg000001l_rc_rotated	14907	22
atg000001l_rc_rotated	14908	22
atg000001l_rc_rotated	14909	22
atg000001l_rc_rotated	14910	22
atg000001l_rc_rotated	14911	22
atg000001l_rc_rotated	14912	22
atg000001l_rc_rotated	14913	22
atg000001l_rc_rotated	14914	22
atg000001l_rc_rotated	14915	22
atg000001l_rc_rotated	14916	22
atg000001l_rc_rotated	14917	22
atg000001l_rc_rotated	14918	22
atg000001l_rc_rotated	14919	22
atg000001l_rc_rotated	14920	22
atg000001l_rc_rotated	14921	22
atg000001l_rc_rotated	14922	22
atg000001l_rc_rotated	14923	22
atg000001l_rc_rotated	14924	22
atg000001l_rc_rotated	14925	22
atg000001l_rc_rotated	14926	22
atg000001l_rc_rotated	14927	22
atg000001l_rc_rotated	14928	22
atg000001l_rc_rotated	14929	22
atg000001l_rc_rotated	14930	22
atg000001l_rc_rotated	14931	22
atg000001l_rc_rotated	14932	22
atg000001l_rc_rotated	14933	22
atg000001l_rc_rotated	14934	22
atg000001l_rc_rotated	14935	22
atg000001l_rc_rotated	14936	22
atg000001l_rc_rotated	14937	22
atg000001l_rc_rotated	14938	22
atg000001l_rc_rotated	14939	22
atg000001l_rc_rotated	14940	22
atg000001l_rc_rotated	14941	22
atg000001l_rc_rotated	14942	22
atg000001l_rc_rotated	14943	22
atg000001l_rc_rotated	14944	22
atg000001l_rc_rotated	14945	22
atg000001l_rc_rotated	14946	22
atg000001l_rc_rotated	14947	22
atg000001l_rc_rotated	14948	22
atg000001l_rc_rotated	14949	22
atg000001l_rc_rotated	14950	22
atg000001l_rc_rotated	14951	22
atg000001l_rc_rotated	14952	22
atg000001l_rc_rotated	14953	22
atg000001l_rc_rotated	14954	22
atg000001l_rc_rotated	14955	22
atg000001l_rc_rotated	14956	22
atg000001l_rc_rotated	14957	22
atg000001l_rc_rotated	14958	22
atg000001l_rc_rotated	14959	22
atg000001l_rc_rotated	14960	22
atg000001l_rc_rotated	14961	22
atg000001l_rc_rotated	14962	22
atg000001l_rc_rotated	14963	22
atg000001l_rc_rotated	14964	22
atg000001l_rc_rotated	14965	22
atg000001l_rc_rotated	14966	22
atg000001l_rc_rotated	14967	22
atg000001l_rc_rotated	14968	22
atg000001l_rc_rotated	14969	22
atg000001l_rc_rotated	14970	22
atg000001l_rc_rotated	14971	22
atg000001l_rc_rotated	14972	22
atg000001l_rc_rotated	14973	22
atg000001l_rc_rotated	14974	22
atg000001l_rc_rotated	14975	22
atg000001l_rc_rotated	14976	22
atg000001l_rc_rotated	14977	22
atg000001l_rc_rotated	14978	22
atg000001l_rc_rotated	14979	22
atg000001l_rc_rotated	14980	22
atg000001l_rc_rotated	14981	22
atg000001l_rc_rotated	14982	22
atg000001l_rc_rotated	14983	22
atg000001l_rc_rotated	14984	22
atg000001l_rc_rotated	14985	22
atg000001l_rc_rotated	14986	22
atg000001l_rc_rotated	14987	22
atg000001l_rc_rotated	14988	22
atg000001l_rc_rotated	14989	22
atg000001l_rc_rotated	14990	22
atg000001l_rc_rotated	14991	22
atg000001l_rc_rotated	14992	22
atg000001l_rc_rotated	14993	22
atg000001l_rc_rotated	14994	22
atg000001l_rc_rotated	14995	22
atg000001l_rc_rotated	14996	22
atg000001l_rc_rotated	14997	22
atg000001l_rc_rotated	14998	22
atg000001l_rc_rotated	14999	22
atg000001l_rc_rotated	15000	22
atg000001l_rc_rotated	15001	22
atg000001l_rc_rotated	15002	22
atg000001l_rc_rotated	15003	22
atg000001l_rc_rotated	15004	22
atg000001l_rc_rotated	15005	22
atg000001l_rc_rotated	15006	22
atg000001l_rc_rotated	15007	22
atg000001l_rc_rotated	15008	22
atg000001l_rc_rotated	15009	22
atg000001l_rc_rotated	15010	22
atg000001l_rc_rotated	15011	22
atg000001l_rc_rotated	15012	22
atg000001l_rc_rotated	15013	22
atg000001l_rc_rotated	15014	22
atg000001l_rc_rotated	15015	22
atg000001l_rc_rotated	15016	22
atg000001l_rc_rotated	15017	22
atg000001l_rc_rotated	15018	22
atg000001l_rc_rotated	15019	22
atg000001l_rc_rotated	15020	22
atg000001l_rc_rotated	15021	22
atg000001l_rc_rotated	15022	22
atg000001l_rc_rotated	15023	22
atg000001l_rc_rotated	15024	22
atg000001l_rc_rotated	15025	22
atg000001l_rc_rotated	15026	22
atg000001l_rc_rotated	15027	22
atg000001l_rc_rotated	15028	22
atg000001l_rc_rotated	15029	22
atg000001l_rc_rotated	15030	22
atg000001l_rc_rotated	15031	22
atg000001l_rc_rotated	15032	22
atg000001l_rc_rotated	15033	22
atg000001l_rc_rotated	15034	22
atg000001l_rc_rotated	15035	22
atg000001l_rc_rotated	15036	22
atg000001l_rc_rotated	15037	22
atg000001l_rc_rotated	15038	22
atg000001l_rc_rotated	15039	22
atg000001l_rc_rotated	15040	22
atg000001l_rc_rotated	15041	22
atg000001l_rc_rotated	15042	22
atg000001l_rc_rotated	15043	22
atg000001l_rc_rotated	15044	22
atg000001l_rc_rotated	15045	23
atg000001l_rc_rotated	15046	23
atg000001l_rc_rotated	15047	23
atg000001l_rc_rotated	15048	23
atg000001l_rc_rotated	15049	23
atg000001l_rc_rotated	15050	23
atg000001l_rc_rotated	15051	23
atg000001l_rc_rotated	15052	23
atg000001l_rc_rotated	15053	23
atg000001l_rc_rotated	15054	23
atg000001l_rc_rotated	15055	23
atg000001l_rc_rotated	15056	23
atg000001l_rc_rotated	15057	23
atg000001l_rc_rotated	15058	23
atg000001l_rc_rotated	15059	23
atg000001l_rc_rotated	15060	23
atg000001l_rc_rotated	15061	23
atg000001l_rc_rotated	15062	23
atg000001l_rc_rotated	15063	23
atg000001l_rc_rotated	15064	23
atg000001l_rc_rotated	15065	23
atg000001l_rc_rotated	15066	23
atg000001l_rc_rotated	15067	23
atg000001l_rc_rotated	15068	23
atg000001l_rc_rotated	15069	23
atg000001l_rc_rotated	15070	23
atg000001l_rc_rotated	15071	23
atg000001l_rc_rotated	15072	23
atg000001l_rc_rotated	15073	23
atg000001l_rc_rotated	15074	23
atg000001l_rc_rotated	15075	23
atg000001l_rc_rotated	15076	23
atg000001l_rc_rotated	15077	23
atg000001l_rc_rotated	15078	23
atg000001l_rc_rotated	15079	23
atg000001l_rc_rotated	15080	23
atg000001l_rc_rotated	15081	23
atg000001l_rc_rotated	15082	23
atg000001l_rc_rotated	15083	23
atg000001l_rc_rotated	15084	23
atg000001l_rc_rotated	15085	23
atg000001l_rc_rotated	15086	23
atg000001l_rc_rotated	15087	23
atg000001l_rc_rotated	15088	23
atg000001l_rc_rotated	15089	23
atg000001l_rc_rotated	15090	23
atg000001l_rc_rotated	15091	23
atg000001l_rc_rotated	15092	23
atg000001l_rc_rotated	15093	23
atg000001l_rc_rotated	15094	23
atg000001l_rc_rotated	15095	23
atg000001l_rc_rotated	15096	23
atg000001l_rc_rotated	15097	23
atg000001l_rc_rotated	15098	23
atg000001l_rc_rotated	15099	23
atg000001l_rc_rotated	15100	23
atg000001l_rc_rotated	15101	23
atg000001l_rc_rotated	15102	23
atg000001l_rc_rotated	15103	23
atg000001l_rc_rotated	15104	23
atg000001l_rc_rotated	15105	23
atg000001l_rc_rotated	15106	23
atg000001l_rc_rotated	15107	23
atg000001l_rc_rotated	15108	23
atg000001l_rc_rotated	15109	23
atg000001l_rc_rotated	15110	23
atg000001l_rc_rotated	15111	23
atg000001l_rc_rotated	15112	23
atg000001l_rc_rotated	15113	23
atg000001l_rc_rotated	15114	23
atg000001l_rc_rotated	15115	23
atg000001l_rc_rotated	15116	23
atg000001l_rc_rotated	15117	23
atg000001l_rc_rotated	15118	23
atg000001l_rc_rotated	15119	23
atg000001l_rc_rotated	15120	23
atg000001l_rc_rotated	15121	23
atg000001l_rc_rotated	15122	23
atg000001l_rc_rotated	15123	23
atg000001l_rc_rotated	15124	23
atg000001l_rc_rotated	15125	23
atg000001l_rc_rotated	15126	23
atg000001l_rc_rotated	15127	23
atg000001l_rc_rotated	15128	23
atg000001l_rc_rotated	15129	23
atg000001l_rc_rotated	15130	23
atg000001l_rc_rotated	15131	23
atg000001l_rc_rotated	15132	23
atg000001l_rc_rotated	15133	23
atg000001l_rc_rotated	15134	23
atg000001l_rc_rotated	15135	23
atg000001l_rc_rotated	15136	23
atg000001l_rc_rotated	15137	23
atg000001l_rc_rotated	15138	23
atg000001l_rc_rotated	15139	23
atg000001l_rc_rotated	15140	23
atg000001l_rc_rotated	15141	23
atg000001l_rc_rotated	15142	23
atg000001l_rc_rotated	15143	23
atg000001l_rc_rotated	15144	23
atg000001l_rc_rotated	15145	23
atg000001l_rc_rotated	15146	23
atg000001l_rc_rotated	15147	23
atg000001l_rc_rotated	15148	23
atg000001l_rc_rotated	15149	23
atg000001l_rc_rotated	15150	23
atg000001l_rc_rotated	15151	23
atg000001l_rc_rotated	15152	23
atg000001l_rc_rotated	15153	23
atg000001l_rc_rotated	15154	23
atg000001l_rc_rotated	15155	23
atg000001l_rc_rotated	15156	23
atg000001l_rc_rotated	15157	23
atg000001l_rc_rotated	15158	23
atg000001l_rc_rotated	15159	23
atg000001l_rc_rotated	15160	23
atg000001l_rc_rotated	15161	23
atg000001l_rc_rotated	15162	23
atg000001l_rc_rotated	15163	23
atg000001l_rc_rotated	15164	23
atg000001l_rc_rotated	15165	23
atg000001l_rc_rotated	15166	23
atg000001l_rc_rotated	15167	23
atg000001l_rc_rotated	15168	23
atg000001l_rc_rotated	15169	23
atg000001l_rc_rotated	15170	23
atg000001l_rc_rotated	15171	23
atg000001l_rc_rotated	15172	23
atg000001l_rc_rotated	15173	23
atg000001l_rc_rotated	15174	23
atg000001l_rc_rotated	15175	23
atg000001l_rc_rotated	15176	23
atg000001l_rc_rotated	15177	23
atg000001l_rc_rotated	15178	23
atg000001l_rc_rotated	15179	23
atg000001l_rc_rotated	15180	23
atg000001l_rc_rotated	15181	23
atg000001l_rc_rotated	15182	23
atg000001l_rc_rotated	15183	23
atg000001l_rc_rotated	15184	23
atg000001l_rc_rotated	15185	23
atg000001l_rc_rotated	15186	23
atg000001l_rc_rotated	15187	23
atg000001l_rc_rotated	15188	23
atg000001l_rc_rotated	15189	23
atg000001l_rc_rotated	15190	23
atg000001l_rc_rotated	15191	23
atg000001l_rc_rotated	15192	23
atg000001l_rc_rotated	15193	23
atg000001l_rc_rotated	15194	23
atg000001l_rc_rotated	15195	23
atg000001l_rc_rotated	15196	23
atg000001l_rc_rotated	15197	23
atg000001l_rc_rotated	15198	23
atg000001l_rc_rotated	15199	23
atg000001l_rc_rotated	15200	23
atg000001l_rc_rotated	15201	23
atg000001l_rc_rotated	15202	23
atg000001l_rc_rotated	15203	23
atg000001l_rc_rotated	15204	23
atg000001l_rc_rotated	15205	23
atg000001l_rc_rotated	15206	23
atg000001l_rc_rotated	15207	23
atg000001l_rc_rotated	15208	23
atg000001l_rc_rotated	15209	23
atg000001l_rc_rotated	15210	23
atg000001l_rc_rotated	15211	23
atg000001l_rc_rotated	15212	23
atg000001l_rc_rotated	15213	23
atg000001l_rc_rotated	15214	23
atg000001l_rc_rotated	15215	23
atg000001l_rc_rotated	15216	23
atg000001l_rc_rotated	15217	23
atg000001l_rc_rotated	15218	23
atg000001l_rc_rotated	15219	23
atg000001l_rc_rotated	15220	23
atg000001l_rc_rotated	15221	23
atg000001l_rc_rotated	15222	23
atg000001l_rc_rotated	15223	23
atg000001l_rc_rotated	15224	23
atg000001l_rc_rotated	15225	23
atg000001l_rc_rotated	15226	23
atg000001l_rc_rotated	15227	23
atg000001l_rc_rotated	15228	23
atg000001l_rc_rotated	15229	23
atg000001l_rc_rotated	15230	23
atg000001l_rc_rotated	15231	23
atg000001l_rc_rotated	15232	23
atg000001l_rc_rotated	15233	23
atg000001l_rc_rotated	15234	23
atg000001l_rc_rotated	15235	23
atg000001l_rc_rotated	15236	23
atg000001l_rc_rotated	15237	23
atg000001l_rc_rotated	15238	23
atg000001l_rc_rotated	15239	22
atg000001l_rc_rotated	15240	22
atg000001l_rc_rotated	15241	22
atg000001l_rc_rotated	15242	22
atg000001l_rc_rotated	15243	22
atg000001l_rc_rotated	15244	22
atg000001l_rc_rotated	15245	22
atg000001l_rc_rotated	15246	22
atg000001l_rc_rotated	15247	22
atg000001l_rc_rotated	15248	22
atg000001l_rc_rotated	15249	22
atg000001l_rc_rotated	15250	22
atg000001l_rc_rotated	15251	22
atg000001l_rc_rotated	15252	22
atg000001l_rc_rotated	15253	22
atg000001l_rc_rotated	15254	22
atg000001l_rc_rotated	15255	22
atg000001l_rc_rotated	15256	22
atg000001l_rc_rotated	15257	22
atg000001l_rc_rotated	15258	22
atg000001l_rc_rotated	15259	22
atg000001l_rc_rotated	15260	22
atg000001l_rc_rotated	15261	22
atg000001l_rc_rotated	15262	22
atg000001l_rc_rotated	15263	22
atg000001l_rc_rotated	15264	22
atg000001l_rc_rotated	15265	22
atg000001l_rc_rotated	15266	22
atg000001l_rc_rotated	15267	22
atg000001l_rc_rotated	15268	22
atg000001l_rc_rotated	15269	22
atg000001l_rc_rotated	15270	22
atg000001l_rc_rotated	15271	22
atg000001l_rc_rotated	15272	22
atg000001l_rc_rotated	15273	22
atg000001l_rc_rotated	15274	22
atg000001l_rc_rotated	15275	22
atg000001l_rc_rotated	15276	22
atg000001l_rc_rotated	15277	22
atg000001l_rc_rotated	15278	22
atg000001l_rc_rotated	15279	22
atg000001l_rc_rotated	15280	22
atg000001l_rc_rotated	15281	22
atg000001l_rc_rotated	15282	22
atg000001l_rc_rotated	15283	22
atg000001l_rc_rotated	15284	22
atg000001l_rc_rotated	15285	22
atg000001l_rc_rotated	15286	22
atg000001l_rc_rotated	15287	22
atg000001l_rc_rotated	15288	22
atg000001l_rc_rotated	15289	22
atg000001l_rc_rotated	15290	22
atg000001l_rc_rotated	15291	22
atg000001l_rc_rotated	15292	22
atg000001l_rc_rotated	15293	22
atg000001l_rc_rotated	15294	22
atg000001l_rc_rotated	15295	22
atg000001l_rc_rotated	15296	22
atg000001l_rc_rotated	15297	22
atg000001l_rc_rotated	15298	22
atg000001l_rc_rotated	15299	22
atg000001l_rc_rotated	15300	22
atg000001l_rc_rotated	15301	22
atg000001l_rc_rotated	15302	22
atg000001l_rc_rotated	15303	22
atg000001l_rc_rotated	15304	22
atg000001l_rc_rotated	15305	22
atg000001l_rc_rotated	15306	22
atg000001l_rc_rotated	15307	22
atg000001l_rc_rotated	15308	22
atg000001l_rc_rotated	15309	22
atg000001l_rc_rotated	15310	22
atg000001l_rc_rotated	15311	22
atg000001l_rc_rotated	15312	22
atg000001l_rc_rotated	15313	22
atg000001l_rc_rotated	15314	22
atg000001l_rc_rotated	15315	22
atg000001l_rc_rotated	15316	22
atg000001l_rc_rotated	15317	22
atg000001l_rc_rotated	15318	22
atg000001l_rc_rotated	15319	22
atg000001l_rc_rotated	15320	22
atg000001l_rc_rotated	15321	22
atg000001l_rc_rotated	15322	22
atg000001l_rc_rotated	15323	22
atg000001l_rc_rotated	15324	22
atg000001l_rc_rotated	15325	22
atg000001l_rc_rotated	15326	22
atg000001l_rc_rotated	15327	22
atg000001l_rc_rotated	15328	22
atg000001l_rc_rotated	15329	22
atg000001l_rc_rotated	15330	22
atg000001l_rc_rotated	15331	22
atg000001l_rc_rotated	15332	22
atg000001l_rc_rotated	15333	22
atg000001l_rc_rotated	15334	22
atg000001l_rc_rotated	15335	22
atg000001l_rc_rotated	15336	22
atg000001l_rc_rotated	15337	21
atg000001l_rc_rotated	15338	21
atg000001l_rc_rotated	15339	21
atg000001l_rc_rotated	15340	21
atg000001l_rc_rotated	15341	21
atg000001l_rc_rotated	15342	21
atg000001l_rc_rotated	15343	21
atg000001l_rc_rotated	15344	21
atg000001l_rc_rotated	15345	21
atg000001l_rc_rotated	15346	21
atg000001l_rc_rotated	15347	21
atg000001l_rc_rotated	15348	21
atg000001l_rc_rotated	15349	21
atg000001l_rc_rotated	15350	21
atg000001l_rc_rotated	15351	21
atg000001l_rc_rotated	15352	21
atg000001l_rc_rotated	15353	21
atg000001l_rc_rotated	15354	21
atg000001l_rc_rotated	15355	21
atg000001l_rc_rotated	15356	21
atg000001l_rc_rotated	15357	21
atg000001l_rc_rotated	15358	21
atg000001l_rc_rotated	15359	21
atg000001l_rc_rotated	15360	21
atg000001l_rc_rotated	15361	21
atg000001l_rc_rotated	15362	21
atg000001l_rc_rotated	15363	21
atg000001l_rc_rotated	15364	21
atg000001l_rc_rotated	15365	21
atg000001l_rc_rotated	15366	21
atg000001l_rc_rotated	15367	21
atg000001l_rc_rotated	15368	21
atg000001l_rc_rotated	15369	21
atg000001l_rc_rotated	15370	21
atg000001l_rc_rotated	15371	21
atg000001l_rc_rotated	15372	21
atg000001l_rc_rotated	15373	21
atg000001l_rc_rotated	15374	21
atg000001l_rc_rotated	15375	21
atg000001l_rc_rotated	15376	21
atg000001l_rc_rotated	15377	21
atg000001l_rc_rotated	15378	21
atg000001l_rc_rotated	15379	21
atg000001l_rc_rotated	15380	21
atg000001l_rc_rotated	15381	21
atg000001l_rc_rotated	15382	21
atg000001l_rc_rotated	15383	21
atg000001l_rc_rotated	15384	21
atg000001l_rc_rotated	15385	21
atg000001l_rc_rotated	15386	21
atg000001l_rc_rotated	15387	21
atg000001l_rc_rotated	15388	21
atg000001l_rc_rotated	15389	21
atg000001l_rc_rotated	15390	21
atg000001l_rc_rotated	15391	21
atg000001l_rc_rotated	15392	21
atg000001l_rc_rotated	15393	21
atg000001l_rc_rotated	15394	21
atg000001l_rc_rotated	15395	21
atg000001l_rc_rotated	15396	21
atg000001l_rc_rotated	15397	21
atg000001l_rc_rotated	15398	21
atg000001l_rc_rotated	15399	21
atg000001l_rc_rotated	15400	21
atg000001l_rc_rotated	15401	21
atg000001l_rc_rotated	15402	21
atg000001l_rc_rotated	15403	21
atg000001l_rc_rotated	15404	21
atg000001l_rc_rotated	15405	21
atg000001l_rc_rotated	15406	21
atg000001l_rc_rotated	15407	21
atg000001l_rc_rotated	15408	21
atg000001l_rc_rotated	15409	21
atg000001l_rc_rotated	15410	21
atg000001l_rc_rotated	15411	21
atg000001l_rc_rotated	15412	21
atg000001l_rc_rotated	15413	21
atg000001l_rc_rotated	15414	21
atg000001l_rc_rotated	15415	21
atg000001l_rc_rotated	15416	21
atg000001l_rc_rotated	15417	21
atg000001l_rc_rotated	15418	21
atg000001l_rc_rotated	15419	21
atg000001l_rc_rotated	15420	21
atg000001l_rc_rotated	15421	21
atg000001l_rc_rotated	15422	21
atg000001l_rc_rotated	15423	21
atg000001l_rc_rotated	15424	21
atg000001l_rc_rotated	15425	21
atg000001l_rc_rotated	15426	21
atg000001l_rc_rotated	15427	21
atg000001l_rc_rotated	15428	21
atg000001l_rc_rotated	15429	21
atg000001l_rc_rotated	15430	21
atg000001l_rc_rotated	15431	21
atg000001l_rc_rotated	15432	21
atg000001l_rc_rotated	15433	21
atg000001l_rc_rotated	15434	21
atg000001l_rc_rotated	15435	21
atg000001l_rc_rotated	15436	21
atg000001l_rc_rotated	15437	21
atg000001l_rc_rotated	15438	21
atg000001l_rc_rotated	15439	21
atg000001l_rc_rotated	15440	21
atg000001l_rc_rotated	15441	21
atg000001l_rc_rotated	15442	21
atg000001l_rc_rotated	15443	21
atg000001l_rc_rotated	15444	21
atg000001l_rc_rotated	15445	21
atg000001l_rc_rotated	15446	21
atg000001l_rc_rotated	15447	21
atg000001l_rc_rotated	15448	21
atg000001l_rc_rotated	15449	21
atg000001l_rc_rotated	15450	21
atg000001l_rc_rotated	15451	21
atg000001l_rc_rotated	15452	21
atg000001l_rc_rotated	15453	21
atg000001l_rc_rotated	15454	21
atg000001l_rc_rotated	15455	21
atg000001l_rc_rotated	15456	21
atg000001l_rc_rotated	15457	21
atg000001l_rc_rotated	15458	21
atg000001l_rc_rotated	15459	21
atg000001l_rc_rotated	15460	21
atg000001l_rc_rotated	15461	21
atg000001l_rc_rotated	15462	21
atg000001l_rc_rotated	15463	21
atg000001l_rc_rotated	15464	21
atg000001l_rc_rotated	15465	21
atg000001l_rc_rotated	15466	21
atg000001l_rc_rotated	15467	21
atg000001l_rc_rotated	15468	21
atg000001l_rc_rotated	15469	21
atg000001l_rc_rotated	15470	21
atg000001l_rc_rotated	15471	21
atg000001l_rc_rotated	15472	21
atg000001l_rc_rotated	15473	21
atg000001l_rc_rotated	15474	21
atg000001l_rc_rotated	15475	21
atg000001l_rc_rotated	15476	21
atg000001l_rc_rotated	15477	21
atg000001l_rc_rotated	15478	21
atg000001l_rc_rotated	15479	21
atg000001l_rc_rotated	15480	21
atg000001l_rc_rotated	15481	21
atg000001l_rc_rotated	15482	21
atg000001l_rc_rotated	15483	21
atg000001l_rc_rotated	15484	21
atg000001l_rc_rotated	15485	21
atg000001l_rc_rotated	15486	21
atg000001l_rc_rotated	15487	21
atg000001l_rc_rotated	15488	21
atg000001l_rc_rotated	15489	21
atg000001l_rc_rotated	15490	21
atg000001l_rc_rotated	15491	21
atg000001l_rc_rotated	15492	21
atg000001l_rc_rotated	15493	21
atg000001l_rc_rotated	15494	21
atg000001l_rc_rotated	15495	21
atg000001l_rc_rotated	15496	21
atg000001l_rc_rotated	15497	21
atg000001l_rc_rotated	15498	21
atg000001l_rc_rotated	15499	21
atg000001l_rc_rotated	15500	21
atg000001l_rc_rotated	15501	21
atg000001l_rc_rotated	15502	21
atg000001l_rc_rotated	15503	21
atg000001l_rc_rotated	15504	21
atg000001l_rc_rotated	15505	21
atg000001l_rc_rotated	15506	21
atg000001l_rc_rotated	15507	21
atg000001l_rc_rotated	15508	21
atg000001l_rc_rotated	15509	21
atg000001l_rc_rotated	15510	21
atg000001l_rc_rotated	15511	21
atg000001l_rc_rotated	15512	21
atg000001l_rc_rotated	15513	21
atg000001l_rc_rotated	15514	21
atg000001l_rc_rotated	15515	21
atg000001l_rc_rotated	15516	21
atg000001l_rc_rotated	15517	21
atg000001l_rc_rotated	15518	21
atg000001l_rc_rotated	15519	21
atg000001l_rc_rotated	15520	21
atg000001l_rc_rotated	15521	21
atg000001l_rc_rotated	15522	21
atg000001l_rc_rotated	15523	21
atg000001l_rc_rotated	15524	21
atg000001l_rc_rotated	15525	21
atg000001l_rc_rotated	15526	21
atg000001l_rc_rotated	15527	21
atg000001l_rc_rotated	15528	21
atg000001l_rc_rotated	15529	21
atg000001l_rc_rotated	15530	21
atg000001l_rc_rotated	15531	21
atg000001l_rc_rotated	15532	21
atg000001l_rc_rotated	15533	21
atg000001l_rc_rotated	15534	21
atg000001l_rc_rotated	15535	21
atg000001l_rc_rotated	15536	21
atg000001l_rc_rotated	15537	21
atg000001l_rc_rotated	15538	21
atg000001l_rc_rotated	15539	21
atg000001l_rc_rotated	15540	21
atg000001l_rc_rotated	15541	21
atg000001l_rc_rotated	15542	21
atg000001l_rc_rotated	15543	21
atg000001l_rc_rotated	15544	21
atg000001l_rc_rotated	15545	21
atg000001l_rc_rotated	15546	21
atg000001l_rc_rotated	15547	21
atg000001l_rc_rotated	15548	21
atg000001l_rc_rotated	15549	21
atg000001l_rc_rotated	15550	21
atg000001l_rc_rotated	15551	21
atg000001l_rc_rotated	15552	21
atg000001l_rc_rotated	15553	21
atg000001l_rc_rotated	15554	21
atg000001l_rc_rotated	15555	21
atg000001l_rc_rotated	15556	21
atg000001l_rc_rotated	15557	21
atg000001l_rc_rotated	15558	21
atg000001l_rc_rotated	15559	21
atg000001l_rc_rotated	15560	21
atg000001l_rc_rotated	15561	21
atg000001l_rc_rotated	15562	21
atg000001l_rc_rotated	15563	21
atg000001l_rc_rotated	15564	21
atg000001l_rc_rotated	15565	21
atg000001l_rc_rotated	15566	21
atg000001l_rc_rotated	15567	21
atg000001l_rc_rotated	15568	21
atg000001l_rc_rotated	15569	21
atg000001l_rc_rotated	15570	21
atg000001l_rc_rotated	15571	21
atg000001l_rc_rotated	15572	21
atg000001l_rc_rotated	15573	21
atg000001l_rc_rotated	15574	21
atg000001l_rc_rotated	15575	21
atg000001l_rc_rotated	15576	21
atg000001l_rc_rotated	15577	21
atg000001l_rc_rotated	15578	21
atg000001l_rc_rotated	15579	21
atg000001l_rc_rotated	15580	21
atg000001l_rc_rotated	15581	21
atg000001l_rc_rotated	15582	21
atg000001l_rc_rotated	15583	21
atg000001l_rc_rotated	15584	21
atg000001l_rc_rotated	15585	21
atg000001l_rc_rotated	15586	21
atg000001l_rc_rotated	15587	21
atg000001l_rc_rotated	15588	21
atg000001l_rc_rotated	15589	21
atg000001l_rc_rotated	15590	21
atg000001l_rc_rotated	15591	21
atg000001l_rc_rotated	15592	21
atg000001l_rc_rotated	15593	21
atg000001l_rc_rotated	15594	21
atg000001l_rc_rotated	15595	21
atg000001l_rc_rotated	15596	21
atg000001l_rc_rotated	15597	21
atg000001l_rc_rotated	15598	21
atg000001l_rc_rotated	15599	21
atg000001l_rc_rotated	15600	21
atg000001l_rc_rotated	15601	21
atg000001l_rc_rotated	15602	21
atg000001l_rc_rotated	15603	21
atg000001l_rc_rotated	15604	21
atg000001l_rc_rotated	15605	21
atg000001l_rc_rotated	15606	21
atg000001l_rc_rotated	15607	21
atg000001l_rc_rotated	15608	21
atg000001l_rc_rotated	15609	21
atg000001l_rc_rotated	15610	21
atg000001l_rc_rotated	15611	21
atg000001l_rc_rotated	15612	21
atg000001l_rc_rotated	15613	21
atg000001l_rc_rotated	15614	21
atg000001l_rc_rotated	15615	21
atg000001l_rc_rotated	15616	21
atg000001l_rc_rotated	15617	21
atg000001l_rc_rotated	15618	21
atg000001l_rc_rotated	15619	21
atg000001l_rc_rotated	15620	21
atg000001l_rc_rotated	15621	21
atg000001l_rc_rotated	15622	21
atg000001l_rc_rotated	15623	21
atg000001l_rc_rotated	15624	21
atg000001l_rc_rotated	15625	21
atg000001l_rc_rotated	15626	21
atg000001l_rc_rotated	15627	21
atg000001l_rc_rotated	15628	21
atg000001l_rc_rotated	15629	21
atg000001l_rc_rotated	15630	21
atg000001l_rc_rotated	15631	21
atg000001l_rc_rotated	15632	21
atg000001l_rc_rotated	15633	21
atg000001l_rc_rotated	15634	21
atg000001l_rc_rotated	15635	21
atg000001l_rc_rotated	15636	21
atg000001l_rc_rotated	15637	21
atg000001l_rc_rotated	15638	21
atg000001l_rc_rotated	15639	21
atg000001l_rc_rotated	15640	21
atg000001l_rc_rotated	15641	21
atg000001l_rc_rotated	15642	21
atg000001l_rc_rotated	15643	21
atg000001l_rc_rotated	15644	21
atg000001l_rc_rotated	15645	21
atg000001l_rc_rotated	15646	21
atg000001l_rc_rotated	15647	21
atg000001l_rc_rotated	15648	21
atg000001l_rc_rotated	15649	21
atg000001l_rc_rotated	15650	21
atg000001l_rc_rotated	15651	21
atg000001l_rc_rotated	15652	21
atg000001l_rc_rotated	15653	21
atg000001l_rc_rotated	15654	21
atg000001l_rc_rotated	15655	21
atg000001l_rc_rotated	15656	21
atg000001l_rc_rotated	15657	21
atg000001l_rc_rotated	15658	21
atg000001l_rc_rotated	15659	21
atg000001l_rc_rotated	15660	21
atg000001l_rc_rotated	15661	21
atg000001l_rc_rotated	15662	21
atg000001l_rc_rotated	15663	21
atg000001l_rc_rotated	15664	21
atg000001l_rc_rotated	15665	21
atg000001l_rc_rotated	15666	21
atg000001l_rc_rotated	15667	21
atg000001l_rc_rotated	15668	21
atg000001l_rc_rotated	15669	21
atg000001l_rc_rotated	15670	21
atg000001l_rc_rotated	15671	21
atg000001l_rc_rotated	15672	21
atg000001l_rc_rotated	15673	21
atg000001l_rc_rotated	15674	21
atg000001l_rc_rotated	15675	21
atg000001l_rc_rotated	15676	21
atg000001l_rc_rotated	15677	21
atg000001l_rc_rotated	15678	21
atg000001l_rc_rotated	15679	21
atg000001l_rc_rotated	15680	21
atg000001l_rc_rotated	15681	21
atg000001l_rc_rotated	15682	21
atg000001l_rc_rotated	15683	21
atg000001l_rc_rotated	15684	21
atg000001l_rc_rotated	15685	21
atg000001l_rc_rotated	15686	21
atg000001l_rc_rotated	15687	21
atg000001l_rc_rotated	15688	21
atg000001l_rc_rotated	15689	21
atg000001l_rc_rotated	15690	21
atg000001l_rc_rotated	15691	21
atg000001l_rc_rotated	15692	21
atg000001l_rc_rotated	15693	21
atg000001l_rc_rotated	15694	21
atg000001l_rc_rotated	15695	21
atg000001l_rc_rotated	15696	21
atg000001l_rc_rotated	15697	21
atg000001l_rc_rotated	15698	21
atg000001l_rc_rotated	15699	21
atg000001l_rc_rotated	15700	21
atg000001l_rc_rotated	15701	21
atg000001l_rc_rotated	15702	21
atg000001l_rc_rotated	15703	21
atg000001l_rc_rotated	15704	21
atg000001l_rc_rotated	15705	21
atg000001l_rc_rotated	15706	21
atg000001l_rc_rotated	15707	21
atg000001l_rc_rotated	15708	21
atg000001l_rc_rotated	15709	21
atg000001l_rc_rotated	15710	21
atg000001l_rc_rotated	15711	21
atg000001l_rc_rotated	15712	21
atg000001l_rc_rotated	15713	21
atg000001l_rc_rotated	15714	21
atg000001l_rc_rotated	15715	21
atg000001l_rc_rotated	15716	21
atg000001l_rc_rotated	15717	21
atg000001l_rc_rotated	15718	21
atg000001l_rc_rotated	15719	21
atg000001l_rc_rotated	15720	21
atg000001l_rc_rotated	15721	21
atg000001l_rc_rotated	15722	21
atg000001l_rc_rotated	15723	21
atg000001l_rc_rotated	15724	21
atg000001l_rc_rotated	15725	21
atg000001l_rc_rotated	15726	21
atg000001l_rc_rotated	15727	21
atg000001l_rc_rotated	15728	21
atg000001l_rc_rotated	15729	21
atg000001l_rc_rotated	15730	21
atg000001l_rc_rotated	15731	21
atg000001l_rc_rotated	15732	21
atg000001l_rc_rotated	15733	21
atg000001l_rc_rotated	15734	21
atg000001l_rc_rotated	15735	21
atg000001l_rc_rotated	15736	21
atg000001l_rc_rotated	15737	21
atg000001l_rc_rotated	15738	21
atg000001l_rc_rotated	15739	21
atg000001l_rc_rotated	15740	21
atg000001l_rc_rotated	15741	21
atg000001l_rc_rotated	15742	21
atg000001l_rc_rotated	15743	21
atg000001l_rc_rotated	15744	21
atg000001l_rc_rotated	15745	21
atg000001l_rc_rotated	15746	21
atg000001l_rc_rotated	15747	21
atg000001l_rc_rotated	15748	21
atg000001l_rc_rotated	15749	21
atg000001l_rc_rotated	15750	21
atg000001l_rc_rotated	15751	21
atg000001l_rc_rotated	15752	21
atg000001l_rc_rotated	15753	21
atg000001l_rc_rotated	15754	21
atg000001l_rc_rotated	15755	21
atg000001l_rc_rotated	15756	21
atg000001l_rc_rotated	15757	21
atg000001l_rc_rotated	15758	21
atg000001l_rc_rotated	15759	21
atg000001l_rc_rotated	15760	21
atg000001l_rc_rotated	15761	21
atg000001l_rc_rotated	15762	21
atg000001l_rc_rotated	15763	21
atg000001l_rc_rotated	15764	21
atg000001l_rc_rotated	15765	21
atg000001l_rc_rotated	15766	21
atg000001l_rc_rotated	15767	21
atg000001l_rc_rotated	15768	21
atg000001l_rc_rotated	15769	21
atg000001l_rc_rotated	15770	21
atg000001l_rc_rotated	15771	21
atg000001l_rc_rotated	15772	21
atg000001l_rc_rotated	15773	21
atg000001l_rc_rotated	15774	21
atg000001l_rc_rotated	15775	21
atg000001l_rc_rotated	15776	21
atg000001l_rc_rotated	15777	21
atg000001l_rc_rotated	15778	21
atg000001l_rc_rotated	15779	21
atg000001l_rc_rotated	15780	21
atg000001l_rc_rotated	15781	21
atg000001l_rc_rotated	15782	21
atg000001l_rc_rotated	15783	21
atg000001l_rc_rotated	15784	21
atg000001l_rc_rotated	15785	21
atg000001l_rc_rotated	15786	21
atg000001l_rc_rotated	15787	21
atg000001l_rc_rotated	15788	21
atg000001l_rc_rotated	15789	21
atg000001l_rc_rotated	15790	21
atg000001l_rc_rotated	15791	21
atg000001l_rc_rotated	15792	21
atg000001l_rc_rotated	15793	21
atg000001l_rc_rotated	15794	21
atg000001l_rc_rotated	15795	21
atg000001l_rc_rotated	15796	21
atg000001l_rc_rotated	15797	21
atg000001l_rc_rotated	15798	21
atg000001l_rc_rotated	15799	21
atg000001l_rc_rotated	15800	21
atg000001l_rc_rotated	15801	21
atg000001l_rc_rotated	15802	21
atg000001l_rc_rotated	15803	21
atg000001l_rc_rotated	15804	21
atg000001l_rc_rotated	15805	21
atg000001l_rc_rotated	15806	21
atg000001l_rc_rotated	15807	21
atg000001l_rc_rotated	15808	21
atg000001l_rc_rotated	15809	21
atg000001l_rc_rotated	15810	21
atg000001l_rc_rotated	15811	21
atg000001l_rc_rotated	15812	21
atg000001l_rc_rotated	15813	21
atg000001l_rc_rotated	15814	21
atg000001l_rc_rotated	15815	21
atg000001l_rc_rotated	15816	21
atg000001l_rc_rotated	15817	20
atg000001l_rc_rotated	15818	20
atg000001l_rc_rotated	15819	20
atg000001l_rc_rotated	15820	20
atg000001l_rc_rotated	15821	20
atg000001l_rc_rotated	15822	20
atg000001l_rc_rotated	15823	20
atg000001l_rc_rotated	15824	20
atg000001l_rc_rotated	15825	20
atg000001l_rc_rotated	15826	20
atg000001l_rc_rotated	15827	20
atg000001l_rc_rotated	15828	20
atg000001l_rc_rotated	15829	20
atg000001l_rc_rotated	15830	20
atg000001l_rc_rotated	15831	20
atg000001l_rc_rotated	15832	20
atg000001l_rc_rotated	15833	20
atg000001l_rc_rotated	15834	20
atg000001l_rc_rotated	15835	20
atg000001l_rc_rotated	15836	20
atg000001l_rc_rotated	15837	20
atg000001l_rc_rotated	15838	20
atg000001l_rc_rotated	15839	20
atg000001l_rc_rotated	15840	20
atg000001l_rc_rotated	15841	20
atg000001l_rc_rotated	15842	20
atg000001l_rc_rotated	15843	20
atg000001l_rc_rotated	15844	20
atg000001l_rc_rotated	15845	20
atg000001l_rc_rotated	15846	20
atg000001l_rc_rotated	15847	20
atg000001l_rc_rotated	15848	20
atg000001l_rc_rotated	15849	20
atg000001l_rc_rotated	15850	20
atg000001l_rc_rotated	15851	20
atg000001l_rc_rotated	15852	20
atg000001l_rc_rotated	15853	20
atg000001l_rc_rotated	15854	20
atg000001l_rc_rotated	15855	20
atg000001l_rc_rotated	15856	20
atg000001l_rc_rotated	15857	20
atg000001l_rc_rotated	15858	20
atg000001l_rc_rotated	15859	20
atg000001l_rc_rotated	15860	20
atg000001l_rc_rotated	15861	20
atg000001l_rc_rotated	15862	20
atg000001l_rc_rotated	15863	20
atg000001l_rc_rotated	15864	20
atg000001l_rc_rotated	15865	20
atg000001l_rc_rotated	15866	20
atg000001l_rc_rotated	15867	20
atg000001l_rc_rotated	15868	20
atg000001l_rc_rotated	15869	20
atg000001l_rc_rotated	15870	20
atg000001l_rc_rotated	15871	20
atg000001l_rc_rotated	15872	20
atg000001l_rc_rotated	15873	20
atg000001l_rc_rotated	15874	20
atg000001l_rc_rotated	15875	20
atg000001l_rc_rotated	15876	20
atg000001l_rc_rotated	15877	20
atg000001l_rc_rotated	15878	20
atg000001l_rc_rotated	15879	20
atg000001l_rc_rotated	15880	20
atg000001l_rc_rotated	15881	20
atg000001l_rc_rotated	15882	20
atg000001l_rc_rotated	15883	20
atg000001l_rc_rotated	15884	20
atg000001l_rc_rotated	15885	20
atg000001l_rc_rotated	15886	20
atg000001l_rc_rotated	15887	20
atg000001l_rc_rotated	15888	20
atg000001l_rc_rotated	15889	20
atg000001l_rc_rotated	15890	20
atg000001l_rc_rotated	15891	20
atg000001l_rc_rotated	15892	20
atg000001l_rc_rotated	15893	20
atg000001l_rc_rotated	15894	20
atg000001l_rc_rotated	15895	20
atg000001l_rc_rotated	15896	20
atg000001l_rc_rotated	15897	20
atg000001l_rc_rotated	15898	20
atg000001l_rc_rotated	15899	20
atg000001l_rc_rotated	15900	20
atg000001l_rc_rotated	15901	20
atg000001l_rc_rotated	15902	20
atg000001l_rc_rotated	15903	20
atg000001l_rc_rotated	15904	20
atg000001l_rc_rotated	15905	20
atg000001l_rc_rotated	15906	20
atg000001l_rc_rotated	15907	20
atg000001l_rc_rotated	15908	20
atg000001l_rc_rotated	15909	20
atg000001l_rc_rotated	15910	20
atg000001l_rc_rotated	15911	20
atg000001l_rc_rotated	15912	20
atg000001l_rc_rotated	15913	20
atg000001l_rc_rotated	15914	20
atg000001l_rc_rotated	15915	20
atg000001l_rc_rotated	15916	20
atg000001l_rc_rotated	15917	20
atg000001l_rc_rotated	15918	20
atg000001l_rc_rotated	15919	20
atg000001l_rc_rotated	15920	20
atg000001l_rc_rotated	15921	20
atg000001l_rc_rotated	15922	20
atg000001l_rc_rotated	15923	20
atg000001l_rc_rotated	15924	20
atg000001l_rc_rotated	15925	20
atg000001l_rc_rotated	15926	20
atg000001l_rc_rotated	15927	20
atg000001l_rc_rotated	15928	20
atg000001l_rc_rotated	15929	20
atg000001l_rc_rotated	15930	20
atg000001l_rc_rotated	15931	20
atg000001l_rc_rotated	15932	20
atg000001l_rc_rotated	15933	20
atg000001l_rc_rotated	15934	20
atg000001l_rc_rotated	15935	20
atg000001l_rc_rotated	15936	20
atg000001l_rc_rotated	15937	20
atg000001l_rc_rotated	15938	20
atg000001l_rc_rotated	15939	20
atg000001l_rc_rotated	15940	20
atg000001l_rc_rotated	15941	20
atg000001l_rc_rotated	15942	20
atg000001l_rc_rotated	15943	20
atg000001l_rc_rotated	15944	20
atg000001l_rc_rotated	15945	20
atg000001l_rc_rotated	15946	20
atg000001l_rc_rotated	15947	20
atg000001l_rc_rotated	15948	20
atg000001l_rc_rotated	15949	20
atg000001l_rc_rotated	15950	20
atg000001l_rc_rotated	15951	20
atg000001l_rc_rotated	15952	20
atg000001l_rc_rotated	15953	20
atg000001l_rc_rotated	15954	20
atg000001l_rc_rotated	15955	20
atg000001l_rc_rotated	15956	20
atg000001l_rc_rotated	15957	20
atg000001l_rc_rotated	15958	20
atg000001l_rc_rotated	15959	20
atg000001l_rc_rotated	15960	20
atg000001l_rc_rotated	15961	20
atg000001l_rc_rotated	15962	20
atg000001l_rc_rotated	15963	20
atg000001l_rc_rotated	15964	20
atg000001l_rc_rotated	15965	20
atg000001l_rc_rotated	15966	20
atg000001l_rc_rotated	15967	20
atg000001l_rc_rotated	15968	20
atg000001l_rc_rotated	15969	20
atg000001l_rc_rotated	15970	20
atg000001l_rc_rotated	15971	20
atg000001l_rc_rotated	15972	20
atg000001l_rc_rotated	15973	20
atg000001l_rc_rotated	15974	20
atg000001l_rc_rotated	15975	20
atg000001l_rc_rotated	15976	20
atg000001l_rc_rotated	15977	20
atg000001l_rc_rotated	15978	20
atg000001l_rc_rotated	15979	20
atg000001l_rc_rotated	15980	20
atg000001l_rc_rotated	15981	20
atg000001l_rc_rotated	15982	20
atg000001l_rc_rotated	15983	20
atg000001l_rc_rotated	15984	20
atg000001l_rc_rotated	15985	20
atg000001l_rc_rotated	15986	20
atg000001l_rc_rotated	15987	20
atg000001l_rc_rotated	15988	20
atg000001l_rc_rotated	15989	20
atg000001l_rc_rotated	15990	20
atg000001l_rc_rotated	15991	20
atg000001l_rc_rotated	15992	20
atg000001l_rc_rotated	15993	20
atg000001l_rc_rotated	15994	20
atg000001l_rc_rotated	15995	20
atg000001l_rc_rotated	15996	20
atg000001l_rc_rotated	15997	20
atg000001l_rc_rotated	15998	20
atg000001l_rc_rotated	15999	20
atg000001l_rc_rotated	16000	20
atg000001l_rc_rotated	16001	20
atg000001l_rc_rotated	16002	20
atg000001l_rc_rotated	16003	20
atg000001l_rc_rotated	16004	20
atg000001l_rc_rotated	16005	20
atg000001l_rc_rotated	16006	20
atg000001l_rc_rotated	16007	20
atg000001l_rc_rotated	16008	20
atg000001l_rc_rotated	16009	20
atg000001l_rc_rotated	16010	20
atg000001l_rc_rotated	16011	20
atg000001l_rc_rotated	16012	20
atg000001l_rc_rotated	16013	20
atg000001l_rc_rotated	16014	20
atg000001l_rc_rotated	16015	20
atg000001l_rc_rotated	16016	20
atg000001l_rc_rotated	16017	20
atg000001l_rc_rotated	16018	20
atg000001l_rc_rotated	16019	20
atg000001l_rc_rotated	16020	20
atg000001l_rc_rotated	16021	20
atg000001l_rc_rotated	16022	20
atg000001l_rc_rotated	16023	20
atg000001l_rc_rotated	16024	20
atg000001l_rc_rotated	16025	20
atg000001l_rc_rotated	16026	20
atg000001l_rc_rotated	16027	20
atg000001l_rc_rotated	16028	20
atg000001l_rc_rotated	16029	20
atg000001l_rc_rotated	16030	20
atg000001l_rc_rotated	16031	20
atg000001l_rc_rotated	16032	20
atg000001l_rc_rotated	16033	20
atg000001l_rc_rotated	16034	20
atg000001l_rc_rotated	16035	20
atg000001l_rc_rotated	16036	20
atg000001l_rc_rotated	16037	20
atg000001l_rc_rotated	16038	20
atg000001l_rc_rotated	16039	20
atg000001l_rc_rotated	16040	20
atg000001l_rc_rotated	16041	20
atg000001l_rc_rotated	16042	20
atg000001l_rc_rotated	16043	20
atg000001l_rc_rotated	16044	20
atg000001l_rc_rotated	16045	20
atg000001l_rc_rotated	16046	20
atg000001l_rc_rotated	16047	20
atg000001l_rc_rotated	16048	20
atg000001l_rc_rotated	16049	20
atg000001l_rc_rotated	16050	19
atg000001l_rc_rotated	16051	19
atg000001l_rc_rotated	16052	19
atg000001l_rc_rotated	16053	19
atg000001l_rc_rotated	16054	19
atg000001l_rc_rotated	16055	20
atg000001l_rc_rotated	16056	20
atg000001l_rc_rotated	16057	20
atg000001l_rc_rotated	16058	20
atg000001l_rc_rotated	16059	20
atg000001l_rc_rotated	16060	20
atg000001l_rc_rotated	16061	20
atg000001l_rc_rotated	16062	20
atg000001l_rc_rotated	16063	20
atg000001l_rc_rotated	16064	20
atg000001l_rc_rotated	16065	20
atg000001l_rc_rotated	16066	20
atg000001l_rc_rotated	16067	20
atg000001l_rc_rotated	16068	20
atg000001l_rc_rotated	16069	20
atg000001l_rc_rotated	16070	20
atg000001l_rc_rotated	16071	20
atg000001l_rc_rotated	16072	20
atg000001l_rc_rotated	16073	20
atg000001l_rc_rotated	16074	20
atg000001l_rc_rotated	16075	20
atg000001l_rc_rotated	16076	20
atg000001l_rc_rotated	16077	20
atg000001l_rc_rotated	16078	20
atg000001l_rc_rotated	16079	20
atg000001l_rc_rotated	16080	20
atg000001l_rc_rotated	16081	20
atg000001l_rc_rotated	16082	20
atg000001l_rc_rotated	16083	20
atg000001l_rc_rotated	16084	20
atg000001l_rc_rotated	16085	20
atg000001l_rc_rotated	16086	20
atg000001l_rc_rotated	16087	20
atg000001l_rc_rotated	16088	20
atg000001l_rc_rotated	16089	20
atg000001l_rc_rotated	16090	21
atg000001l_rc_rotated	16091	21
atg000001l_rc_rotated	16092	21
atg000001l_rc_rotated	16093	21
atg000001l_rc_rotated	16094	21
atg000001l_rc_rotated	16095	21
atg000001l_rc_rotated	16096	21
atg000001l_rc_rotated	16097	21
atg000001l_rc_rotated	16098	21
atg000001l_rc_rotated	16099	21
atg000001l_rc_rotated	16100	21
atg000001l_rc_rotated	16101	21
atg000001l_rc_rotated	16102	21
atg000001l_rc_rotated	16103	21
atg000001l_rc_rotated	16104	21
atg000001l_rc_rotated	16105	21
atg000001l_rc_rotated	16106	21
atg000001l_rc_rotated	16107	21
atg000001l_rc_rotated	16108	21
atg000001l_rc_rotated	16109	21
atg000001l_rc_rotated	16110	21
atg000001l_rc_rotated	16111	21
atg000001l_rc_rotated	16112	21
atg000001l_rc_rotated	16113	21
atg000001l_rc_rotated	16114	21
atg000001l_rc_rotated	16115	21
atg000001l_rc_rotated	16116	21
atg000001l_rc_rotated	16117	21
atg000001l_rc_rotated	16118	21
atg000001l_rc_rotated	16119	21
atg000001l_rc_rotated	16120	21
atg000001l_rc_rotated	16121	21
atg000001l_rc_rotated	16122	21
atg000001l_rc_rotated	16123	21
atg000001l_rc_rotated	16124	21
atg000001l_rc_rotated	16125	21
atg000001l_rc_rotated	16126	21
atg000001l_rc_rotated	16127	21
atg000001l_rc_rotated	16128	21
atg000001l_rc_rotated	16129	21
atg000001l_rc_rotated	16130	21
atg000001l_rc_rotated	16131	21
atg000001l_rc_rotated	16132	21
atg000001l_rc_rotated	16133	21
atg000001l_rc_rotated	16134	21
atg000001l_rc_rotated	16135	21
atg000001l_rc_rotated	16136	21
atg000001l_rc_rotated	16137	21
atg000001l_rc_rotated	16138	21
atg000001l_rc_rotated	16139	21
atg000001l_rc_rotated	16140	21
atg000001l_rc_rotated	16141	21
atg000001l_rc_rotated	16142	21
atg000001l_rc_rotated	16143	21
atg000001l_rc_rotated	16144	21
atg000001l_rc_rotated	16145	21
atg000001l_rc_rotated	16146	21
atg000001l_rc_rotated	16147	21
atg000001l_rc_rotated	16148	21
atg000001l_rc_rotated	16149	21
atg000001l_rc_rotated	16150	21
atg000001l_rc_rotated	16151	21
atg000001l_rc_rotated	16152	21
atg000001l_rc_rotated	16153	21
atg000001l_rc_rotated	16154	21
atg000001l_rc_rotated	16155	21
atg000001l_rc_rotated	16156	21
atg000001l_rc_rotated	16157	21
atg000001l_rc_rotated	16158	21
atg000001l_rc_rotated	16159	21
atg000001l_rc_rotated	16160	21
atg000001l_rc_rotated	16161	21
atg000001l_rc_rotated	16162	21
atg000001l_rc_rotated	16163	21
atg000001l_rc_rotated	16164	21
atg000001l_rc_rotated	16165	21
atg000001l_rc_rotated	16166	21
atg000001l_rc_rotated	16167	21
atg000001l_rc_rotated	16168	21
atg000001l_rc_rotated	16169	21
atg000001l_rc_rotated	16170	21
atg000001l_rc_rotated	16171	21
atg000001l_rc_rotated	16172	21
atg000001l_rc_rotated	16173	21
atg000001l_rc_rotated	16174	21
atg000001l_rc_rotated	16175	21
atg000001l_rc_rotated	16176	21
atg000001l_rc_rotated	16177	21
atg000001l_rc_rotated	16178	21
atg000001l_rc_rotated	16179	21
atg000001l_rc_rotated	16180	21
atg000001l_rc_rotated	16181	21
atg000001l_rc_rotated	16182	21
atg000001l_rc_rotated	16183	21
atg000001l_rc_rotated	16184	21
atg000001l_rc_rotated	16185	21
atg000001l_rc_rotated	16186	21
atg000001l_rc_rotated	16187	21
atg000001l_rc_rotated	16188	21
atg000001l_rc_rotated	16189	21
atg000001l_rc_rotated	16190	21
atg000001l_rc_rotated	16191	21
atg000001l_rc_rotated	16192	21
atg000001l_rc_rotated	16193	21
atg000001l_rc_rotated	16194	21
atg000001l_rc_rotated	16195	21
atg000001l_rc_rotated	16196	21
atg000001l_rc_rotated	16197	21
atg000001l_rc_rotated	16198	21
atg000001l_rc_rotated	16199	21
atg000001l_rc_rotated	16200	21
atg000001l_rc_rotated	16201	21
atg000001l_rc_rotated	16202	21
atg000001l_rc_rotated	16203	21
atg000001l_rc_rotated	16204	21
atg000001l_rc_rotated	16205	21
atg000001l_rc_rotated	16206	21
atg000001l_rc_rotated	16207	21
atg000001l_rc_rotated	16208	21
atg000001l_rc_rotated	16209	21
atg000001l_rc_rotated	16210	21
atg000001l_rc_rotated	16211	21
atg000001l_rc_rotated	16212	21
atg000001l_rc_rotated	16213	21
atg000001l_rc_rotated	16214	21
atg000001l_rc_rotated	16215	21
atg000001l_rc_rotated	16216	21
atg000001l_rc_rotated	16217	21
atg000001l_rc_rotated	16218	21
atg000001l_rc_rotated	16219	21
atg000001l_rc_rotated	16220	21
atg000001l_rc_rotated	16221	21
atg000001l_rc_rotated	16222	21
atg000001l_rc_rotated	16223	21
atg000001l_rc_rotated	16224	21
atg000001l_rc_rotated	16225	21
atg000001l_rc_rotated	16226	21
atg000001l_rc_rotated	16227	21
atg000001l_rc_rotated	16228	21
atg000001l_rc_rotated	16229	21
atg000001l_rc_rotated	16230	21
atg000001l_rc_rotated	16231	21
atg000001l_rc_rotated	16232	21
atg000001l_rc_rotated	16233	21
atg000001l_rc_rotated	16234	21
atg000001l_rc_rotated	16235	21
atg000001l_rc_rotated	16236	21
atg000001l_rc_rotated	16237	21
atg000001l_rc_rotated	16238	21
atg000001l_rc_rotated	16239	21
atg000001l_rc_rotated	16240	21
atg000001l_rc_rotated	16241	21
atg000001l_rc_rotated	16242	21
atg000001l_rc_rotated	16243	21
atg000001l_rc_rotated	16244	21
atg000001l_rc_rotated	16245	21
atg000001l_rc_rotated	16246	21
atg000001l_rc_rotated	16247	21
atg000001l_rc_rotated	16248	21
atg000001l_rc_rotated	16249	21
atg000001l_rc_rotated	16250	21
atg000001l_rc_rotated	16251	21
atg000001l_rc_rotated	16252	21
atg000001l_rc_rotated	16253	21
atg000001l_rc_rotated	16254	21
atg000001l_rc_rotated	16255	21
atg000001l_rc_rotated	16256	21
atg000001l_rc_rotated	16257	21
atg000001l_rc_rotated	16258	21
atg000001l_rc_rotated	16259	21
atg000001l_rc_rotated	16260	21
atg000001l_rc_rotated	16261	21
atg000001l_rc_rotated	16262	21
atg000001l_rc_rotated	16263	21
atg000001l_rc_rotated	16264	21
atg000001l_rc_rotated	16265	21
atg000001l_rc_rotated	16266	21
atg000001l_rc_rotated	16267	21
atg000001l_rc_rotated	16268	21
atg000001l_rc_rotated	16269	21
atg000001l_rc_rotated	16270	21
atg000001l_rc_rotated	16271	21
atg000001l_rc_rotated	16272	21
atg000001l_rc_rotated	16273	21
atg000001l_rc_rotated	16274	21
atg000001l_rc_rotated	16275	21
atg000001l_rc_rotated	16276	21
atg000001l_rc_rotated	16277	21
atg000001l_rc_rotated	16278	21
atg000001l_rc_rotated	16279	21
atg000001l_rc_rotated	16280	21
atg000001l_rc_rotated	16281	21
atg000001l_rc_rotated	16282	21
atg000001l_rc_rotated	16283	21
atg000001l_rc_rotated	16284	21
atg000001l_rc_rotated	16285	21
atg000001l_rc_rotated	16286	21
atg000001l_rc_rotated	16287	21
atg000001l_rc_rotated	16288	21
atg000001l_rc_rotated	16289	21
atg000001l_rc_rotated	16290	21
atg000001l_rc_rotated	16291	21
atg000001l_rc_rotated	16292	20
atg000001l_rc_rotated	16293	20
atg000001l_rc_rotated	16294	20
atg000001l_rc_rotated	16295	20
atg000001l_rc_rotated	16296	20
atg000001l_rc_rotated	16297	20
atg000001l_rc_rotated	16298	20
atg000001l_rc_rotated	16299	20
atg000001l_rc_rotated	16300	20
atg000001l_rc_rotated	16301	20
atg000001l_rc_rotated	16302	20
atg000001l_rc_rotated	16303	20
atg000001l_rc_rotated	16304	20
atg000001l_rc_rotated	16305	20
atg000001l_rc_rotated	16306	20
atg000001l_rc_rotated	16307	20
atg000001l_rc_rotated	16308	20
atg000001l_rc_rotated	16309	20
atg000001l_rc_rotated	16310	20
atg000001l_rc_rotated	16311	20
atg000001l_rc_rotated	16312	20
atg000001l_rc_rotated	16313	20
atg000001l_rc_rotated	16314	20
atg000001l_rc_rotated	16315	20
atg000001l_rc_rotated	16316	20
atg000001l_rc_rotated	16317	20
atg000001l_rc_rotated	16318	20
atg000001l_rc_rotated	16319	20
atg000001l_rc_rotated	16320	20
atg000001l_rc_rotated	16321	20
atg000001l_rc_rotated	16322	20
atg000001l_rc_rotated	16323	20
atg000001l_rc_rotated	16324	20
atg000001l_rc_rotated	16325	20
atg000001l_rc_rotated	16326	20
atg000001l_rc_rotated	16327	20
atg000001l_rc_rotated	16328	20
atg000001l_rc_rotated	16329	20
atg000001l_rc_rotated	16330	20
atg000001l_rc_rotated	16331	20
atg000001l_rc_rotated	16332	20
atg000001l_rc_rotated	16333	20
atg000001l_rc_rotated	16334	20
atg000001l_rc_rotated	16335	20
atg000001l_rc_rotated	16336	20
atg000001l_rc_rotated	16337	20
atg000001l_rc_rotated	16338	20
atg000001l_rc_rotated	16339	20
atg000001l_rc_rotated	16340	20
atg000001l_rc_rotated	16341	20
atg000001l_rc_rotated	16342	20
atg000001l_rc_rotated	16343	20
atg000001l_rc_rotated	16344	20
atg000001l_rc_rotated	16345	20
atg000001l_rc_rotated	16346	20
atg000001l_rc_rotated	16347	20
atg000001l_rc_rotated	16348	20
atg000001l_rc_rotated	16349	20
atg000001l_rc_rotated	16350	20
atg000001l_rc_rotated	16351	20
atg000001l_rc_rotated	16352	20
atg000001l_rc_rotated	16353	20
atg000001l_rc_rotated	16354	20
atg000001l_rc_rotated	16355	20
atg000001l_rc_rotated	16356	20
atg000001l_rc_rotated	16357	20
atg000001l_rc_rotated	16358	20
atg000001l_rc_rotated	16359	20
atg000001l_rc_rotated	16360	20
atg000001l_rc_rotated	16361	20
atg000001l_rc_rotated	16362	20
atg000001l_rc_rotated	16363	20
atg000001l_rc_rotated	16364	20
atg000001l_rc_rotated	16365	20
atg000001l_rc_rotated	16366	20
atg000001l_rc_rotated	16367	20
atg000001l_rc_rotated	16368	20
atg000001l_rc_rotated	16369	20
atg000001l_rc_rotated	16370	20
atg000001l_rc_rotated	16371	20
atg000001l_rc_rotated	16372	20
atg000001l_rc_rotated	16373	20
atg000001l_rc_rotated	16374	20
atg000001l_rc_rotated	16375	20
atg000001l_rc_rotated	16376	20
atg000001l_rc_rotated	16377	20
atg000001l_rc_rotated	16378	20
atg000001l_rc_rotated	16379	20
atg000001l_rc_rotated	16380	20
atg000001l_rc_rotated	16381	19
atg000001l_rc_rotated	16382	19
atg000001l_rc_rotated	16383	19
atg000001l_rc_rotated	16384	19
atg000001l_rc_rotated	16385	19
atg000001l_rc_rotated	16386	19
atg000001l_rc_rotated	16387	19
atg000001l_rc_rotated	16388	19
atg000001l_rc_rotated	16389	19
atg000001l_rc_rotated	16390	19
atg000001l_rc_rotated	16391	19
atg000001l_rc_rotated	16392	19
atg000001l_rc_rotated	16393	19
atg000001l_rc_rotated	16394	19
atg000001l_rc_rotated	16395	19
atg000001l_rc_rotated	16396	19
atg000001l_rc_rotated	16397	19
atg000001l_rc_rotated	16398	19
atg000001l_rc_rotated	16399	19
atg000001l_rc_rotated	16400	19
atg000001l_rc_rotated	16401	19
atg000001l_rc_rotated	16402	19
atg000001l_rc_rotated	16403	19
atg000001l_rc_rotated	16404	19
atg000001l_rc_rotated	16405	19
atg000001l_rc_rotated	16406	19
atg000001l_rc_rotated	16407	19
atg000001l_rc_rotated	16408	19
atg000001l_rc_rotated	16409	19
atg000001l_rc_rotated	16410	19
atg000001l_rc_rotated	16411	19
atg000001l_rc_rotated	16412	19
atg000001l_rc_rotated	16413	19
atg000001l_rc_rotated	16414	19
atg000001l_rc_rotated	16415	19
atg000001l_rc_rotated	16416	19
atg000001l_rc_rotated	16417	19
atg000001l_rc_rotated	16418	19
atg000001l_rc_rotated	16419	19
atg000001l_rc_rotated	16420	19
atg000001l_rc_rotated	16421	19
atg000001l_rc_rotated	16422	19
atg000001l_rc_rotated	16423	19
atg000001l_rc_rotated	16424	19
atg000001l_rc_rotated	16425	19
atg000001l_rc_rotated	16426	19
atg000001l_rc_rotated	16427	19
atg000001l_rc_rotated	16428	19
atg000001l_rc_rotated	16429	19
atg000001l_rc_rotated	16430	19
atg000001l_rc_rotated	16431	19
atg000001l_rc_rotated	16432	19
atg000001l_rc_rotated	16433	19
atg000001l_rc_rotated	16434	19
atg000001l_rc_rotated	16435	19
atg000001l_rc_rotated	16436	19
atg000001l_rc_rotated	16437	19
atg000001l_rc_rotated	16438	19
atg000001l_rc_rotated	16439	19
atg000001l_rc_rotated	16440	19
atg000001l_rc_rotated	16441	19
atg000001l_rc_rotated	16442	19
atg000001l_rc_rotated	16443	19
atg000001l_rc_rotated	16444	19
atg000001l_rc_rotated	16445	19
atg000001l_rc_rotated	16446	19
atg000001l_rc_rotated	16447	19
atg000001l_rc_rotated	16448	19
atg000001l_rc_rotated	16449	19
atg000001l_rc_rotated	16450	19
atg000001l_rc_rotated	16451	19
atg000001l_rc_rotated	16452	19
atg000001l_rc_rotated	16453	19
atg000001l_rc_rotated	16454	19
atg000001l_rc_rotated	16455	19
atg000001l_rc_rotated	16456	19
atg000001l_rc_rotated	16457	19
atg000001l_rc_rotated	16458	19
atg000001l_rc_rotated	16459	19
atg000001l_rc_rotated	16460	19
atg000001l_rc_rotated	16461	19
atg000001l_rc_rotated	16462	19
atg000001l_rc_rotated	16463	19
atg000001l_rc_rotated	16464	19
atg000001l_rc_rotated	16465	19
atg000001l_rc_rotated	16466	19
atg000001l_rc_rotated	16467	19
atg000001l_rc_rotated	16468	19
atg000001l_rc_rotated	16469	19
atg000001l_rc_rotated	16470	19
atg000001l_rc_rotated	16471	19
atg000001l_rc_rotated	16472	19
atg000001l_rc_rotated	16473	19
atg000001l_rc_rotated	16474	19
atg000001l_rc_rotated	16475	19
atg000001l_rc_rotated	16476	19
atg000001l_rc_rotated	16477	19
atg000001l_rc_rotated	16478	19
atg000001l_rc_rotated	16479	19
atg000001l_rc_rotated	16480	19
atg000001l_rc_rotated	16481	19
atg000001l_rc_rotated	16482	19
atg000001l_rc_rotated	16483	19
atg000001l_rc_rotated	16484	19
atg000001l_rc_rotated	16485	19
atg000001l_rc_rotated	16486	19
atg000001l_rc_rotated	16487	19
atg000001l_rc_rotated	16488	19
atg000001l_rc_rotated	16489	19
atg000001l_rc_rotated	16490	19
atg000001l_rc_rotated	16491	19
atg000001l_rc_rotated	16492	19
atg000001l_rc_rotated	16493	19
atg000001l_rc_rotated	16494	19
atg000001l_rc_rotated	16495	19
atg000001l_rc_rotated	16496	19
atg000001l_rc_rotated	16497	19
atg000001l_rc_rotated	16498	19
atg000001l_rc_rotated	16499	19
atg000001l_rc_rotated	16500	19
atg000001l_rc_rotated	16501	19
atg000001l_rc_rotated	16502	19
atg000001l_rc_rotated	16503	19
atg000001l_rc_rotated	16504	19
atg000001l_rc_rotated	16505	19
atg000001l_rc_rotated	16506	19
atg000001l_rc_rotated	16507	19
atg000001l_rc_rotated	16508	19
atg000001l_rc_rotated	16509	19
atg000001l_rc_rotated	16510	19
atg000001l_rc_rotated	16511	19
atg000001l_rc_rotated	16512	19
atg000001l_rc_rotated	16513	19
atg000001l_rc_rotated	16514	19
atg000001l_rc_rotated	16515	19
atg000001l_rc_rotated	16516	19
atg000001l_rc_rotated	16517	19
atg000001l_rc_rotated	16518	19
atg000001l_rc_rotated	16519	19
atg000001l_rc_rotated	16520	19
atg000001l_rc_rotated	16521	19
atg000001l_rc_rotated	16522	19
atg000001l_rc_rotated	16523	19
atg000001l_rc_rotated	16524	19
atg000001l_rc_rotated	16525	19
atg000001l_rc_rotated	16526	19
atg000001l_rc_rotated	16527	19
atg000001l_rc_rotated	16528	19
atg000001l_rc_rotated	16529	19
atg000001l_rc_rotated	16530	19
atg000001l_rc_rotated	16531	19
atg000001l_rc_rotated	16532	19
atg000001l_rc_rotated	16533	19
atg000001l_rc_rotated	16534	19
atg000001l_rc_rotated	16535	19
atg000001l_rc_rotated	16536	19
atg000001l_rc_rotated	16537	19
atg000001l_rc_rotated	16538	19
atg000001l_rc_rotated	16539	19
atg000001l_rc_rotated	16540	19
atg000001l_rc_rotated	16541	19
atg000001l_rc_rotated	16542	19
atg000001l_rc_rotated	16543	19
atg000001l_rc_rotated	16544	19
atg000001l_rc_rotated	16545	19
atg000001l_rc_rotated	16546	19
atg000001l_rc_rotated	16547	19
atg000001l_rc_rotated	16548	19
atg000001l_rc_rotated	16549	19
atg000001l_rc_rotated	16550	19
atg000001l_rc_rotated	16551	19
atg000001l_rc_rotated	16552	19
atg000001l_rc_rotated	16553	19
atg000001l_rc_rotated	16554	19
atg000001l_rc_rotated	16555	19
atg000001l_rc_rotated	16556	19
atg000001l_rc_rotated	16557	19
atg000001l_rc_rotated	16558	19
atg000001l_rc_rotated	16559	19
atg000001l_rc_rotated	16560	19
atg000001l_rc_rotated	16561	19
atg000001l_rc_rotated	16562	19
atg000001l_rc_rotated	16563	19
atg000001l_rc_rotated	16564	19
atg000001l_rc_rotated	16565	19
atg000001l_rc_rotated	16566	19
atg000001l_rc_rotated	16567	19
atg000001l_rc_rotated	16568	19
atg000001l_rc_rotated	16569	19
atg000001l_rc_rotated	16570	19
atg000001l_rc_rotated	16571	19
atg000001l_rc_rotated	16572	19
atg000001l_rc_rotated	16573	19
atg000001l_rc_rotated	16574	19
atg000001l_rc_rotated	16575	19
atg000001l_rc_rotated	16576	19
atg000001l_rc_rotated	16577	19
atg000001l_rc_rotated	16578	19
atg000001l_rc_rotated	16579	19
atg000001l_rc_rotated	16580	19
atg000001l_rc_rotated	16581	19
atg000001l_rc_rotated	16582	19
atg000001l_rc_rotated	16583	19
atg000001l_rc_rotated	16584	19
atg000001l_rc_rotated	16585	19
atg000001l_rc_rotated	16586	19
atg000001l_rc_rotated	16587	19
atg000001l_rc_rotated	16588	19
atg000001l_rc_rotated	16589	19
atg000001l_rc_rotated	16590	19
atg000001l_rc_rotated	16591	19
atg000001l_rc_rotated	16592	19
atg000001l_rc_rotated	16593	19
atg000001l_rc_rotated	16594	19
atg000001l_rc_rotated	16595	19
atg000001l_rc_rotated	16596	19
atg000001l_rc_rotated	16597	19
atg000001l_rc_rotated	16598	19
atg000001l_rc_rotated	16599	19
atg000001l_rc_rotated	16600	19
atg000001l_rc_rotated	16601	19
atg000001l_rc_rotated	16602	19
atg000001l_rc_rotated	16603	19
atg000001l_rc_rotated	16604	19
atg000001l_rc_rotated	16605	20
atg000001l_rc_rotated	16606	20
atg000001l_rc_rotated	16607	20
atg000001l_rc_rotated	16608	20
atg000001l_rc_rotated	16609	20
atg000001l_rc_rotated	16610	20
atg000001l_rc_rotated	16611	20
atg000001l_rc_rotated	16612	20
atg000001l_rc_rotated	16613	20
atg000001l_rc_rotated	16614	20
atg000001l_rc_rotated	16615	20
atg000001l_rc_rotated	16616	20
atg000001l_rc_rotated	16617	20
atg000001l_rc_rotated	16618	20
atg000001l_rc_rotated	16619	20
atg000001l_rc_rotated	16620	20
atg000001l_rc_rotated	16621	20
atg000001l_rc_rotated	16622	20
atg000001l_rc_rotated	16623	20
atg000001l_rc_rotated	16624	20
atg000001l_rc_rotated	16625	20
atg000001l_rc_rotated	16626	20
atg000001l_rc_rotated	16627	20
atg000001l_rc_rotated	16628	20
atg000001l_rc_rotated	16629	20
atg000001l_rc_rotated	16630	20
atg000001l_rc_rotated	16631	20
atg000001l_rc_rotated	16632	20
atg000001l_rc_rotated	16633	20
atg000001l_rc_rotated	16634	20
atg000001l_rc_rotated	16635	20
atg000001l_rc_rotated	16636	20
atg000001l_rc_rotated	16637	20
atg000001l_rc_rotated	16638	20
atg000001l_rc_rotated	16639	20
atg000001l_rc_rotated	16640	20
atg000001l_rc_rotated	16641	20
atg000001l_rc_rotated	16642	20
atg000001l_rc_rotated	16643	20
atg000001l_rc_rotated	16644	20
atg000001l_rc_rotated	16645	20
atg000001l_rc_rotated	16646	20
atg000001l_rc_rotated	16647	20
atg000001l_rc_rotated	16648	20
atg000001l_rc_rotated	16649	20
atg000001l_rc_rotated	16650	20
atg000001l_rc_rotated	16651	20
atg000001l_rc_rotated	16652	20
atg000001l_rc_rotated	16653	20
atg000001l_rc_rotated	16654	20
atg000001l_rc_rotated	16655	20
atg000001l_rc_rotated	16656	20
atg000001l_rc_rotated	16657	20
atg000001l_rc_rotated	16658	20
atg000001l_rc_rotated	16659	20
atg000001l_rc_rotated	16660	20
atg000001l_rc_rotated	16661	20
atg000001l_rc_rotated	16662	20
atg000001l_rc_rotated	16663	20
atg000001l_rc_rotated	16664	20
atg000001l_rc_rotated	16665	20
atg000001l_rc_rotated	16666	20
atg000001l_rc_rotated	16667	20
atg000001l_rc_rotated	16668	20
atg000001l_rc_rotated	16669	20
atg000001l_rc_rotated	16670	20
atg000001l_rc_rotated	16671	20
atg000001l_rc_rotated	16672	20
atg000001l_rc_rotated	16673	20
atg000001l_rc_rotated	16674	20
atg000001l_rc_rotated	16675	20
atg000001l_rc_rotated	16676	20
atg000001l_rc_rotated	16677	20
atg000001l_rc_rotated	16678	20
atg000001l_rc_rotated	16679	20
atg000001l_rc_rotated	16680	20
atg000001l_rc_rotated	16681	20
atg000001l_rc_rotated	16682	20
atg000001l_rc_rotated	16683	20
atg000001l_rc_rotated	16684	20
atg000001l_rc_rotated	16685	20
atg000001l_rc_rotated	16686	20
atg000001l_rc_rotated	16687	20
atg000001l_rc_rotated	16688	20
atg000001l_rc_rotated	16689	20
atg000001l_rc_rotated	16690	20
atg000001l_rc_rotated	16691	20
atg000001l_rc_rotated	16692	20
atg000001l_rc_rotated	16693	20
atg000001l_rc_rotated	16694	20
atg000001l_rc_rotated	16695	20
atg000001l_rc_rotated	16696	20
atg000001l_rc_rotated	16697	20
atg000001l_rc_rotated	16698	20
atg000001l_rc_rotated	16699	20
atg000001l_rc_rotated	16700	20
atg000001l_rc_rotated	16701	20
atg000001l_rc_rotated	16702	20
atg000001l_rc_rotated	16703	20
atg000001l_rc_rotated	16704	20
atg000001l_rc_rotated	16705	20
atg000001l_rc_rotated	16706	20
atg000001l_rc_rotated	16707	20
atg000001l_rc_rotated	16708	20
atg000001l_rc_rotated	16709	20
atg000001l_rc_rotated	16710	20
atg000001l_rc_rotated	16711	20
atg000001l_rc_rotated	16712	20
atg000001l_rc_rotated	16713	20
atg000001l_rc_rotated	16714	20
atg000001l_rc_rotated	16715	20
atg000001l_rc_rotated	16716	20
atg000001l_rc_rotated	16717	20
atg000001l_rc_rotated	16718	20
atg000001l_rc_rotated	16719	20
atg000001l_rc_rotated	16720	20
atg000001l_rc_rotated	16721	20
atg000001l_rc_rotated	16722	20
atg000001l_rc_rotated	16723	20
atg000001l_rc_rotated	16724	20
atg000001l_rc_rotated	16725	20
atg000001l_rc_rotated	16726	20
atg000001l_rc_rotated	16727	20
atg000001l_rc_rotated	16728	20
atg000001l_rc_rotated	16729	20
atg000001l_rc_rotated	16730	20
atg000001l_rc_rotated	16731	20
atg000001l_rc_rotated	16732	20
atg000001l_rc_rotated	16733	20
atg000001l_rc_rotated	16734	20
atg000001l_rc_rotated	16735	20
atg000001l_rc_rotated	16736	20
atg000001l_rc_rotated	16737	20
atg000001l_rc_rotated	16738	20
atg000001l_rc_rotated	16739	20
atg000001l_rc_rotated	16740	20
atg000001l_rc_rotated	16741	20
atg000001l_rc_rotated	16742	20
atg000001l_rc_rotated	16743	20
atg000001l_rc_rotated	16744	20
atg000001l_rc_rotated	16745	20
atg000001l_rc_rotated	16746	20
atg000001l_rc_rotated	16747	20
atg000001l_rc_rotated	16748	20
atg000001l_rc_rotated	16749	20
atg000001l_rc_rotated	16750	20
atg000001l_rc_rotated	16751	20
atg000001l_rc_rotated	16752	20
atg000001l_rc_rotated	16753	20
atg000001l_rc_rotated	16754	20
atg000001l_rc_rotated	16755	20
atg000001l_rc_rotated	16756	20
atg000001l_rc_rotated	16757	20
atg000001l_rc_rotated	16758	20
atg000001l_rc_rotated	16759	20
atg000001l_rc_rotated	16760	20
atg000001l_rc_rotated	16761	20
atg000001l_rc_rotated	16762	20
atg000001l_rc_rotated	16763	20
atg000001l_rc_rotated	16764	20
atg000001l_rc_rotated	16765	20
atg000001l_rc_rotated	16766	20
atg000001l_rc_rotated	16767	20
atg000001l_rc_rotated	16768	20
atg000001l_rc_rotated	16769	20
atg000001l_rc_rotated	16770	20
atg000001l_rc_rotated	16771	20
atg000001l_rc_rotated	16772	20
atg000001l_rc_rotated	16773	20
atg000001l_rc_rotated	16774	20
atg000001l_rc_rotated	16775	20
atg000001l_rc_rotated	16776	20
atg000001l_rc_rotated	16777	20
atg000001l_rc_rotated	16778	20
atg000001l_rc_rotated	16779	20
atg000001l_rc_rotated	16780	20
atg000001l_rc_rotated	16781	20
atg000001l_rc_rotated	16782	20
atg000001l_rc_rotated	16783	20
atg000001l_rc_rotated	16784	20
atg000001l_rc_rotated	16785	20
atg000001l_rc_rotated	16786	20
atg000001l_rc_rotated	16787	20
atg000001l_rc_rotated	16788	20
atg000001l_rc_rotated	16789	20
atg000001l_rc_rotated	16790	20
atg000001l_rc_rotated	16791	20
atg000001l_rc_rotated	16792	20
atg000001l_rc_rotated	16793	20
atg000001l_rc_rotated	16794	20
atg000001l_rc_rotated	16795	20
atg000001l_rc_rotated	16796	20
atg000001l_rc_rotated	16797	20
atg000001l_rc_rotated	16798	20
atg000001l_rc_rotated	16799	20
atg000001l_rc_rotated	16800	20
atg000001l_rc_rotated	16801	22
atg000001l_rc_rotated	16802	22
atg000001l_rc_rotated	16803	22
atg000001l_rc_rotated	16804	22
atg000001l_rc_rotated	16805	22
atg000001l_rc_rotated	16806	22
atg000001l_rc_rotated	16807	22
atg000001l_rc_rotated	16808	22
atg000001l_rc_rotated	16809	22
atg000001l_rc_rotated	16810	22
atg000001l_rc_rotated	16811	22
atg000001l_rc_rotated	16812	22
atg000001l_rc_rotated	16813	22
atg000001l_rc_rotated	16814	22
atg000001l_rc_rotated	16815	22
atg000001l_rc_rotated	16816	22
atg000001l_rc_rotated	16817	22
atg000001l_rc_rotated	16818	22
atg000001l_rc_rotated	16819	22
atg000001l_rc_rotated	16820	22
atg000001l_rc_rotated	16821	22
atg000001l_rc_rotated	16822	22
atg000001l_rc_rotated	16823	22
atg000001l_rc_rotated	16824	22
atg000001l_rc_rotated	16825	22
atg000001l_rc_rotated	16826	22
atg000001l_rc_rotated	16827	22
atg000001l_rc_rotated	16828	22
atg000001l_rc_rotated	16829	22
atg000001l_rc_rotated	16830	22
atg000001l_rc_rotated	16831	22
atg000001l_rc_rotated	16832	22
atg000001l_rc_rotated	16833	22
atg000001l_rc_rotated	16834	22
atg000001l_rc_rotated	16835	22
atg000001l_rc_rotated	16836	22
atg000001l_rc_rotated	16837	22
atg000001l_rc_rotated	16838	22
atg000001l_rc_rotated	16839	22
atg000001l_rc_rotated	16840	22
atg000001l_rc_rotated	16841	22
atg000001l_rc_rotated	16842	22
atg000001l_rc_rotated	16843	22
atg000001l_rc_rotated	16844	22
atg000001l_rc_rotated	16845	22
atg000001l_rc_rotated	16846	22
atg000001l_rc_rotated	16847	22
atg000001l_rc_rotated	16848	22
atg000001l_rc_rotated	16849	22
atg000001l_rc_rotated	16850	22
atg000001l_rc_rotated	16851	22
atg000001l_rc_rotated	16852	22
atg000001l_rc_rotated	16853	22
atg000001l_rc_rotated	16854	22
atg000001l_rc_rotated	16855	22
atg000001l_rc_rotated	16856	22
atg000001l_rc_rotated	16857	22
atg000001l_rc_rotated	16858	22
atg000001l_rc_rotated	16859	22
atg000001l_rc_rotated	16860	22
atg000001l_rc_rotated	16861	22
atg000001l_rc_rotated	16862	22
atg000001l_rc_rotated	16863	22
atg000001l_rc_rotated	16864	22
atg000001l_rc_rotated	16865	22
atg000001l_rc_rotated	16866	22
atg000001l_rc_rotated	16867	22
atg000001l_rc_rotated	16868	22
atg000001l_rc_rotated	16869	22
atg000001l_rc_rotated	16870	22
atg000001l_rc_rotated	16871	22
atg000001l_rc_rotated	16872	22
atg000001l_rc_rotated	16873	22
atg000001l_rc_rotated	16874	22
atg000001l_rc_rotated	16875	22
atg000001l_rc_rotated	16876	22
atg000001l_rc_rotated	16877	22
atg000001l_rc_rotated	16878	22
atg000001l_rc_rotated	16879	22
atg000001l_rc_rotated	16880	22
atg000001l_rc_rotated	16881	22
atg000001l_rc_rotated	16882	22
atg000001l_rc_rotated	16883	22
atg000001l_rc_rotated	16884	22
atg000001l_rc_rotated	16885	22
atg000001l_rc_rotated	16886	22
atg000001l_rc_rotated	16887	22
atg000001l_rc_rotated	16888	22
atg000001l_rc_rotated	16889	22
atg000001l_rc_rotated	16890	22
atg000001l_rc_rotated	16891	22
atg000001l_rc_rotated	16892	22
atg000001l_rc_rotated	16893	22
atg000001l_rc_rotated	16894	22
atg000001l_rc_rotated	16895	22
atg000001l_rc_rotated	16896	22
atg000001l_rc_rotated	16897	22
atg000001l_rc_rotated	16898	21
atg000001l_rc_rotated	16899	21
atg000001l_rc_rotated	16900	21
atg000001l_rc_rotated	16901	21
atg000001l_rc_rotated	16902	21
atg000001l_rc_rotated	16903	21
atg000001l_rc_rotated	16904	21
atg000001l_rc_rotated	16905	21
atg000001l_rc_rotated	16906	21
atg000001l_rc_rotated	16907	21
atg000001l_rc_rotated	16908	21
atg000001l_rc_rotated	16909	21
atg000001l_rc_rotated	16910	21
atg000001l_rc_rotated	16911	21
atg000001l_rc_rotated	16912	21
atg000001l_rc_rotated	16913	22
atg000001l_rc_rotated	16914	22
atg000001l_rc_rotated	16915	22
atg000001l_rc_rotated	16916	22
atg000001l_rc_rotated	16917	22
atg000001l_rc_rotated	16918	22
atg000001l_rc_rotated	16919	22
atg000001l_rc_rotated	16920	22
atg000001l_rc_rotated	16921	22
atg000001l_rc_rotated	16922	22
atg000001l_rc_rotated	16923	22
atg000001l_rc_rotated	16924	22
atg000001l_rc_rotated	16925	22
atg000001l_rc_rotated	16926	22
atg000001l_rc_rotated	16927	22
atg000001l_rc_rotated	16928	22
atg000001l_rc_rotated	16929	22
atg000001l_rc_rotated	16930	22
atg000001l_rc_rotated	16931	22
atg000001l_rc_rotated	16932	22
atg000001l_rc_rotated	16933	22
atg000001l_rc_rotated	16934	22
atg000001l_rc_rotated	16935	22
atg000001l_rc_rotated	16936	22
atg000001l_rc_rotated	16937	22
atg000001l_rc_rotated	16938	22
atg000001l_rc_rotated	16939	22
atg000001l_rc_rotated	16940	22
atg000001l_rc_rotated	16941	22
atg000001l_rc_rotated	16942	22
atg000001l_rc_rotated	16943	22
atg000001l_rc_rotated	16944	22
atg000001l_rc_rotated	16945	22
atg000001l_rc_rotated	16946	22
atg000001l_rc_rotated	16947	22
atg000001l_rc_rotated	16948	22
atg000001l_rc_rotated	16949	22
atg000001l_rc_rotated	16950	22
atg000001l_rc_rotated	16951	22
atg000001l_rc_rotated	16952	22
atg000001l_rc_rotated	16953	22
atg000001l_rc_rotated	16954	22
atg000001l_rc_rotated	16955	22
atg000001l_rc_rotated	16956	22
atg000001l_rc_rotated	16957	22
atg000001l_rc_rotated	16958	22
atg000001l_rc_rotated	16959	22
atg000001l_rc_rotated	16960	22
atg000001l_rc_rotated	16961	22
atg000001l_rc_rotated	16962	22
atg000001l_rc_rotated	16963	22
atg000001l_rc_rotated	16964	22
atg000001l_rc_rotated	16965	22
atg000001l_rc_rotated	16966	22
atg000001l_rc_rotated	16967	22
atg000001l_rc_rotated	16968	22
atg000001l_rc_rotated	16969	22
atg000001l_rc_rotated	16970	22
atg000001l_rc_rotated	16971	22
atg000001l_rc_rotated	16972	22
atg000001l_rc_rotated	16973	22
atg000001l_rc_rotated	16974	22
atg000001l_rc_rotated	16975	22
atg000001l_rc_rotated	16976	22
atg000001l_rc_rotated	16977	22
atg000001l_rc_rotated	16978	22
atg000001l_rc_rotated	16979	22
atg000001l_rc_rotated	16980	22
atg000001l_rc_rotated	16981	22
atg000001l_rc_rotated	16982	22
atg000001l_rc_rotated	16983	22
atg000001l_rc_rotated	16984	22
atg000001l_rc_rotated	16985	22
atg000001l_rc_rotated	16986	22
atg000001l_rc_rotated	16987	22
atg000001l_rc_rotated	16988	22
atg000001l_rc_rotated	16989	22
atg000001l_rc_rotated	16990	22
atg000001l_rc_rotated	16991	22
atg000001l_rc_rotated	16992	22
atg000001l_rc_rotated	16993	22
atg000001l_rc_rotated	16994	22
atg000001l_rc_rotated	16995	22
atg000001l_rc_rotated	16996	22
atg000001l_rc_rotated	16997	22
atg000001l_rc_rotated	16998	22
atg000001l_rc_rotated	16999	22
atg000001l_rc_rotated	17000	22
atg000001l_rc_rotated	17001	22
atg000001l_rc_rotated	17002	22
atg000001l_rc_rotated	17003	22
atg000001l_rc_rotated	17004	22
atg000001l_rc_rotated	17005	22
atg000001l_rc_rotated	17006	22
atg000001l_rc_rotated	17007	22
atg000001l_rc_rotated	17008	22
atg000001l_rc_rotated	17009	22
atg000001l_rc_rotated	17010	22
atg000001l_rc_rotated	17011	22
atg000001l_rc_rotated	17012	22
atg000001l_rc_rotated	17013	22
atg000001l_rc_rotated	17014	22
atg000001l_rc_rotated	17015	22
atg000001l_rc_rotated	17016	22
atg000001l_rc_rotated	17017	22
atg000001l_rc_rotated	17018	22
atg000001l_rc_rotated	17019	22
atg000001l_rc_rotated	17020	22
atg000001l_rc_rotated	17021	22
atg000001l_rc_rotated	17022	22
atg000001l_rc_rotated	17023	22
atg000001l_rc_rotated	17024	22
atg000001l_rc_rotated	17025	22
atg000001l_rc_rotated	17026	22
atg000001l_rc_rotated	17027	22
atg000001l_rc_rotated	17028	22
atg000001l_rc_rotated	17029	22
atg000001l_rc_rotated	17030	22
atg000001l_rc_rotated	17031	22
atg000001l_rc_rotated	17032	22
atg000001l_rc_rotated	17033	22
atg000001l_rc_rotated	17034	22
atg000001l_rc_rotated	17035	22
atg000001l_rc_rotated	17036	22
atg000001l_rc_rotated	17037	22
atg000001l_rc_rotated	17038	22
atg000001l_rc_rotated	17039	22
atg000001l_rc_rotated	17040	22
atg000001l_rc_rotated	17041	22
atg000001l_rc_rotated	17042	22
atg000001l_rc_rotated	17043	22
atg000001l_rc_rotated	17044	22
atg000001l_rc_rotated	17045	22
atg000001l_rc_rotated	17046	22
atg000001l_rc_rotated	17047	22
atg000001l_rc_rotated	17048	22
atg000001l_rc_rotated	17049	22
atg000001l_rc_rotated	17050	22
atg000001l_rc_rotated	17051	22
atg000001l_rc_rotated	17052	22
atg000001l_rc_rotated	17053	22
atg000001l_rc_rotated	17054	22
atg000001l_rc_rotated	17055	22
atg000001l_rc_rotated	17056	22
atg000001l_rc_rotated	17057	22
atg000001l_rc_rotated	17058	22
atg000001l_rc_rotated	17059	22
atg000001l_rc_rotated	17060	22
atg000001l_rc_rotated	17061	22
atg000001l_rc_rotated	17062	22
atg000001l_rc_rotated	17063	22
atg000001l_rc_rotated	17064	22
atg000001l_rc_rotated	17065	22
atg000001l_rc_rotated	17066	22
atg000001l_rc_rotated	17067	22
atg000001l_rc_rotated	17068	22
atg000001l_rc_rotated	17069	22
atg000001l_rc_rotated	17070	22
atg000001l_rc_rotated	17071	22
atg000001l_rc_rotated	17072	22
atg000001l_rc_rotated	17073	22
atg000001l_rc_rotated	17074	22
atg000001l_rc_rotated	17075	22
atg000001l_rc_rotated	17076	22
atg000001l_rc_rotated	17077	22
atg000001l_rc_rotated	17078	22
atg000001l_rc_rotated	17079	22
atg000001l_rc_rotated	17080	22
atg000001l_rc_rotated	17081	22
atg000001l_rc_rotated	17082	22
atg000001l_rc_rotated	17083	22
atg000001l_rc_rotated	17084	22
atg000001l_rc_rotated	17085	22
atg000001l_rc_rotated	17086	22
atg000001l_rc_rotated	17087	22
atg000001l_rc_rotated	17088	22
atg000001l_rc_rotated	17089	22
atg000001l_rc_rotated	17090	22
atg000001l_rc_rotated	17091	22
atg000001l_rc_rotated	17092	22
atg000001l_rc_rotated	17093	22
atg000001l_rc_rotated	17094	22
atg000001l_rc_rotated	17095	22
atg000001l_rc_rotated	17096	22
atg000001l_rc_rotated	17097	22
atg000001l_rc_rotated	17098	22
atg000001l_rc_rotated	17099	22
atg000001l_rc_rotated	17100	22
atg000001l_rc_rotated	17101	22
atg000001l_rc_rotated	17102	22
atg000001l_rc_rotated	17103	22
atg000001l_rc_rotated	17104	22
atg000001l_rc_rotated	17105	22
atg000001l_rc_rotated	17106	22
atg000001l_rc_rotated	17107	22
atg000001l_rc_rotated	17108	22
atg000001l_rc_rotated	17109	22
atg000001l_rc_rotated	17110	22
atg000001l_rc_rotated	17111	22
atg000001l_rc_rotated	17112	22
atg000001l_rc_rotated	17113	22
atg000001l_rc_rotated	17114	22
atg000001l_rc_rotated	17115	22
atg000001l_rc_rotated	17116	22
atg000001l_rc_rotated	17117	22
atg000001l_rc_rotated	17118	22
atg000001l_rc_rotated	17119	22
atg000001l_rc_rotated	17120	22
atg000001l_rc_rotated	17121	22
atg000001l_rc_rotated	17122	22
atg000001l_rc_rotated	17123	22
atg000001l_rc_rotated	17124	22
atg000001l_rc_rotated	17125	22
atg000001l_rc_rotated	17126	22
atg000001l_rc_rotated	17127	22
atg000001l_rc_rotated	17128	22
atg000001l_rc_rotated	17129	22
atg000001l_rc_rotated	17130	22
atg000001l_rc_rotated	17131	22
atg000001l_rc_rotated	17132	22
atg000001l_rc_rotated	17133	22
atg000001l_rc_rotated	17134	22
atg000001l_rc_rotated	17135	22
atg000001l_rc_rotated	17136	22
atg000001l_rc_rotated	17137	22
atg000001l_rc_rotated	17138	22
atg000001l_rc_rotated	17139	22
atg000001l_rc_rotated	17140	22
atg000001l_rc_rotated	17141	22
atg000001l_rc_rotated	17142	22
atg000001l_rc_rotated	17143	22
atg000001l_rc_rotated	17144	22
atg000001l_rc_rotated	17145	22
atg000001l_rc_rotated	17146	22
atg000001l_rc_rotated	17147	22
atg000001l_rc_rotated	17148	22
atg000001l_rc_rotated	17149	22
atg000001l_rc_rotated	17150	22
atg000001l_rc_rotated	17151	22
atg000001l_rc_rotated	17152	22
atg000001l_rc_rotated	17153	22
atg000001l_rc_rotated	17154	22
atg000001l_rc_rotated	17155	22
atg000001l_rc_rotated	17156	22
atg000001l_rc_rotated	17157	22
atg000001l_rc_rotated	17158	22
atg000001l_rc_rotated	17159	22
atg000001l_rc_rotated	17160	22
atg000001l_rc_rotated	17161	22
atg000001l_rc_rotated	17162	22
atg000001l_rc_rotated	17163	22
atg000001l_rc_rotated	17164	22
atg000001l_rc_rotated	17165	22
atg000001l_rc_rotated	17166	22
atg000001l_rc_rotated	17167	22
atg000001l_rc_rotated	17168	22
atg000001l_rc_rotated	17169	22
atg000001l_rc_rotated	17170	22
atg000001l_rc_rotated	17171	22
atg000001l_rc_rotated	17172	22
atg000001l_rc_rotated	17173	22
atg000001l_rc_rotated	17174	22
atg000001l_rc_rotated	17175	22
atg000001l_rc_rotated	17176	22
atg000001l_rc_rotated	17177	22
atg000001l_rc_rotated	17178	22
atg000001l_rc_rotated	17179	22
atg000001l_rc_rotated	17180	22
atg000001l_rc_rotated	17181	22
atg000001l_rc_rotated	17182	22
atg000001l_rc_rotated	17183	22
atg000001l_rc_rotated	17184	22
atg000001l_rc_rotated	17185	22
atg000001l_rc_rotated	17186	22
atg000001l_rc_rotated	17187	22
atg000001l_rc_rotated	17188	22
atg000001l_rc_rotated	17189	22
atg000001l_rc_rotated	17190	22
atg000001l_rc_rotated	17191	22
atg000001l_rc_rotated	17192	22
atg000001l_rc_rotated	17193	22
atg000001l_rc_rotated	17194	22
atg000001l_rc_rotated	17195	22
atg000001l_rc_rotated	17196	22
atg000001l_rc_rotated	17197	22
atg000001l_rc_rotated	17198	22
atg000001l_rc_rotated	17199	22
atg000001l_rc_rotated	17200	22
atg000001l_rc_rotated	17201	22
atg000001l_rc_rotated	17202	22
atg000001l_rc_rotated	17203	22
atg000001l_rc_rotated	17204	22
atg000001l_rc_rotated	17205	22
atg000001l_rc_rotated	17206	22
atg000001l_rc_rotated	17207	22
atg000001l_rc_rotated	17208	22
atg000001l_rc_rotated	17209	22
atg000001l_rc_rotated	17210	22
atg000001l_rc_rotated	17211	22
atg000001l_rc_rotated	17212	22
atg000001l_rc_rotated	17213	22
atg000001l_rc_rotated	17214	22
atg000001l_rc_rotated	17215	22
atg000001l_rc_rotated	17216	22
atg000001l_rc_rotated	17217	22
atg000001l_rc_rotated	17218	22
atg000001l_rc_rotated	17219	22
atg000001l_rc_rotated	17220	22
atg000001l_rc_rotated	17221	22
atg000001l_rc_rotated	17222	22
atg000001l_rc_rotated	17223	22
atg000001l_rc_rotated	17224	22
atg000001l_rc_rotated	17225	22
atg000001l_rc_rotated	17226	22
atg000001l_rc_rotated	17227	22
atg000001l_rc_rotated	17228	22
atg000001l_rc_rotated	17229	22
atg000001l_rc_rotated	17230	22
atg000001l_rc_rotated	17231	22
atg000001l_rc_rotated	17232	22
atg000001l_rc_rotated	17233	22
atg000001l_rc_rotated	17234	22
atg000001l_rc_rotated	17235	22
atg000001l_rc_rotated	17236	22
atg000001l_rc_rotated	17237	22
atg000001l_rc_rotated	17238	22
atg000001l_rc_rotated	17239	22
atg000001l_rc_rotated	17240	22
atg000001l_rc_rotated	17241	22
atg000001l_rc_rotated	17242	22
atg000001l_rc_rotated	17243	22
atg000001l_rc_rotated	17244	22
atg000001l_rc_rotated	17245	22
atg000001l_rc_rotated	17246	22
atg000001l_rc_rotated	17247	22
atg000001l_rc_rotated	17248	22
atg000001l_rc_rotated	17249	22
atg000001l_rc_rotated	17250	22
atg000001l_rc_rotated	17251	22
atg000001l_rc_rotated	17252	22
atg000001l_rc_rotated	17253	22
atg000001l_rc_rotated	17254	22
atg000001l_rc_rotated	17255	22
atg000001l_rc_rotated	17256	22
atg000001l_rc_rotated	17257	22
atg000001l_rc_rotated	17258	22
atg000001l_rc_rotated	17259	22
atg000001l_rc_rotated	17260	22
atg000001l_rc_rotated	17261	22
atg000001l_rc_rotated	17262	22
atg000001l_rc_rotated	17263	22
atg000001l_rc_rotated	17264	22
atg000001l_rc_rotated	17265	22
atg000001l_rc_rotated	17266	22
atg000001l_rc_rotated	17267	22
atg000001l_rc_rotated	17268	22
atg000001l_rc_rotated	17269	22
atg000001l_rc_rotated	17270	22
atg000001l_rc_rotated	17271	22
atg000001l_rc_rotated	17272	22
atg000001l_rc_rotated	17273	22
atg000001l_rc_rotated	17274	22
atg000001l_rc_rotated	17275	22
atg000001l_rc_rotated	17276	22
atg000001l_rc_rotated	17277	22
atg000001l_rc_rotated	17278	22
atg000001l_rc_rotated	17279	22
atg000001l_rc_rotated	17280	22
atg000001l_rc_rotated	17281	22
atg000001l_rc_rotated	17282	22
atg000001l_rc_rotated	17283	22
atg000001l_rc_rotated	17284	22
atg000001l_rc_rotated	17285	22
atg000001l_rc_rotated	17286	22
atg000001l_rc_rotated	17287	22
atg000001l_rc_rotated	17288	22
atg000001l_rc_rotated	17289	22
atg000001l_rc_rotated	17290	22
atg000001l_rc_rotated	17291	22
atg000001l_rc_rotated	17292	22
atg000001l_rc_rotated	17293	22
atg000001l_rc_rotated	17294	22
atg000001l_rc_rotated	17295	22
atg000001l_rc_rotated	17296	22
atg000001l_rc_rotated	17297	22
atg000001l_rc_rotated	17298	22
atg000001l_rc_rotated	17299	22
atg000001l_rc_rotated	17300	22
atg000001l_rc_rotated	17301	22
atg000001l_rc_rotated	17302	22
atg000001l_rc_rotated	17303	22
atg000001l_rc_rotated	17304	22
atg000001l_rc_rotated	17305	22
atg000001l_rc_rotated	17306	22
atg000001l_rc_rotated	17307	22
atg000001l_rc_rotated	17308	22
atg000001l_rc_rotated	17309	22
atg000001l_rc_rotated	17310	22
atg000001l_rc_rotated	17311	22
atg000001l_rc_rotated	17312	22
atg000001l_rc_rotated	17313	22
atg000001l_rc_rotated	17314	22
atg000001l_rc_rotated	17315	22
atg000001l_rc_rotated	17316	22
atg000001l_rc_rotated	17317	22
atg000001l_rc_rotated	17318	22
atg000001l_rc_rotated	17319	22
atg000001l_rc_rotated	17320	22
atg000001l_rc_rotated	17321	22
atg000001l_rc_rotated	17322	22
atg000001l_rc_rotated	17323	22
atg000001l_rc_rotated	17324	22
atg000001l_rc_rotated	17325	22
atg000001l_rc_rotated	17326	22
atg000001l_rc_rotated	17327	22
atg000001l_rc_rotated	17328	22
atg000001l_rc_rotated	17329	22
atg000001l_rc_rotated	17330	22
atg000001l_rc_rotated	17331	22
atg000001l_rc_rotated	17332	22
atg000001l_rc_rotated	17333	22
atg000001l_rc_rotated	17334	22
atg000001l_rc_rotated	17335	22
atg000001l_rc_rotated	17336	22
atg000001l_rc_rotated	17337	22
atg000001l_rc_rotated	17338	22
atg000001l_rc_rotated	17339	22
atg000001l_rc_rotated	17340	22
atg000001l_rc_rotated	17341	22
atg000001l_rc_rotated	17342	22
atg000001l_rc_rotated	17343	22
atg000001l_rc_rotated	17344	22
atg000001l_rc_rotated	17345	22
atg000001l_rc_rotated	17346	22
atg000001l_rc_rotated	17347	22
atg000001l_rc_rotated	17348	22
atg000001l_rc_rotated	17349	22
atg000001l_rc_rotated	17350	22
atg000001l_rc_rotated	17351	22
atg000001l_rc_rotated	17352	22
atg000001l_rc_rotated	17353	22
atg000001l_rc_rotated	17354	22
atg000001l_rc_rotated	17355	22
atg000001l_rc_rotated	17356	22
atg000001l_rc_rotated	17357	22
atg000001l_rc_rotated	17358	22
atg000001l_rc_rotated	17359	22
atg000001l_rc_rotated	17360	22
atg000001l_rc_rotated	17361	22
atg000001l_rc_rotated	17362	22
atg000001l_rc_rotated	17363	22
atg000001l_rc_rotated	17364	22
atg000001l_rc_rotated	17365	22
atg000001l_rc_rotated	17366	22
atg000001l_rc_rotated	17367	22
atg000001l_rc_rotated	17368	22
atg000001l_rc_rotated	17369	22
atg000001l_rc_rotated	17370	22
atg000001l_rc_rotated	17371	22
atg000001l_rc_rotated	17372	22
atg000001l_rc_rotated	17373	22
atg000001l_rc_rotated	17374	22
atg000001l_rc_rotated	17375	22
atg000001l_rc_rotated	17376	22
atg000001l_rc_rotated	17377	22
atg000001l_rc_rotated	17378	22
atg000001l_rc_rotated	17379	22
atg000001l_rc_rotated	17380	22
atg000001l_rc_rotated	17381	22
atg000001l_rc_rotated	17382	22
atg000001l_rc_rotated	17383	22
atg000001l_rc_rotated	17384	22
atg000001l_rc_rotated	17385	22
atg000001l_rc_rotated	17386	22
atg000001l_rc_rotated	17387	22
atg000001l_rc_rotated	17388	22
atg000001l_rc_rotated	17389	22
atg000001l_rc_rotated	17390	22
atg000001l_rc_rotated	17391	22
atg000001l_rc_rotated	17392	22
atg000001l_rc_rotated	17393	22
atg000001l_rc_rotated	17394	22
atg000001l_rc_rotated	17395	22
atg000001l_rc_rotated	17396	22
atg000001l_rc_rotated	17397	22
atg000001l_rc_rotated	17398	22
atg000001l_rc_rotated	17399	22
atg000001l_rc_rotated	17400	22
atg000001l_rc_rotated	17401	22
atg000001l_rc_rotated	17402	22
atg000001l_rc_rotated	17403	22
atg000001l_rc_rotated	17404	22
atg000001l_rc_rotated	17405	22
atg000001l_rc_rotated	17406	22
atg000001l_rc_rotated	17407	22
atg000001l_rc_rotated	17408	22
atg000001l_rc_rotated	17409	22
atg000001l_rc_rotated	17410	22
atg000001l_rc_rotated	17411	22
atg000001l_rc_rotated	17412	22
atg000001l_rc_rotated	17413	22
atg000001l_rc_rotated	17414	22
atg000001l_rc_rotated	17415	22
atg000001l_rc_rotated	17416	22
atg000001l_rc_rotated	17417	22
atg000001l_rc_rotated	17418	22
atg000001l_rc_rotated	17419	22
atg000001l_rc_rotated	17420	22
atg000001l_rc_rotated	17421	22
atg000001l_rc_rotated	17422	22
atg000001l_rc_rotated	17423	22
atg000001l_rc_rotated	17424	22
atg000001l_rc_rotated	17425	22
atg000001l_rc_rotated	17426	22
atg000001l_rc_rotated	17427	22
atg000001l_rc_rotated	17428	22
atg000001l_rc_rotated	17429	22
atg000001l_rc_rotated	17430	22
atg000001l_rc_rotated	17431	22
atg000001l_rc_rotated	17432	22
atg000001l_rc_rotated	17433	22
atg000001l_rc_rotated	17434	22
atg000001l_rc_rotated	17435	22
atg000001l_rc_rotated	17436	22
atg000001l_rc_rotated	17437	22
atg000001l_rc_rotated	17438	22
atg000001l_rc_rotated	17439	22
atg000001l_rc_rotated	17440	22
atg000001l_rc_rotated	17441	22
atg000001l_rc_rotated	17442	22
atg000001l_rc_rotated	17443	22
atg000001l_rc_rotated	17444	22
atg000001l_rc_rotated	17445	22
atg000001l_rc_rotated	17446	22
atg000001l_rc_rotated	17447	22
atg000001l_rc_rotated	17448	22
atg000001l_rc_rotated	17449	22
atg000001l_rc_rotated	17450	22
atg000001l_rc_rotated	17451	22
atg000001l_rc_rotated	17452	22
atg000001l_rc_rotated	17453	22
atg000001l_rc_rotated	17454	22
atg000001l_rc_rotated	17455	22
atg000001l_rc_rotated	17456	22
atg000001l_rc_rotated	17457	22
atg000001l_rc_rotated	17458	22
atg000001l_rc_rotated	17459	22
atg000001l_rc_rotated	17460	22
atg000001l_rc_rotated	17461	22
atg000001l_rc_rotated	17462	22
atg000001l_rc_rotated	17463	22
atg000001l_rc_rotated	17464	22
atg000001l_rc_rotated	17465	22
atg000001l_rc_rotated	17466	22
atg000001l_rc_rotated	17467	22
atg000001l_rc_rotated	17468	22
atg000001l_rc_rotated	17469	22
atg000001l_rc_rotated	17470	22
atg000001l_rc_rotated	17471	22
atg000001l_rc_rotated	17472	22
atg000001l_rc_rotated	17473	22
atg000001l_rc_rotated	17474	22
atg000001l_rc_rotated	17475	22
atg000001l_rc_rotated	17476	22
atg000001l_rc_rotated	17477	22
atg000001l_rc_rotated	17478	22
atg000001l_rc_rotated	17479	22
atg000001l_rc_rotated	17480	22
atg000001l_rc_rotated	17481	22
atg000001l_rc_rotated	17482	22
atg000001l_rc_rotated	17483	22
atg000001l_rc_rotated	17484	22
atg000001l_rc_rotated	17485	22
atg000001l_rc_rotated	17486	22
atg000001l_rc_rotated	17487	22
atg000001l_rc_rotated	17488	22
atg000001l_rc_rotated	17489	22
atg000001l_rc_rotated	17490	22
atg000001l_rc_rotated	17491	22
atg000001l_rc_rotated	17492	22
atg000001l_rc_rotated	17493	22
atg000001l_rc_rotated	17494	22
atg000001l_rc_rotated	17495	22
atg000001l_rc_rotated	17496	22
atg000001l_rc_rotated	17497	22
atg000001l_rc_rotated	17498	22
atg000001l_rc_rotated	17499	22
atg000001l_rc_rotated	17500	22
atg000001l_rc_rotated	17501	22
atg000001l_rc_rotated	17502	22
atg000001l_rc_rotated	17503	22
atg000001l_rc_rotated	17504	22
atg000001l_rc_rotated	17505	22
atg000001l_rc_rotated	17506	22
atg000001l_rc_rotated	17507	22
atg000001l_rc_rotated	17508	22
atg000001l_rc_rotated	17509	22
atg000001l_rc_rotated	17510	22
atg000001l_rc_rotated	17511	22
atg000001l_rc_rotated	17512	22
atg000001l_rc_rotated	17513	22
atg000001l_rc_rotated	17514	22
atg000001l_rc_rotated	17515	22
atg000001l_rc_rotated	17516	22
atg000001l_rc_rotated	17517	22
atg000001l_rc_rotated	17518	22
atg000001l_rc_rotated	17519	22
atg000001l_rc_rotated	17520	22
atg000001l_rc_rotated	17521	22
atg000001l_rc_rotated	17522	22
atg000001l_rc_rotated	17523	22
atg000001l_rc_rotated	17524	22
atg000001l_rc_rotated	17525	22
atg000001l_rc_rotated	17526	22
atg000001l_rc_rotated	17527	22
atg000001l_rc_rotated	17528	22
atg000001l_rc_rotated	17529	22
atg000001l_rc_rotated	17530	22
atg000001l_rc_rotated	17531	22
atg000001l_rc_rotated	17532	22
atg000001l_rc_rotated	17533	22
atg000001l_rc_rotated	17534	22
atg000001l_rc_rotated	17535	22
atg000001l_rc_rotated	17536	22
atg000001l_rc_rotated	17537	22
atg000001l_rc_rotated	17538	22
atg000001l_rc_rotated	17539	22
atg000001l_rc_rotated	17540	22
atg000001l_rc_rotated	17541	22
atg000001l_rc_rotated	17542	22
atg000001l_rc_rotated	17543	22
atg000001l_rc_rotated	17544	22
atg000001l_rc_rotated	17545	22
atg000001l_rc_rotated	17546	22
atg000001l_rc_rotated	17547	22
atg000001l_rc_rotated	17548	22
atg000001l_rc_rotated	17549	22
atg000001l_rc_rotated	17550	22
atg000001l_rc_rotated	17551	22
atg000001l_rc_rotated	17552	22
atg000001l_rc_rotated	17553	22
atg000001l_rc_rotated	17554	22
atg000001l_rc_rotated	17555	22
atg000001l_rc_rotated	17556	22
atg000001l_rc_rotated	17557	22
atg000001l_rc_rotated	17558	22
atg000001l_rc_rotated	17559	22
atg000001l_rc_rotated	17560	22
atg000001l_rc_rotated	17561	22
atg000001l_rc_rotated	17562	22
atg000001l_rc_rotated	17563	22
atg000001l_rc_rotated	17564	22
atg000001l_rc_rotated	17565	22
atg000001l_rc_rotated	17566	22
atg000001l_rc_rotated	17567	22
atg000001l_rc_rotated	17568	22
atg000001l_rc_rotated	17569	22
atg000001l_rc_rotated	17570	22
atg000001l_rc_rotated	17571	22
atg000001l_rc_rotated	17572	22
atg000001l_rc_rotated	17573	22
atg000001l_rc_rotated	17574	22
atg000001l_rc_rotated	17575	22
atg000001l_rc_rotated	17576	22
atg000001l_rc_rotated	17577	22
atg000001l_rc_rotated	17578	22
atg000001l_rc_rotated	17579	22
atg000001l_rc_rotated	17580	22
atg000001l_rc_rotated	17581	22
atg000001l_rc_rotated	17582	22
atg000001l_rc_rotated	17583	22
atg000001l_rc_rotated	17584	22
atg000001l_rc_rotated	17585	22
atg000001l_rc_rotated	17586	22
atg000001l_rc_rotated	17587	22
atg000001l_rc_rotated	17588	22
atg000001l_rc_rotated	17589	22
atg000001l_rc_rotated	17590	22
atg000001l_rc_rotated	17591	22
atg000001l_rc_rotated	17592	22
atg000001l_rc_rotated	17593	22
atg000001l_rc_rotated	17594	22
atg000001l_rc_rotated	17595	22
atg000001l_rc_rotated	17596	22
atg000001l_rc_rotated	17597	22
atg000001l_rc_rotated	17598	22
atg000001l_rc_rotated	17599	22
atg000001l_rc_rotated	17600	22
atg000001l_rc_rotated	17601	22
atg000001l_rc_rotated	17602	22
atg000001l_rc_rotated	17603	22
atg000001l_rc_rotated	17604	22
atg000001l_rc_rotated	17605	22
atg000001l_rc_rotated	17606	22
atg000001l_rc_rotated	17607	22
atg000001l_rc_rotated	17608	22
atg000001l_rc_rotated	17609	22
atg000001l_rc_rotated	17610	22
atg000001l_rc_rotated	17611	22
atg000001l_rc_rotated	17612	22
atg000001l_rc_rotated	17613	22
atg000001l_rc_rotated	17614	22
atg000001l_rc_rotated	17615	22
atg000001l_rc_rotated	17616	22
atg000001l_rc_rotated	17617	22
atg000001l_rc_rotated	17618	22
atg000001l_rc_rotated	17619	22
atg000001l_rc_rotated	17620	22
atg000001l_rc_rotated	17621	22
atg000001l_rc_rotated	17622	22
atg000001l_rc_rotated	17623	22
atg000001l_rc_rotated	17624	22
atg000001l_rc_rotated	17625	22
atg000001l_rc_rotated	17626	22
atg000001l_rc_rotated	17627	22
atg000001l_rc_rotated	17628	22
atg000001l_rc_rotated	17629	22
atg000001l_rc_rotated	17630	22
atg000001l_rc_rotated	17631	22
atg000001l_rc_rotated	17632	22
atg000001l_rc_rotated	17633	22
atg000001l_rc_rotated	17634	22
atg000001l_rc_rotated	17635	22
atg000001l_rc_rotated	17636	22
atg000001l_rc_rotated	17637	22
atg000001l_rc_rotated	17638	22
atg000001l_rc_rotated	17639	22
atg000001l_rc_rotated	17640	22
atg000001l_rc_rotated	17641	22
atg000001l_rc_rotated	17642	22
atg000001l_rc_rotated	17643	22
atg000001l_rc_rotated	17644	22
atg000001l_rc_rotated	17645	22
atg000001l_rc_rotated	17646	22
atg000001l_rc_rotated	17647	22
atg000001l_rc_rotated	17648	22
atg000001l_rc_rotated	17649	22
atg000001l_rc_rotated	17650	22
atg000001l_rc_rotated	17651	22
atg000001l_rc_rotated	17652	22
atg000001l_rc_rotated	17653	22
atg000001l_rc_rotated	17654	22
atg000001l_rc_rotated	17655	22
atg000001l_rc_rotated	17656	22
atg000001l_rc_rotated	17657	22
atg000001l_rc_rotated	17658	22
atg000001l_rc_rotated	17659	22
atg000001l_rc_rotated	17660	22
atg000001l_rc_rotated	17661	22
atg000001l_rc_rotated	17662	22
atg000001l_rc_rotated	17663	22
atg000001l_rc_rotated	17664	22
atg000001l_rc_rotated	17665	22
atg000001l_rc_rotated	17666	22
atg000001l_rc_rotated	17667	22
atg000001l_rc_rotated	17668	22
atg000001l_rc_rotated	17669	22
atg000001l_rc_rotated	17670	22
atg000001l_rc_rotated	17671	22
atg000001l_rc_rotated	17672	22
atg000001l_rc_rotated	17673	22
atg000001l_rc_rotated	17674	22
atg000001l_rc_rotated	17675	22
atg000001l_rc_rotated	17676	22
atg000001l_rc_rotated	17677	22
atg000001l_rc_rotated	17678	22
atg000001l_rc_rotated	17679	22
atg000001l_rc_rotated	17680	22
atg000001l_rc_rotated	17681	22
atg000001l_rc_rotated	17682	22
atg000001l_rc_rotated	17683	22
atg000001l_rc_rotated	17684	22
atg000001l_rc_rotated	17685	22
atg000001l_rc_rotated	17686	22
atg000001l_rc_rotated	17687	22
atg000001l_rc_rotated	17688	22
atg000001l_rc_rotated	17689	22
atg000001l_rc_rotated	17690	22
atg000001l_rc_rotated	17691	22
atg000001l_rc_rotated	17692	22
atg000001l_rc_rotated	17693	22
atg000001l_rc_rotated	17694	22
atg000001l_rc_rotated	17695	22
atg000001l_rc_rotated	17696	22
atg000001l_rc_rotated	17697	22
atg000001l_rc_rotated	17698	22
atg000001l_rc_rotated	17699	22
atg000001l_rc_rotated	17700	22
atg000001l_rc_rotated	17701	22
atg000001l_rc_rotated	17702	22
atg000001l_rc_rotated	17703	22
atg000001l_rc_rotated	17704	22
atg000001l_rc_rotated	17705	22
atg000001l_rc_rotated	17706	22
atg000001l_rc_rotated	17707	22
atg000001l_rc_rotated	17708	22
atg000001l_rc_rotated	17709	22
atg000001l_rc_rotated	17710	22
atg000001l_rc_rotated	17711	22
atg000001l_rc_rotated	17712	22
atg000001l_rc_rotated	17713	22
atg000001l_rc_rotated	17714	22
atg000001l_rc_rotated	17715	22
atg000001l_rc_rotated	17716	22
atg000001l_rc_rotated	17717	22
atg000001l_rc_rotated	17718	22
atg000001l_rc_rotated	17719	22
atg000001l_rc_rotated	17720	22
atg000001l_rc_rotated	17721	22
atg000001l_rc_rotated	17722	22
atg000001l_rc_rotated	17723	22
atg000001l_rc_rotated	17724	22
atg000001l_rc_rotated	17725	22
atg000001l_rc_rotated	17726	22
atg000001l_rc_rotated	17727	22
atg000001l_rc_rotated	17728	22
atg000001l_rc_rotated	17729	22
atg000001l_rc_rotated	17730	22
atg000001l_rc_rotated	17731	22
atg000001l_rc_rotated	17732	22
atg000001l_rc_rotated	17733	22
atg000001l_rc_rotated	17734	22
atg000001l_rc_rotated	17735	22
atg000001l_rc_rotated	17736	22
atg000001l_rc_rotated	17737	22
atg000001l_rc_rotated	17738	22
atg000001l_rc_rotated	17739	22
atg000001l_rc_rotated	17740	22
atg000001l_rc_rotated	17741	22
atg000001l_rc_rotated	17742	22
atg000001l_rc_rotated	17743	22
atg000001l_rc_rotated	17744	22
atg000001l_rc_rotated	17745	22
atg000001l_rc_rotated	17746	22
atg000001l_rc_rotated	17747	22
atg000001l_rc_rotated	17748	22
atg000001l_rc_rotated	17749	22
atg000001l_rc_rotated	17750	22
atg000001l_rc_rotated	17751	22
atg000001l_rc_rotated	17752	22
atg000001l_rc_rotated	17753	22
atg000001l_rc_rotated	17754	22
atg000001l_rc_rotated	17755	22
atg000001l_rc_rotated	17756	22
atg000001l_rc_rotated	17757	22
atg000001l_rc_rotated	17758	22
atg000001l_rc_rotated	17759	22
atg000001l_rc_rotated	17760	22
atg000001l_rc_rotated	17761	22
atg000001l_rc_rotated	17762	22
atg000001l_rc_rotated	17763	22
atg000001l_rc_rotated	17764	22
atg000001l_rc_rotated	17765	22
atg000001l_rc_rotated	17766	22
atg000001l_rc_rotated	17767	22
atg000001l_rc_rotated	17768	22
atg000001l_rc_rotated	17769	22
atg000001l_rc_rotated	17770	22
atg000001l_rc_rotated	17771	22
atg000001l_rc_rotated	17772	22
atg000001l_rc_rotated	17773	22
atg000001l_rc_rotated	17774	22
atg000001l_rc_rotated	17775	22
atg000001l_rc_rotated	17776	22
atg000001l_rc_rotated	17777	22
atg000001l_rc_rotated	17778	22
atg000001l_rc_rotated	17779	22
atg000001l_rc_rotated	17780	22
atg000001l_rc_rotated	17781	22
atg000001l_rc_rotated	17782	22
atg000001l_rc_rotated	17783	22
atg000001l_rc_rotated	17784	22
atg000001l_rc_rotated	17785	22
atg000001l_rc_rotated	17786	22
atg000001l_rc_rotated	17787	22
atg000001l_rc_rotated	17788	22
atg000001l_rc_rotated	17789	22
atg000001l_rc_rotated	17790	22
atg000001l_rc_rotated	17791	22
atg000001l_rc_rotated	17792	22
atg000001l_rc_rotated	17793	22
atg000001l_rc_rotated	17794	22
atg000001l_rc_rotated	17795	22
atg000001l_rc_rotated	17796	22
atg000001l_rc_rotated	17797	22
atg000001l_rc_rotated	17798	22
atg000001l_rc_rotated	17799	22
atg000001l_rc_rotated	17800	22
atg000001l_rc_rotated	17801	22
atg000001l_rc_rotated	17802	22
atg000001l_rc_rotated	17803	22
atg000001l_rc_rotated	17804	22
atg000001l_rc_rotated	17805	22
atg000001l_rc_rotated	17806	22
atg000001l_rc_rotated	17807	22
atg000001l_rc_rotated	17808	22
atg000001l_rc_rotated	17809	22
atg000001l_rc_rotated	17810	22
atg000001l_rc_rotated	17811	22
atg000001l_rc_rotated	17812	22
atg000001l_rc_rotated	17813	22
atg000001l_rc_rotated	17814	22
atg000001l_rc_rotated	17815	22
atg000001l_rc_rotated	17816	22
atg000001l_rc_rotated	17817	22
atg000001l_rc_rotated	17818	22
atg000001l_rc_rotated	17819	22
atg000001l_rc_rotated	17820	22
atg000001l_rc_rotated	17821	22
atg000001l_rc_rotated	17822	22
atg000001l_rc_rotated	17823	22
atg000001l_rc_rotated	17824	22
atg000001l_rc_rotated	17825	22
atg000001l_rc_rotated	17826	22
atg000001l_rc_rotated	17827	22
atg000001l_rc_rotated	17828	22
atg000001l_rc_rotated	17829	22
atg000001l_rc_rotated	17830	22
atg000001l_rc_rotated	17831	22
atg000001l_rc_rotated	17832	22
atg000001l_rc_rotated	17833	22
atg000001l_rc_rotated	17834	22
atg000001l_rc_rotated	17835	22
atg000001l_rc_rotated	17836	22
atg000001l_rc_rotated	17837	22
atg000001l_rc_rotated	17838	22
atg000001l_rc_rotated	17839	22
atg000001l_rc_rotated	17840	22
atg000001l_rc_rotated	17841	22
atg000001l_rc_rotated	17842	22
atg000001l_rc_rotated	17843	22
atg000001l_rc_rotated	17844	22
atg000001l_rc_rotated	17845	22
atg000001l_rc_rotated	17846	22
atg000001l_rc_rotated	17847	22
atg000001l_rc_rotated	17848	22
atg000001l_rc_rotated	17849	22
atg000001l_rc_rotated	17850	22
atg000001l_rc_rotated	17851	22
atg000001l_rc_rotated	17852	22
atg000001l_rc_rotated	17853	22
atg000001l_rc_rotated	17854	22
atg000001l_rc_rotated	17855	22
atg000001l_rc_rotated	17856	22
atg000001l_rc_rotated	17857	22
atg000001l_rc_rotated	17858	22
atg000001l_rc_rotated	17859	22
atg000001l_rc_rotated	17860	22
atg000001l_rc_rotated	17861	22
atg000001l_rc_rotated	17862	22
atg000001l_rc_rotated	17863	22
atg000001l_rc_rotated	17864	22
atg000001l_rc_rotated	17865	22
atg000001l_rc_rotated	17866	22
atg000001l_rc_rotated	17867	22
atg000001l_rc_rotated	17868	22
atg000001l_rc_rotated	17869	22
atg000001l_rc_rotated	17870	22
atg000001l_rc_rotated	17871	22
atg000001l_rc_rotated	17872	22
atg000001l_rc_rotated	17873	22
atg000001l_rc_rotated	17874	22
atg000001l_rc_rotated	17875	22
atg000001l_rc_rotated	17876	22
atg000001l_rc_rotated	17877	22
atg000001l_rc_rotated	17878	22
atg000001l_rc_rotated	17879	22
atg000001l_rc_rotated	17880	22
atg000001l_rc_rotated	17881	22
atg000001l_rc_rotated	17882	22
atg000001l_rc_rotated	17883	22
atg000001l_rc_rotated	17884	22
atg000001l_rc_rotated	17885	22
atg000001l_rc_rotated	17886	22
atg000001l_rc_rotated	17887	22
atg000001l_rc_rotated	17888	22
atg000001l_rc_rotated	17889	22
atg000001l_rc_rotated	17890	22
atg000001l_rc_rotated	17891	22
atg000001l_rc_rotated	17892	22
atg000001l_rc_rotated	17893	22
atg000001l_rc_rotated	17894	22
atg000001l_rc_rotated	17895	22
atg000001l_rc_rotated	17896	22
atg000001l_rc_rotated	17897	22
atg000001l_rc_rotated	17898	22
atg000001l_rc_rotated	17899	22
atg000001l_rc_rotated	17900	22
atg000001l_rc_rotated	17901	22
atg000001l_rc_rotated	17902	22
atg000001l_rc_rotated	17903	22
atg000001l_rc_rotated	17904	22
atg000001l_rc_rotated	17905	22
atg000001l_rc_rotated	17906	22
atg000001l_rc_rotated	17907	22
atg000001l_rc_rotated	17908	22
atg000001l_rc_rotated	17909	22
atg000001l_rc_rotated	17910	22
atg000001l_rc_rotated	17911	22
atg000001l_rc_rotated	17912	23
atg000001l_rc_rotated	17913	23
atg000001l_rc_rotated	17914	23
atg000001l_rc_rotated	17915	23
atg000001l_rc_rotated	17916	23
atg000001l_rc_rotated	17917	23
atg000001l_rc_rotated	17918	23
atg000001l_rc_rotated	17919	23
atg000001l_rc_rotated	17920	23
atg000001l_rc_rotated	17921	23
atg000001l_rc_rotated	17922	23
atg000001l_rc_rotated	17923	23
atg000001l_rc_rotated	17924	23
atg000001l_rc_rotated	17925	23
atg000001l_rc_rotated	17926	23
atg000001l_rc_rotated	17927	23
atg000001l_rc_rotated	17928	23
atg000001l_rc_rotated	17929	23
atg000001l_rc_rotated	17930	23
atg000001l_rc_rotated	17931	23
atg000001l_rc_rotated	17932	23
atg000001l_rc_rotated	17933	23
atg000001l_rc_rotated	17934	23
atg000001l_rc_rotated	17935	23
atg000001l_rc_rotated	17936	23
atg000001l_rc_rotated	17937	23
atg000001l_rc_rotated	17938	23
atg000001l_rc_rotated	17939	23
atg000001l_rc_rotated	17940	23
atg000001l_rc_rotated	17941	23
atg000001l_rc_rotated	17942	23
atg000001l_rc_rotated	17943	23
atg000001l_rc_rotated	17944	23
atg000001l_rc_rotated	17945	23
atg000001l_rc_rotated	17946	23
atg000001l_rc_rotated	17947	23
atg000001l_rc_rotated	17948	23
atg000001l_rc_rotated	17949	23
atg000001l_rc_rotated	17950	23
atg000001l_rc_rotated	17951	23
atg000001l_rc_rotated	17952	23
atg000001l_rc_rotated	17953	23
atg000001l_rc_rotated	17954	23
atg000001l_rc_rotated	17955	23
atg000001l_rc_rotated	17956	23
atg000001l_rc_rotated	17957	23
atg000001l_rc_rotated	17958	23
atg000001l_rc_rotated	17959	23
atg000001l_rc_rotated	17960	23
atg000001l_rc_rotated	17961	23
atg000001l_rc_rotated	17962	23
atg000001l_rc_rotated	17963	23
atg000001l_rc_rotated	17964	23
atg000001l_rc_rotated	17965	23
atg000001l_rc_rotated	17966	23
atg000001l_rc_rotated	17967	23
atg000001l_rc_rotated	17968	23
atg000001l_rc_rotated	17969	23
atg000001l_rc_rotated	17970	23
atg000001l_rc_rotated	17971	23
atg000001l_rc_rotated	17972	23
atg000001l_rc_rotated	17973	23
atg000001l_rc_rotated	17974	23
atg000001l_rc_rotated	17975	23
atg000001l_rc_rotated	17976	23
atg000001l_rc_rotated	17977	23
atg000001l_rc_rotated	17978	23
atg000001l_rc_rotated	17979	23
atg000001l_rc_rotated	17980	23
atg000001l_rc_rotated	17981	23
atg000001l_rc_rotated	17982	23
atg000001l_rc_rotated	17983	23
atg000001l_rc_rotated	17984	23
atg000001l_rc_rotated	17985	23
atg000001l_rc_rotated	17986	23
atg000001l_rc_rotated	17987	23
atg000001l_rc_rotated	17988	23
atg000001l_rc_rotated	17989	23
atg000001l_rc_rotated	17990	23
atg000001l_rc_rotated	17991	23
atg000001l_rc_rotated	17992	23
atg000001l_rc_rotated	17993	23
atg000001l_rc_rotated	17994	23
atg000001l_rc_rotated	17995	23
atg000001l_rc_rotated	17996	23
atg000001l_rc_rotated	17997	23
atg000001l_rc_rotated	17998	23
atg000001l_rc_rotated	17999	23
atg000001l_rc_rotated	18000	23
atg000001l_rc_rotated	18001	23
atg000001l_rc_rotated	18002	23
atg000001l_rc_rotated	18003	23
atg000001l_rc_rotated	18004	23
atg000001l_rc_rotated	18005	23
atg000001l_rc_rotated	18006	23
atg000001l_rc_rotated	18007	23
atg000001l_rc_rotated	18008	23
atg000001l_rc_rotated	18009	23
atg000001l_rc_rotated	18010	23
atg000001l_rc_rotated	18011	23
atg000001l_rc_rotated	18012	23
atg000001l_rc_rotated	18013	23
atg000001l_rc_rotated	18014	23
atg000001l_rc_rotated	18015	23
atg000001l_rc_rotated	18016	23
atg000001l_rc_rotated	18017	23
atg000001l_rc_rotated	18018	23
atg000001l_rc_rotated	18019	23
atg000001l_rc_rotated	18020	23
atg000001l_rc_rotated	18021	23
atg000001l_rc_rotated	18022	23
atg000001l_rc_rotated	18023	23
atg000001l_rc_rotated	18024	23
atg000001l_rc_rotated	18025	23
atg000001l_rc_rotated	18026	23
atg000001l_rc_rotated	18027	23
atg000001l_rc_rotated	18028	23
atg000001l_rc_rotated	18029	23
atg000001l_rc_rotated	18030	23
atg000001l_rc_rotated	18031	23
atg000001l_rc_rotated	18032	23
atg000001l_rc_rotated	18033	23
atg000001l_rc_rotated	18034	23
atg000001l_rc_rotated	18035	23
atg000001l_rc_rotated	18036	23
atg000001l_rc_rotated	18037	23
atg000001l_rc_rotated	18038	23
atg000001l_rc_rotated	18039	23
atg000001l_rc_rotated	18040	23
atg000001l_rc_rotated	18041	23
atg000001l_rc_rotated	18042	23
atg000001l_rc_rotated	18043	23
atg000001l_rc_rotated	18044	23
atg000001l_rc_rotated	18045	23
atg000001l_rc_rotated	18046	23
atg000001l_rc_rotated	18047	23
atg000001l_rc_rotated	18048	23
atg000001l_rc_rotated	18049	23
atg000001l_rc_rotated	18050	23
atg000001l_rc_rotated	18051	23
atg000001l_rc_rotated	18052	23
atg000001l_rc_rotated	18053	23
atg000001l_rc_rotated	18054	23
atg000001l_rc_rotated	18055	23
atg000001l_rc_rotated	18056	23
atg000001l_rc_rotated	18057	23
atg000001l_rc_rotated	18058	23
atg000001l_rc_rotated	18059	23
atg000001l_rc_rotated	18060	23
atg000001l_rc_rotated	18061	23
atg000001l_rc_rotated	18062	23
atg000001l_rc_rotated	18063	23
atg000001l_rc_rotated	18064	23
atg000001l_rc_rotated	18065	23
atg000001l_rc_rotated	18066	23
atg000001l_rc_rotated	18067	23
atg000001l_rc_rotated	18068	23
atg000001l_rc_rotated	18069	23
atg000001l_rc_rotated	18070	23
atg000001l_rc_rotated	18071	23
atg000001l_rc_rotated	18072	23
atg000001l_rc_rotated	18073	23
atg000001l_rc_rotated	18074	23
atg000001l_rc_rotated	18075	23
atg000001l_rc_rotated	18076	23
atg000001l_rc_rotated	18077	23
atg000001l_rc_rotated	18078	23
atg000001l_rc_rotated	18079	23
atg000001l_rc_rotated	18080	23
atg000001l_rc_rotated	18081	23
atg000001l_rc_rotated	18082	23
atg000001l_rc_rotated	18083	23
atg000001l_rc_rotated	18084	23
atg000001l_rc_rotated	18085	23
atg000001l_rc_rotated	18086	23
atg000001l_rc_rotated	18087	23
atg000001l_rc_rotated	18088	23
atg000001l_rc_rotated	18089	23
atg000001l_rc_rotated	18090	23
atg000001l_rc_rotated	18091	23
atg000001l_rc_rotated	18092	23
atg000001l_rc_rotated	18093	23
atg000001l_rc_rotated	18094	23
atg000001l_rc_rotated	18095	23
atg000001l_rc_rotated	18096	23
atg000001l_rc_rotated	18097	23
atg000001l_rc_rotated	18098	23
atg000001l_rc_rotated	18099	23
atg000001l_rc_rotated	18100	23
atg000001l_rc_rotated	18101	23
atg000001l_rc_rotated	18102	23
atg000001l_rc_rotated	18103	23
atg000001l_rc_rotated	18104	23
atg000001l_rc_rotated	18105	23
atg000001l_rc_rotated	18106	23
atg000001l_rc_rotated	18107	23
atg000001l_rc_rotated	18108	23
atg000001l_rc_rotated	18109	23
atg000001l_rc_rotated	18110	23
atg000001l_rc_rotated	18111	23
atg000001l_rc_rotated	18112	23
atg000001l_rc_rotated	18113	23
atg000001l_rc_rotated	18114	23
atg000001l_rc_rotated	18115	23
atg000001l_rc_rotated	18116	23
atg000001l_rc_rotated	18117	23
atg000001l_rc_rotated	18118	23
atg000001l_rc_rotated	18119	23
atg000001l_rc_rotated	18120	23
atg000001l_rc_rotated	18121	23
atg000001l_rc_rotated	18122	23
atg000001l_rc_rotated	18123	23
atg000001l_rc_rotated	18124	23
atg000001l_rc_rotated	18125	23
atg000001l_rc_rotated	18126	23
atg000001l_rc_rotated	18127	23
atg000001l_rc_rotated	18128	23
atg000001l_rc_rotated	18129	23
atg000001l_rc_rotated	18130	23
atg000001l_rc_rotated	18131	23
atg000001l_rc_rotated	18132	23
atg000001l_rc_rotated	18133	23
atg000001l_rc_rotated	18134	23
atg000001l_rc_rotated	18135	23
atg000001l_rc_rotated	18136	23
atg000001l_rc_rotated	18137	23
atg000001l_rc_rotated	18138	23
atg000001l_rc_rotated	18139	23
atg000001l_rc_rotated	18140	23
atg000001l_rc_rotated	18141	23
atg000001l_rc_rotated	18142	23
atg000001l_rc_rotated	18143	23
atg000001l_rc_rotated	18144	23
atg000001l_rc_rotated	18145	23
atg000001l_rc_rotated	18146	23
atg000001l_rc_rotated	18147	23
atg000001l_rc_rotated	18148	23
atg000001l_rc_rotated	18149	23
atg000001l_rc_rotated	18150	23
atg000001l_rc_rotated	18151	23
atg000001l_rc_rotated	18152	23
atg000001l_rc_rotated	18153	23
atg000001l_rc_rotated	18154	23
atg000001l_rc_rotated	18155	23
atg000001l_rc_rotated	18156	23
atg000001l_rc_rotated	18157	23
atg000001l_rc_rotated	18158	23
atg000001l_rc_rotated	18159	23
atg000001l_rc_rotated	18160	23
atg000001l_rc_rotated	18161	23
atg000001l_rc_rotated	18162	23
atg000001l_rc_rotated	18163	23
atg000001l_rc_rotated	18164	23
atg000001l_rc_rotated	18165	23
atg000001l_rc_rotated	18166	23
atg000001l_rc_rotated	18167	23
atg000001l_rc_rotated	18168	23
atg000001l_rc_rotated	18169	23
atg000001l_rc_rotated	18170	23
atg000001l_rc_rotated	18171	23
atg000001l_rc_rotated	18172	23
atg000001l_rc_rotated	18173	23
atg000001l_rc_rotated	18174	23
atg000001l_rc_rotated	18175	23
atg000001l_rc_rotated	18176	23
atg000001l_rc_rotated	18177	23
atg000001l_rc_rotated	18178	23
atg000001l_rc_rotated	18179	23
atg000001l_rc_rotated	18180	23
atg000001l_rc_rotated	18181	23
atg000001l_rc_rotated	18182	23
atg000001l_rc_rotated	18183	23
atg000001l_rc_rotated	18184	24
atg000001l_rc_rotated	18185	24
atg000001l_rc_rotated	18186	24
atg000001l_rc_rotated	18187	24
atg000001l_rc_rotated	18188	24
atg000001l_rc_rotated	18189	24
atg000001l_rc_rotated	18190	24
atg000001l_rc_rotated	18191	24
atg000001l_rc_rotated	18192	24
atg000001l_rc_rotated	18193	24
atg000001l_rc_rotated	18194	24
atg000001l_rc_rotated	18195	24
atg000001l_rc_rotated	18196	24
atg000001l_rc_rotated	18197	24
atg000001l_rc_rotated	18198	24
atg000001l_rc_rotated	18199	24
atg000001l_rc_rotated	18200	24
atg000001l_rc_rotated	18201	24
atg000001l_rc_rotated	18202	24
atg000001l_rc_rotated	18203	24
atg000001l_rc_rotated	18204	24
atg000001l_rc_rotated	18205	24
atg000001l_rc_rotated	18206	24
atg000001l_rc_rotated	18207	24
atg000001l_rc_rotated	18208	24
atg000001l_rc_rotated	18209	24
atg000001l_rc_rotated	18210	24
atg000001l_rc_rotated	18211	24
atg000001l_rc_rotated	18212	24
atg000001l_rc_rotated	18213	24
atg000001l_rc_rotated	18214	24
atg000001l_rc_rotated	18215	24
atg000001l_rc_rotated	18216	24
atg000001l_rc_rotated	18217	24
atg000001l_rc_rotated	18218	24
atg000001l_rc_rotated	18219	24
atg000001l_rc_rotated	18220	24
atg000001l_rc_rotated	18221	24
atg000001l_rc_rotated	18222	24
atg000001l_rc_rotated	18223	24
atg000001l_rc_rotated	18224	24
atg000001l_rc_rotated	18225	24
atg000001l_rc_rotated	18226	25
atg000001l_rc_rotated	18227	25
atg000001l_rc_rotated	18228	25
atg000001l_rc_rotated	18229	25
atg000001l_rc_rotated	18230	25
atg000001l_rc_rotated	18231	25
atg000001l_rc_rotated	18232	25
atg000001l_rc_rotated	18233	25
atg000001l_rc_rotated	18234	25
atg000001l_rc_rotated	18235	25
atg000001l_rc_rotated	18236	25
atg000001l_rc_rotated	18237	25
atg000001l_rc_rotated	18238	25
atg000001l_rc_rotated	18239	25
atg000001l_rc_rotated	18240	25
atg000001l_rc_rotated	18241	25
atg000001l_rc_rotated	18242	25
atg000001l_rc_rotated	18243	25
atg000001l_rc_rotated	18244	25
atg000001l_rc_rotated	18245	25
atg000001l_rc_rotated	18246	25
atg000001l_rc_rotated	18247	25
atg000001l_rc_rotated	18248	25
atg000001l_rc_rotated	18249	25
atg000001l_rc_rotated	18250	25
atg000001l_rc_rotated	18251	25
atg000001l_rc_rotated	18252	25
atg000001l_rc_rotated	18253	26
atg000001l_rc_rotated	18254	26
atg000001l_rc_rotated	18255	26
atg000001l_rc_rotated	18256	26
atg000001l_rc_rotated	18257	26
atg000001l_rc_rotated	18258	26
atg000001l_rc_rotated	18259	26
atg000001l_rc_rotated	18260	26
atg000001l_rc_rotated	18261	26
atg000001l_rc_rotated	18262	26
atg000001l_rc_rotated	18263	26
atg000001l_rc_rotated	18264	26
atg000001l_rc_rotated	18265	26
atg000001l_rc_rotated	18266	26
atg000001l_rc_rotated	18267	26
atg000001l_rc_rotated	18268	26
atg000001l_rc_rotated	18269	26
atg000001l_rc_rotated	18270	26
atg000001l_rc_rotated	18271	26
atg000001l_rc_rotated	18272	26
atg000001l_rc_rotated	18273	26
atg000001l_rc_rotated	18274	26
atg000001l_rc_rotated	18275	26
atg000001l_rc_rotated	18276	26
atg000001l_rc_rotated	18277	26
atg000001l_rc_rotated	18278	26
atg000001l_rc_rotated	18279	26
atg000001l_rc_rotated	18280	26
atg000001l_rc_rotated	18281	26
atg000001l_rc_rotated	18282	26
atg000001l_rc_rotated	18283	26
atg000001l_rc_rotated	18284	26
atg000001l_rc_rotated	18285	26
atg000001l_rc_rotated	18286	26
atg000001l_rc_rotated	18287	26
atg000001l_rc_rotated	18288	26
atg000001l_rc_rotated	18289	26
atg000001l_rc_rotated	18290	26
atg000001l_rc_rotated	18291	26
atg000001l_rc_rotated	18292	26
atg000001l_rc_rotated	18293	26
atg000001l_rc_rotated	18294	26
atg000001l_rc_rotated	18295	26
atg000001l_rc_rotated	18296	26
atg000001l_rc_rotated	18297	26
atg000001l_rc_rotated	18298	26
atg000001l_rc_rotated	18299	26
atg000001l_rc_rotated	18300	26
atg000001l_rc_rotated	18301	26
atg000001l_rc_rotated	18302	26
atg000001l_rc_rotated	18303	26
atg000001l_rc_rotated	18304	26
atg000001l_rc_rotated	18305	26
atg000001l_rc_rotated	18306	26
atg000001l_rc_rotated	18307	26
atg000001l_rc_rotated	18308	26
atg000001l_rc_rotated	18309	26
atg000001l_rc_rotated	18310	26
atg000001l_rc_rotated	18311	26
atg000001l_rc_rotated	18312	26
atg000001l_rc_rotated	18313	26
atg000001l_rc_rotated	18314	26
atg000001l_rc_rotated	18315	26
atg000001l_rc_rotated	18316	26
atg000001l_rc_rotated	18317	26
atg000001l_rc_rotated	18318	26
atg000001l_rc_rotated	18319	26
atg000001l_rc_rotated	18320	26
atg000001l_rc_rotated	18321	26
atg000001l_rc_rotated	18322	26
atg000001l_rc_rotated	18323	27
atg000001l_rc_rotated	18324	27
atg000001l_rc_rotated	18325	27
atg000001l_rc_rotated	18326	27
atg000001l_rc_rotated	18327	27
atg000001l_rc_rotated	18328	27
atg000001l_rc_rotated	18329	27
atg000001l_rc_rotated	18330	27
atg000001l_rc_rotated	18331	27
atg000001l_rc_rotated	18332	27
atg000001l_rc_rotated	18333	27
atg000001l_rc_rotated	18334	27
atg000001l_rc_rotated	18335	27
atg000001l_rc_rotated	18336	27
atg000001l_rc_rotated	18337	27
atg000001l_rc_rotated	18338	27
atg000001l_rc_rotated	18339	28
atg000001l_rc_rotated	18340	28
atg000001l_rc_rotated	18341	28
atg000001l_rc_rotated	18342	28
atg000001l_rc_rotated	18343	28
atg000001l_rc_rotated	18344	28
atg000001l_rc_rotated	18345	28
atg000001l_rc_rotated	18346	28
atg000001l_rc_rotated	18347	28
atg000001l_rc_rotated	18348	28
atg000001l_rc_rotated	18349	28
atg000001l_rc_rotated	18350	28
atg000001l_rc_rotated	18351	28
atg000001l_rc_rotated	18352	28
atg000001l_rc_rotated	18353	28
atg000001l_rc_rotated	18354	28
atg000001l_rc_rotated	18355	28
atg000001l_rc_rotated	18356	28
atg000001l_rc_rotated	18357	28
atg000001l_rc_rotated	18358	28
atg000001l_rc_rotated	18359	28
atg000001l_rc_rotated	18360	28
atg000001l_rc_rotated	18361	28
atg000001l_rc_rotated	18362	28
atg000001l_rc_rotated	18363	28
atg000001l_rc_rotated	18364	28
atg000001l_rc_rotated	18365	28
atg000001l_rc_rotated	18366	28
atg000001l_rc_rotated	18367	28
atg000001l_rc_rotated	18368	28
atg000001l_rc_rotated	18369	28
atg000001l_rc_rotated	18370	28
atg000001l_rc_rotated	18371	28
atg000001l_rc_rotated	18372	28
atg000001l_rc_rotated	18373	28
atg000001l_rc_rotated	18374	28
atg000001l_rc_rotated	18375	28
atg000001l_rc_rotated	18376	28
atg000001l_rc_rotated	18377	28
atg000001l_rc_rotated	18378	28
atg000001l_rc_rotated	18379	28
atg000001l_rc_rotated	18380	28
atg000001l_rc_rotated	18381	28
atg000001l_rc_rotated	18382	28
atg000001l_rc_rotated	18383	28
atg000001l_rc_rotated	18384	28
atg000001l_rc_rotated	18385	28
atg000001l_rc_rotated	18386	28
atg000001l_rc_rotated	18387	28
atg000001l_rc_rotated	18388	28
atg000001l_rc_rotated	18389	28
atg000001l_rc_rotated	18390	28
atg000001l_rc_rotated	18391	28
atg000001l_rc_rotated	18392	28
atg000001l_rc_rotated	18393	28
atg000001l_rc_rotated	18394	28
atg000001l_rc_rotated	18395	28
atg000001l_rc_rotated	18396	28
atg000001l_rc_rotated	18397	28
atg000001l_rc_rotated	18398	28
atg000001l_rc_rotated	18399	28
atg000001l_rc_rotated	18400	28
atg000001l_rc_rotated	18401	28
atg000001l_rc_rotated	18402	28
atg000001l_rc_rotated	18403	28
atg000001l_rc_rotated	18404	28
atg000001l_rc_rotated	18405	28
atg000001l_rc_rotated	18406	28
atg000001l_rc_rotated	18407	28
atg000001l_rc_rotated	18408	28
atg000001l_rc_rotated	18409	28
atg000001l_rc_rotated	18410	28
atg000001l_rc_rotated	18411	28
atg000001l_rc_rotated	18412	28
atg000001l_rc_rotated	18413	28
atg000001l_rc_rotated	18414	28
atg000001l_rc_rotated	18415	28
atg000001l_rc_rotated	18416	28
atg000001l_rc_rotated	18417	28
atg000001l_rc_rotated	18418	28
atg000001l_rc_rotated	18419	28
atg000001l_rc_rotated	18420	28
atg000001l_rc_rotated	18421	28
atg000001l_rc_rotated	18422	28
atg000001l_rc_rotated	18423	28
atg000001l_rc_rotated	18424	28
atg000001l_rc_rotated	18425	28
atg000001l_rc_rotated	18426	28
atg000001l_rc_rotated	18427	28
atg000001l_rc_rotated	18428	28
atg000001l_rc_rotated	18429	28
atg000001l_rc_rotated	18430	28
atg000001l_rc_rotated	18431	28
atg000001l_rc_rotated	18432	28
atg000001l_rc_rotated	18433	28
atg000001l_rc_rotated	18434	28
atg000001l_rc_rotated	18435	28
atg000001l_rc_rotated	18436	28
atg000001l_rc_rotated	18437	28
atg000001l_rc_rotated	18438	28
atg000001l_rc_rotated	18439	28
atg000001l_rc_rotated	18440	28
atg000001l_rc_rotated	18441	28
atg000001l_rc_rotated	18442	28
atg000001l_rc_rotated	18443	28
atg000001l_rc_rotated	18444	28
atg000001l_rc_rotated	18445	28
atg000001l_rc_rotated	18446	28
atg000001l_rc_rotated	18447	28
atg000001l_rc_rotated	18448	28
atg000001l_rc_rotated	18449	28
atg000001l_rc_rotated	18450	28
atg000001l_rc_rotated	18451	28
atg000001l_rc_rotated	18452	28
atg000001l_rc_rotated	18453	28
atg000001l_rc_rotated	18454	28
atg000001l_rc_rotated	18455	28
atg000001l_rc_rotated	18456	28
atg000001l_rc_rotated	18457	28
atg000001l_rc_rotated	18458	28
atg000001l_rc_rotated	18459	28
atg000001l_rc_rotated	18460	28
atg000001l_rc_rotated	18461	28
atg000001l_rc_rotated	18462	28
atg000001l_rc_rotated	18463	28
atg000001l_rc_rotated	18464	28
atg000001l_rc_rotated	18465	28
atg000001l_rc_rotated	18466	28
atg000001l_rc_rotated	18467	28
atg000001l_rc_rotated	18468	28
atg000001l_rc_rotated	18469	28
atg000001l_rc_rotated	18470	28
atg000001l_rc_rotated	18471	28
atg000001l_rc_rotated	18472	28
atg000001l_rc_rotated	18473	28
atg000001l_rc_rotated	18474	28
atg000001l_rc_rotated	18475	28
atg000001l_rc_rotated	18476	28
atg000001l_rc_rotated	18477	28
atg000001l_rc_rotated	18478	28
atg000001l_rc_rotated	18479	28
atg000001l_rc_rotated	18480	28
atg000001l_rc_rotated	18481	28
atg000001l_rc_rotated	18482	28
atg000001l_rc_rotated	18483	28
atg000001l_rc_rotated	18484	28
atg000001l_rc_rotated	18485	28
atg000001l_rc_rotated	18486	28
atg000001l_rc_rotated	18487	28
atg000001l_rc_rotated	18488	28
atg000001l_rc_rotated	18489	28
atg000001l_rc_rotated	18490	28
atg000001l_rc_rotated	18491	28
atg000001l_rc_rotated	18492	28
atg000001l_rc_rotated	18493	28
atg000001l_rc_rotated	18494	28
atg000001l_rc_rotated	18495	28
atg000001l_rc_rotated	18496	28
atg000001l_rc_rotated	18497	28
atg000001l_rc_rotated	18498	28
atg000001l_rc_rotated	18499	28
atg000001l_rc_rotated	18500	28
atg000001l_rc_rotated	18501	28
atg000001l_rc_rotated	18502	28
atg000001l_rc_rotated	18503	28
atg000001l_rc_rotated	18504	28
atg000001l_rc_rotated	18505	28
atg000001l_rc_rotated	18506	28
atg000001l_rc_rotated	18507	28
atg000001l_rc_rotated	18508	28
atg000001l_rc_rotated	18509	28
atg000001l_rc_rotated	18510	28
atg000001l_rc_rotated	18511	28
atg000001l_rc_rotated	18512	28
atg000001l_rc_rotated	18513	28
atg000001l_rc_rotated	18514	28
atg000001l_rc_rotated	18515	28
atg000001l_rc_rotated	18516	28
atg000001l_rc_rotated	18517	28
atg000001l_rc_rotated	18518	28
atg000001l_rc_rotated	18519	28
atg000001l_rc_rotated	18520	28
atg000001l_rc_rotated	18521	28
atg000001l_rc_rotated	18522	28
atg000001l_rc_rotated	18523	28
atg000001l_rc_rotated	18524	28
atg000001l_rc_rotated	18525	28
atg000001l_rc_rotated	18526	28
atg000001l_rc_rotated	18527	28
atg000001l_rc_rotated	18528	28
atg000001l_rc_rotated	18529	28
atg000001l_rc_rotated	18530	28
atg000001l_rc_rotated	18531	28
atg000001l_rc_rotated	18532	28
atg000001l_rc_rotated	18533	28
atg000001l_rc_rotated	18534	28
atg000001l_rc_rotated	18535	28
atg000001l_rc_rotated	18536	28
atg000001l_rc_rotated	18537	28
atg000001l_rc_rotated	18538	28
atg000001l_rc_rotated	18539	28
atg000001l_rc_rotated	18540	28
atg000001l_rc_rotated	18541	28
atg000001l_rc_rotated	18542	28
atg000001l_rc_rotated	18543	28
atg000001l_rc_rotated	18544	28
atg000001l_rc_rotated	18545	28
atg000001l_rc_rotated	18546	28
atg000001l_rc_rotated	18547	28
atg000001l_rc_rotated	18548	28
atg000001l_rc_rotated	18549	28
atg000001l_rc_rotated	18550	28
atg000001l_rc_rotated	18551	28
atg000001l_rc_rotated	18552	28
atg000001l_rc_rotated	18553	28
atg000001l_rc_rotated	18554	28
atg000001l_rc_rotated	18555	28
atg000001l_rc_rotated	18556	28
atg000001l_rc_rotated	18557	28
atg000001l_rc_rotated	18558	28
atg000001l_rc_rotated	18559	28
atg000001l_rc_rotated	18560	28
atg000001l_rc_rotated	18561	28
atg000001l_rc_rotated	18562	28
atg000001l_rc_rotated	18563	28
atg000001l_rc_rotated	18564	28
atg000001l_rc_rotated	18565	28
atg000001l_rc_rotated	18566	28
atg000001l_rc_rotated	18567	28
atg000001l_rc_rotated	18568	28
atg000001l_rc_rotated	18569	28
atg000001l_rc_rotated	18570	28
atg000001l_rc_rotated	18571	28
atg000001l_rc_rotated	18572	28
atg000001l_rc_rotated	18573	28
atg000001l_rc_rotated	18574	28
atg000001l_rc_rotated	18575	28
atg000001l_rc_rotated	18576	28
atg000001l_rc_rotated	18577	28
atg000001l_rc_rotated	18578	28
atg000001l_rc_rotated	18579	28
atg000001l_rc_rotated	18580	28
atg000001l_rc_rotated	18581	28
atg000001l_rc_rotated	18582	28
atg000001l_rc_rotated	18583	28
atg000001l_rc_rotated	18584	28
atg000001l_rc_rotated	18585	28
atg000001l_rc_rotated	18586	28
atg000001l_rc_rotated	18587	28
atg000001l_rc_rotated	18588	28
atg000001l_rc_rotated	18589	28
atg000001l_rc_rotated	18590	28
atg000001l_rc_rotated	18591	28
atg000001l_rc_rotated	18592	28
atg000001l_rc_rotated	18593	28
atg000001l_rc_rotated	18594	28
atg000001l_rc_rotated	18595	28
atg000001l_rc_rotated	18596	28
atg000001l_rc_rotated	18597	29
atg000001l_rc_rotated	18598	29
atg000001l_rc_rotated	18599	29
atg000001l_rc_rotated	18600	29
atg000001l_rc_rotated	18601	29
atg000001l_rc_rotated	18602	29
atg000001l_rc_rotated	18603	29
atg000001l_rc_rotated	18604	29
atg000001l_rc_rotated	18605	29
atg000001l_rc_rotated	18606	29
atg000001l_rc_rotated	18607	29
atg000001l_rc_rotated	18608	29
atg000001l_rc_rotated	18609	29
atg000001l_rc_rotated	18610	29
atg000001l_rc_rotated	18611	29
atg000001l_rc_rotated	18612	29
atg000001l_rc_rotated	18613	29
atg000001l_rc_rotated	18614	29
atg000001l_rc_rotated	18615	29
atg000001l_rc_rotated	18616	29
atg000001l_rc_rotated	18617	29
atg000001l_rc_rotated	18618	29
atg000001l_rc_rotated	18619	29
atg000001l_rc_rotated	18620	29
atg000001l_rc_rotated	18621	29
atg000001l_rc_rotated	18622	29
atg000001l_rc_rotated	18623	29
atg000001l_rc_rotated	18624	29
atg000001l_rc_rotated	18625	29
atg000001l_rc_rotated	18626	29
atg000001l_rc_rotated	18627	29
atg000001l_rc_rotated	18628	29
atg000001l_rc_rotated	18629	29
atg000001l_rc_rotated	18630	29
atg000001l_rc_rotated	18631	29
atg000001l_rc_rotated	18632	29
atg000001l_rc_rotated	18633	29
atg000001l_rc_rotated	18634	29
atg000001l_rc_rotated	18635	29
atg000001l_rc_rotated	18636	29
atg000001l_rc_rotated	18637	29
atg000001l_rc_rotated	18638	29
atg000001l_rc_rotated	18639	29
atg000001l_rc_rotated	18640	29
atg000001l_rc_rotated	18641	29
atg000001l_rc_rotated	18642	29
atg000001l_rc_rotated	18643	29
atg000001l_rc_rotated	18644	29
atg000001l_rc_rotated	18645	29
atg000001l_rc_rotated	18646	29
atg000001l_rc_rotated	18647	29
atg000001l_rc_rotated	18648	29
atg000001l_rc_rotated	18649	29
atg000001l_rc_rotated	18650	29
atg000001l_rc_rotated	18651	29
atg000001l_rc_rotated	18652	29
atg000001l_rc_rotated	18653	29
atg000001l_rc_rotated	18654	29
atg000001l_rc_rotated	18655	29
atg000001l_rc_rotated	18656	29
atg000001l_rc_rotated	18657	29
atg000001l_rc_rotated	18658	29
atg000001l_rc_rotated	18659	29
atg000001l_rc_rotated	18660	29
atg000001l_rc_rotated	18661	29
atg000001l_rc_rotated	18662	29
atg000001l_rc_rotated	18663	29
atg000001l_rc_rotated	18664	29
atg000001l_rc_rotated	18665	29
atg000001l_rc_rotated	18666	29
atg000001l_rc_rotated	18667	29
atg000001l_rc_rotated	18668	29
atg000001l_rc_rotated	18669	29
atg000001l_rc_rotated	18670	29
atg000001l_rc_rotated	18671	29
atg000001l_rc_rotated	18672	29
atg000001l_rc_rotated	18673	29
atg000001l_rc_rotated	18674	29
atg000001l_rc_rotated	18675	29
atg000001l_rc_rotated	18676	29
atg000001l_rc_rotated	18677	29
atg000001l_rc_rotated	18678	29
atg000001l_rc_rotated	18679	29
atg000001l_rc_rotated	18680	29
atg000001l_rc_rotated	18681	29
atg000001l_rc_rotated	18682	29
atg000001l_rc_rotated	18683	29
atg000001l_rc_rotated	18684	29
atg000001l_rc_rotated	18685	29
atg000001l_rc_rotated	18686	29
atg000001l_rc_rotated	18687	29
atg000001l_rc_rotated	18688	29
atg000001l_rc_rotated	18689	29
atg000001l_rc_rotated	18690	29
atg000001l_rc_rotated	18691	29
atg000001l_rc_rotated	18692	29
atg000001l_rc_rotated	18693	29
atg000001l_rc_rotated	18694	29
atg000001l_rc_rotated	18695	29
atg000001l_rc_rotated	18696	29
atg000001l_rc_rotated	18697	29
atg000001l_rc_rotated	18698	29
atg000001l_rc_rotated	18699	29
atg000001l_rc_rotated	18700	29
atg000001l_rc_rotated	18701	29
atg000001l_rc_rotated	18702	29
atg000001l_rc_rotated	18703	29
atg000001l_rc_rotated	18704	29
atg000001l_rc_rotated	18705	29
atg000001l_rc_rotated	18706	29
atg000001l_rc_rotated	18707	29
atg000001l_rc_rotated	18708	29
atg000001l_rc_rotated	18709	29
atg000001l_rc_rotated	18710	29
atg000001l_rc_rotated	18711	29
atg000001l_rc_rotated	18712	29
atg000001l_rc_rotated	18713	29
atg000001l_rc_rotated	18714	29
atg000001l_rc_rotated	18715	29
atg000001l_rc_rotated	18716	29
atg000001l_rc_rotated	18717	29
atg000001l_rc_rotated	18718	29
atg000001l_rc_rotated	18719	29
atg000001l_rc_rotated	18720	29
atg000001l_rc_rotated	18721	29
atg000001l_rc_rotated	18722	29
atg000001l_rc_rotated	18723	29
atg000001l_rc_rotated	18724	29
atg000001l_rc_rotated	18725	29
atg000001l_rc_rotated	18726	29
atg000001l_rc_rotated	18727	29
atg000001l_rc_rotated	18728	29
atg000001l_rc_rotated	18729	29
atg000001l_rc_rotated	18730	29
atg000001l_rc_rotated	18731	29
atg000001l_rc_rotated	18732	29
atg000001l_rc_rotated	18733	29
atg000001l_rc_rotated	18734	30
atg000001l_rc_rotated	18735	30
atg000001l_rc_rotated	18736	30
atg000001l_rc_rotated	18737	30
atg000001l_rc_rotated	18738	30
atg000001l_rc_rotated	18739	30
atg000001l_rc_rotated	18740	30
atg000001l_rc_rotated	18741	30
atg000001l_rc_rotated	18742	30
atg000001l_rc_rotated	18743	30
atg000001l_rc_rotated	18744	30
atg000001l_rc_rotated	18745	30
atg000001l_rc_rotated	18746	30
atg000001l_rc_rotated	18747	30
atg000001l_rc_rotated	18748	30
atg000001l_rc_rotated	18749	30
atg000001l_rc_rotated	18750	30
atg000001l_rc_rotated	18751	30
atg000001l_rc_rotated	18752	30
atg000001l_rc_rotated	18753	30
atg000001l_rc_rotated	18754	30
atg000001l_rc_rotated	18755	30
atg000001l_rc_rotated	18756	30
atg000001l_rc_rotated	18757	30
atg000001l_rc_rotated	18758	30
atg000001l_rc_rotated	18759	30
atg000001l_rc_rotated	18760	30
atg000001l_rc_rotated	18761	30
atg000001l_rc_rotated	18762	30
atg000001l_rc_rotated	18763	30
atg000001l_rc_rotated	18764	30
atg000001l_rc_rotated	18765	30
atg000001l_rc_rotated	18766	30
atg000001l_rc_rotated	18767	30
atg000001l_rc_rotated	18768	30
atg000001l_rc_rotated	18769	30
atg000001l_rc_rotated	18770	30
atg000001l_rc_rotated	18771	30
atg000001l_rc_rotated	18772	30
atg000001l_rc_rotated	18773	30
atg000001l_rc_rotated	18774	30
atg000001l_rc_rotated	18775	30
atg000001l_rc_rotated	18776	30
atg000001l_rc_rotated	18777	30
atg000001l_rc_rotated	18778	30
atg000001l_rc_rotated	18779	30
atg000001l_rc_rotated	18780	30
atg000001l_rc_rotated	18781	30
atg000001l_rc_rotated	18782	30
atg000001l_rc_rotated	18783	30
atg000001l_rc_rotated	18784	30
atg000001l_rc_rotated	18785	30
atg000001l_rc_rotated	18786	30
atg000001l_rc_rotated	18787	30
atg000001l_rc_rotated	18788	30
atg000001l_rc_rotated	18789	30
atg000001l_rc_rotated	18790	30
atg000001l_rc_rotated	18791	30
atg000001l_rc_rotated	18792	30
atg000001l_rc_rotated	18793	30
atg000001l_rc_rotated	18794	30
atg000001l_rc_rotated	18795	30
atg000001l_rc_rotated	18796	30
atg000001l_rc_rotated	18797	30
atg000001l_rc_rotated	18798	30
atg000001l_rc_rotated	18799	30
atg000001l_rc_rotated	18800	30
atg000001l_rc_rotated	18801	30
atg000001l_rc_rotated	18802	30
atg000001l_rc_rotated	18803	30
atg000001l_rc_rotated	18804	30
atg000001l_rc_rotated	18805	30
atg000001l_rc_rotated	18806	30
atg000001l_rc_rotated	18807	30
atg000001l_rc_rotated	18808	30
atg000001l_rc_rotated	18809	30
atg000001l_rc_rotated	18810	30
atg000001l_rc_rotated	18811	30
atg000001l_rc_rotated	18812	30
atg000001l_rc_rotated	18813	30
atg000001l_rc_rotated	18814	30
atg000001l_rc_rotated	18815	30
atg000001l_rc_rotated	18816	30
atg000001l_rc_rotated	18817	30
atg000001l_rc_rotated	18818	30
atg000001l_rc_rotated	18819	30
atg000001l_rc_rotated	18820	30
atg000001l_rc_rotated	18821	30
atg000001l_rc_rotated	18822	30
atg000001l_rc_rotated	18823	30
atg000001l_rc_rotated	18824	30
atg000001l_rc_rotated	18825	30
atg000001l_rc_rotated	18826	30
atg000001l_rc_rotated	18827	30
atg000001l_rc_rotated	18828	30
atg000001l_rc_rotated	18829	30
atg000001l_rc_rotated	18830	30
atg000001l_rc_rotated	18831	30
atg000001l_rc_rotated	18832	30
atg000001l_rc_rotated	18833	30
atg000001l_rc_rotated	18834	30
atg000001l_rc_rotated	18835	30
atg000001l_rc_rotated	18836	30
atg000001l_rc_rotated	18837	30
atg000001l_rc_rotated	18838	30
atg000001l_rc_rotated	18839	30
atg000001l_rc_rotated	18840	30
atg000001l_rc_rotated	18841	30
atg000001l_rc_rotated	18842	30
atg000001l_rc_rotated	18843	30
atg000001l_rc_rotated	18844	30
atg000001l_rc_rotated	18845	30
atg000001l_rc_rotated	18846	30
atg000001l_rc_rotated	18847	30
atg000001l_rc_rotated	18848	30
atg000001l_rc_rotated	18849	30
atg000001l_rc_rotated	18850	30
atg000001l_rc_rotated	18851	30
atg000001l_rc_rotated	18852	30
atg000001l_rc_rotated	18853	30
atg000001l_rc_rotated	18854	30
atg000001l_rc_rotated	18855	30
atg000001l_rc_rotated	18856	30
atg000001l_rc_rotated	18857	30
atg000001l_rc_rotated	18858	30
atg000001l_rc_rotated	18859	30
atg000001l_rc_rotated	18860	30
atg000001l_rc_rotated	18861	30
atg000001l_rc_rotated	18862	30
atg000001l_rc_rotated	18863	30
atg000001l_rc_rotated	18864	30
atg000001l_rc_rotated	18865	30
atg000001l_rc_rotated	18866	30
atg000001l_rc_rotated	18867	30
atg000001l_rc_rotated	18868	30
atg000001l_rc_rotated	18869	30
atg000001l_rc_rotated	18870	30
atg000001l_rc_rotated	18871	30
atg000001l_rc_rotated	18872	30
atg000001l_rc_rotated	18873	30
atg000001l_rc_rotated	18874	30
atg000001l_rc_rotated	18875	30
atg000001l_rc_rotated	18876	30
atg000001l_rc_rotated	18877	30
atg000001l_rc_rotated	18878	30
atg000001l_rc_rotated	18879	30
atg000001l_rc_rotated	18880	30
atg000001l_rc_rotated	18881	30
atg000001l_rc_rotated	18882	30
atg000001l_rc_rotated	18883	30
atg000001l_rc_rotated	18884	30
atg000001l_rc_rotated	18885	30
atg000001l_rc_rotated	18886	30
atg000001l_rc_rotated	18887	30
atg000001l_rc_rotated	18888	30
atg000001l_rc_rotated	18889	30
atg000001l_rc_rotated	18890	30
atg000001l_rc_rotated	18891	30
atg000001l_rc_rotated	18892	30
atg000001l_rc_rotated	18893	30
atg000001l_rc_rotated	18894	30
atg000001l_rc_rotated	18895	30
atg000001l_rc_rotated	18896	30
atg000001l_rc_rotated	18897	30
atg000001l_rc_rotated	18898	30
atg000001l_rc_rotated	18899	30
atg000001l_rc_rotated	18900	30
atg000001l_rc_rotated	18901	30
atg000001l_rc_rotated	18902	30
atg000001l_rc_rotated	18903	30
atg000001l_rc_rotated	18904	30
atg000001l_rc_rotated	18905	30
atg000001l_rc_rotated	18906	30
atg000001l_rc_rotated	18907	30
atg000001l_rc_rotated	18908	30
atg000001l_rc_rotated	18909	30
atg000001l_rc_rotated	18910	30
atg000001l_rc_rotated	18911	30
atg000001l_rc_rotated	18912	30
atg000001l_rc_rotated	18913	30
atg000001l_rc_rotated	18914	30
atg000001l_rc_rotated	18915	30
atg000001l_rc_rotated	18916	30
atg000001l_rc_rotated	18917	30
atg000001l_rc_rotated	18918	30
atg000001l_rc_rotated	18919	30
atg000001l_rc_rotated	18920	30
atg000001l_rc_rotated	18921	30
atg000001l_rc_rotated	18922	30
atg000001l_rc_rotated	18923	30
atg000001l_rc_rotated	18924	30
atg000001l_rc_rotated	18925	30
atg000001l_rc_rotated	18926	30
atg000001l_rc_rotated	18927	30
atg000001l_rc_rotated	18928	30
atg000001l_rc_rotated	18929	30
atg000001l_rc_rotated	18930	30
atg000001l_rc_rotated	18931	30
atg000001l_rc_rotated	18932	30
atg000001l_rc_rotated	18933	30
atg000001l_rc_rotated	18934	30
atg000001l_rc_rotated	18935	30
atg000001l_rc_rotated	18936	30
atg000001l_rc_rotated	18937	30
atg000001l_rc_rotated	18938	30
atg000001l_rc_rotated	18939	30
atg000001l_rc_rotated	18940	30
atg000001l_rc_rotated	18941	30
atg000001l_rc_rotated	18942	30
atg000001l_rc_rotated	18943	30
atg000001l_rc_rotated	18944	30
atg000001l_rc_rotated	18945	30
atg000001l_rc_rotated	18946	30
atg000001l_rc_rotated	18947	30
atg000001l_rc_rotated	18948	30
atg000001l_rc_rotated	18949	30
atg000001l_rc_rotated	18950	30
atg000001l_rc_rotated	18951	30
atg000001l_rc_rotated	18952	30
atg000001l_rc_rotated	18953	30
atg000001l_rc_rotated	18954	30
atg000001l_rc_rotated	18955	30
atg000001l_rc_rotated	18956	30
atg000001l_rc_rotated	18957	30
atg000001l_rc_rotated	18958	30
atg000001l_rc_rotated	18959	30
atg000001l_rc_rotated	18960	30
atg000001l_rc_rotated	18961	30
atg000001l_rc_rotated	18962	30
atg000001l_rc_rotated	18963	30
atg000001l_rc_rotated	18964	30
atg000001l_rc_rotated	18965	30
atg000001l_rc_rotated	18966	30
atg000001l_rc_rotated	18967	30
atg000001l_rc_rotated	18968	30
atg000001l_rc_rotated	18969	30
atg000001l_rc_rotated	18970	30
atg000001l_rc_rotated	18971	30
atg000001l_rc_rotated	18972	30
atg000001l_rc_rotated	18973	30
atg000001l_rc_rotated	18974	30
atg000001l_rc_rotated	18975	30
atg000001l_rc_rotated	18976	30
atg000001l_rc_rotated	18977	30
atg000001l_rc_rotated	18978	30
atg000001l_rc_rotated	18979	30
atg000001l_rc_rotated	18980	30
atg000001l_rc_rotated	18981	30
atg000001l_rc_rotated	18982	30
atg000001l_rc_rotated	18983	30
atg000001l_rc_rotated	18984	30
atg000001l_rc_rotated	18985	30
atg000001l_rc_rotated	18986	30
atg000001l_rc_rotated	18987	30
atg000001l_rc_rotated	18988	30
atg000001l_rc_rotated	18989	30
atg000001l_rc_rotated	18990	30
atg000001l_rc_rotated	18991	30
atg000001l_rc_rotated	18992	30
atg000001l_rc_rotated	18993	30
atg000001l_rc_rotated	18994	30
atg000001l_rc_rotated	18995	30
atg000001l_rc_rotated	18996	30
atg000001l_rc_rotated	18997	30
atg000001l_rc_rotated	18998	30
atg000001l_rc_rotated	18999	30
atg000001l_rc_rotated	19000	30
atg000001l_rc_rotated	19001	30
atg000001l_rc_rotated	19002	30
atg000001l_rc_rotated	19003	30
atg000001l_rc_rotated	19004	30
atg000001l_rc_rotated	19005	30
atg000001l_rc_rotated	19006	30
atg000001l_rc_rotated	19007	30
atg000001l_rc_rotated	19008	30
atg000001l_rc_rotated	19009	30
atg000001l_rc_rotated	19010	30
atg000001l_rc_rotated	19011	30
atg000001l_rc_rotated	19012	30
atg000001l_rc_rotated	19013	30
atg000001l_rc_rotated	19014	30
atg000001l_rc_rotated	19015	30
atg000001l_rc_rotated	19016	30
atg000001l_rc_rotated	19017	30
atg000001l_rc_rotated	19018	30
atg000001l_rc_rotated	19019	30
atg000001l_rc_rotated	19020	30
atg000001l_rc_rotated	19021	30
atg000001l_rc_rotated	19022	30
atg000001l_rc_rotated	19023	30
atg000001l_rc_rotated	19024	30
atg000001l_rc_rotated	19025	30
atg000001l_rc_rotated	19026	30
atg000001l_rc_rotated	19027	30
atg000001l_rc_rotated	19028	30
atg000001l_rc_rotated	19029	30
atg000001l_rc_rotated	19030	30
atg000001l_rc_rotated	19031	30
atg000001l_rc_rotated	19032	30
atg000001l_rc_rotated	19033	30
atg000001l_rc_rotated	19034	30
atg000001l_rc_rotated	19035	30
atg000001l_rc_rotated	19036	30
atg000001l_rc_rotated	19037	30
atg000001l_rc_rotated	19038	30
atg000001l_rc_rotated	19039	30
atg000001l_rc_rotated	19040	30
atg000001l_rc_rotated	19041	30
atg000001l_rc_rotated	19042	30
atg000001l_rc_rotated	19043	30
atg000001l_rc_rotated	19044	30
atg000001l_rc_rotated	19045	30
atg000001l_rc_rotated	19046	30
atg000001l_rc_rotated	19047	30
atg000001l_rc_rotated	19048	30
atg000001l_rc_rotated	19049	30
atg000001l_rc_rotated	19050	30
atg000001l_rc_rotated	19051	30
atg000001l_rc_rotated	19052	30
atg000001l_rc_rotated	19053	30
atg000001l_rc_rotated	19054	30
atg000001l_rc_rotated	19055	30
atg000001l_rc_rotated	19056	30
atg000001l_rc_rotated	19057	30
atg000001l_rc_rotated	19058	30
atg000001l_rc_rotated	19059	30
atg000001l_rc_rotated	19060	30
atg000001l_rc_rotated	19061	30
atg000001l_rc_rotated	19062	30
atg000001l_rc_rotated	19063	30
atg000001l_rc_rotated	19064	30
atg000001l_rc_rotated	19065	30
atg000001l_rc_rotated	19066	30
atg000001l_rc_rotated	19067	30
atg000001l_rc_rotated	19068	30
atg000001l_rc_rotated	19069	30
atg000001l_rc_rotated	19070	30
atg000001l_rc_rotated	19071	30
atg000001l_rc_rotated	19072	30
atg000001l_rc_rotated	19073	30
atg000001l_rc_rotated	19074	30
atg000001l_rc_rotated	19075	30
atg000001l_rc_rotated	19076	30
atg000001l_rc_rotated	19077	30
atg000001l_rc_rotated	19078	30
atg000001l_rc_rotated	19079	30
atg000001l_rc_rotated	19080	30
atg000001l_rc_rotated	19081	30
atg000001l_rc_rotated	19082	30
atg000001l_rc_rotated	19083	30
atg000001l_rc_rotated	19084	30
atg000001l_rc_rotated	19085	30
atg000001l_rc_rotated	19086	30
atg000001l_rc_rotated	19087	30
atg000001l_rc_rotated	19088	30
atg000001l_rc_rotated	19089	30
atg000001l_rc_rotated	19090	30
atg000001l_rc_rotated	19091	30
atg000001l_rc_rotated	19092	30
atg000001l_rc_rotated	19093	30
atg000001l_rc_rotated	19094	30
atg000001l_rc_rotated	19095	30
atg000001l_rc_rotated	19096	30
atg000001l_rc_rotated	19097	30
atg000001l_rc_rotated	19098	30
atg000001l_rc_rotated	19099	30
atg000001l_rc_rotated	19100	30
atg000001l_rc_rotated	19101	30
atg000001l_rc_rotated	19102	30
atg000001l_rc_rotated	19103	30
atg000001l_rc_rotated	19104	30
atg000001l_rc_rotated	19105	30
atg000001l_rc_rotated	19106	30
atg000001l_rc_rotated	19107	30
atg000001l_rc_rotated	19108	30
atg000001l_rc_rotated	19109	30
atg000001l_rc_rotated	19110	30
atg000001l_rc_rotated	19111	30
atg000001l_rc_rotated	19112	30
atg000001l_rc_rotated	19113	30
atg000001l_rc_rotated	19114	30
atg000001l_rc_rotated	19115	30
atg000001l_rc_rotated	19116	30
atg000001l_rc_rotated	19117	30
atg000001l_rc_rotated	19118	30
atg000001l_rc_rotated	19119	30
atg000001l_rc_rotated	19120	30
atg000001l_rc_rotated	19121	30
atg000001l_rc_rotated	19122	30
atg000001l_rc_rotated	19123	30
atg000001l_rc_rotated	19124	30
atg000001l_rc_rotated	19125	30
atg000001l_rc_rotated	19126	30
atg000001l_rc_rotated	19127	30
atg000001l_rc_rotated	19128	30
atg000001l_rc_rotated	19129	30
atg000001l_rc_rotated	19130	30
atg000001l_rc_rotated	19131	30
atg000001l_rc_rotated	19132	30
atg000001l_rc_rotated	19133	30
atg000001l_rc_rotated	19134	30
atg000001l_rc_rotated	19135	30
atg000001l_rc_rotated	19136	30
atg000001l_rc_rotated	19137	30
atg000001l_rc_rotated	19138	30
atg000001l_rc_rotated	19139	30
atg000001l_rc_rotated	19140	30
atg000001l_rc_rotated	19141	30
atg000001l_rc_rotated	19142	30
atg000001l_rc_rotated	19143	30
atg000001l_rc_rotated	19144	30
atg000001l_rc_rotated	19145	30
atg000001l_rc_rotated	19146	30
atg000001l_rc_rotated	19147	30
atg000001l_rc_rotated	19148	30
atg000001l_rc_rotated	19149	30
atg000001l_rc_rotated	19150	30
atg000001l_rc_rotated	19151	30
atg000001l_rc_rotated	19152	30
atg000001l_rc_rotated	19153	30
atg000001l_rc_rotated	19154	30
atg000001l_rc_rotated	19155	30
atg000001l_rc_rotated	19156	30
atg000001l_rc_rotated	19157	30
atg000001l_rc_rotated	19158	30
atg000001l_rc_rotated	19159	30
atg000001l_rc_rotated	19160	30
atg000001l_rc_rotated	19161	30
atg000001l_rc_rotated	19162	30
atg000001l_rc_rotated	19163	30
atg000001l_rc_rotated	19164	30
atg000001l_rc_rotated	19165	30
atg000001l_rc_rotated	19166	30
atg000001l_rc_rotated	19167	30
atg000001l_rc_rotated	19168	30
atg000001l_rc_rotated	19169	30
atg000001l_rc_rotated	19170	30
atg000001l_rc_rotated	19171	30
atg000001l_rc_rotated	19172	30
atg000001l_rc_rotated	19173	30
atg000001l_rc_rotated	19174	30
atg000001l_rc_rotated	19175	30
atg000001l_rc_rotated	19176	30
atg000001l_rc_rotated	19177	30
atg000001l_rc_rotated	19178	30
atg000001l_rc_rotated	19179	30
atg000001l_rc_rotated	19180	30
atg000001l_rc_rotated	19181	30
atg000001l_rc_rotated	19182	30
atg000001l_rc_rotated	19183	30
atg000001l_rc_rotated	19184	30
atg000001l_rc_rotated	19185	30
atg000001l_rc_rotated	19186	30
atg000001l_rc_rotated	19187	30
atg000001l_rc_rotated	19188	30
atg000001l_rc_rotated	19189	30
atg000001l_rc_rotated	19190	30
atg000001l_rc_rotated	19191	30
atg000001l_rc_rotated	19192	30
atg000001l_rc_rotated	19193	30
atg000001l_rc_rotated	19194	30
atg000001l_rc_rotated	19195	30
atg000001l_rc_rotated	19196	30
atg000001l_rc_rotated	19197	30
atg000001l_rc_rotated	19198	30
atg000001l_rc_rotated	19199	30
atg000001l_rc_rotated	19200	30
atg000001l_rc_rotated	19201	30
atg000001l_rc_rotated	19202	30
atg000001l_rc_rotated	19203	30
atg000001l_rc_rotated	19204	30
atg000001l_rc_rotated	19205	30
atg000001l_rc_rotated	19206	30
atg000001l_rc_rotated	19207	30
atg000001l_rc_rotated	19208	30
atg000001l_rc_rotated	19209	30
atg000001l_rc_rotated	19210	30
atg000001l_rc_rotated	19211	30
atg000001l_rc_rotated	19212	30
atg000001l_rc_rotated	19213	30
atg000001l_rc_rotated	19214	30
atg000001l_rc_rotated	19215	30
atg000001l_rc_rotated	19216	30
atg000001l_rc_rotated	19217	30
atg000001l_rc_rotated	19218	30
atg000001l_rc_rotated	19219	30
atg000001l_rc_rotated	19220	30
atg000001l_rc_rotated	19221	30
atg000001l_rc_rotated	19222	30
atg000001l_rc_rotated	19223	30
atg000001l_rc_rotated	19224	30
atg000001l_rc_rotated	19225	30
atg000001l_rc_rotated	19226	30
atg000001l_rc_rotated	19227	30
atg000001l_rc_rotated	19228	30
atg000001l_rc_rotated	19229	30
atg000001l_rc_rotated	19230	30
atg000001l_rc_rotated	19231	30
atg000001l_rc_rotated	19232	30
atg000001l_rc_rotated	19233	30
atg000001l_rc_rotated	19234	30
atg000001l_rc_rotated	19235	30
atg000001l_rc_rotated	19236	30
atg000001l_rc_rotated	19237	30
atg000001l_rc_rotated	19238	30
atg000001l_rc_rotated	19239	30
atg000001l_rc_rotated	19240	30
atg000001l_rc_rotated	19241	30
atg000001l_rc_rotated	19242	30
atg000001l_rc_rotated	19243	30
atg000001l_rc_rotated	19244	30
atg000001l_rc_rotated	19245	30
atg000001l_rc_rotated	19246	30
atg000001l_rc_rotated	19247	30
atg000001l_rc_rotated	19248	30
atg000001l_rc_rotated	19249	30
atg000001l_rc_rotated	19250	30
atg000001l_rc_rotated	19251	30
atg000001l_rc_rotated	19252	30
atg000001l_rc_rotated	19253	30
atg000001l_rc_rotated	19254	30
atg000001l_rc_rotated	19255	30
atg000001l_rc_rotated	19256	30
atg000001l_rc_rotated	19257	30
atg000001l_rc_rotated	19258	30
atg000001l_rc_rotated	19259	30
atg000001l_rc_rotated	19260	30
atg000001l_rc_rotated	19261	30
atg000001l_rc_rotated	19262	30
atg000001l_rc_rotated	19263	30
atg000001l_rc_rotated	19264	30
atg000001l_rc_rotated	19265	30
atg000001l_rc_rotated	19266	30
atg000001l_rc_rotated	19267	30
atg000001l_rc_rotated	19268	30
atg000001l_rc_rotated	19269	30
atg000001l_rc_rotated	19270	30
atg000001l_rc_rotated	19271	30
atg000001l_rc_rotated	19272	30
atg000001l_rc_rotated	19273	30
atg000001l_rc_rotated	19274	30
atg000001l_rc_rotated	19275	30
atg000001l_rc_rotated	19276	30
atg000001l_rc_rotated	19277	30
atg000001l_rc_rotated	19278	30
atg000001l_rc_rotated	19279	30
atg000001l_rc_rotated	19280	30
atg000001l_rc_rotated	19281	30
atg000001l_rc_rotated	19282	30
atg000001l_rc_rotated	19283	30
atg000001l_rc_rotated	19284	30
atg000001l_rc_rotated	19285	30
atg000001l_rc_rotated	19286	30
atg000001l_rc_rotated	19287	30
atg000001l_rc_rotated	19288	30
atg000001l_rc_rotated	19289	30
atg000001l_rc_rotated	19290	30
atg000001l_rc_rotated	19291	30
atg000001l_rc_rotated	19292	30
atg000001l_rc_rotated	19293	30
atg000001l_rc_rotated	19294	30
atg000001l_rc_rotated	19295	30
atg000001l_rc_rotated	19296	30
atg000001l_rc_rotated	19297	30
atg000001l_rc_rotated	19298	30
atg000001l_rc_rotated	19299	30
atg000001l_rc_rotated	19300	30
atg000001l_rc_rotated	19301	30
atg000001l_rc_rotated	19302	30
atg000001l_rc_rotated	19303	30
atg000001l_rc_rotated	19304	30
atg000001l_rc_rotated	19305	30
atg000001l_rc_rotated	19306	30
atg000001l_rc_rotated	19307	30
atg000001l_rc_rotated	19308	30
atg000001l_rc_rotated	19309	30
atg000001l_rc_rotated	19310	30
atg000001l_rc_rotated	19311	30
atg000001l_rc_rotated	19312	30
atg000001l_rc_rotated	19313	30
atg000001l_rc_rotated	19314	30
atg000001l_rc_rotated	19315	30
atg000001l_rc_rotated	19316	30
atg000001l_rc_rotated	19317	30
atg000001l_rc_rotated	19318	30
atg000001l_rc_rotated	19319	30
atg000001l_rc_rotated	19320	30
atg000001l_rc_rotated	19321	30
atg000001l_rc_rotated	19322	30
atg000001l_rc_rotated	19323	30
atg000001l_rc_rotated	19324	30
atg000001l_rc_rotated	19325	30
atg000001l_rc_rotated	19326	30
atg000001l_rc_rotated	19327	30
atg000001l_rc_rotated	19328	30
atg000001l_rc_rotated	19329	30
atg000001l_rc_rotated	19330	30
atg000001l_rc_rotated	19331	30
atg000001l_rc_rotated	19332	30
atg000001l_rc_rotated	19333	30
atg000001l_rc_rotated	19334	30
atg000001l_rc_rotated	19335	30
atg000001l_rc_rotated	19336	30
atg000001l_rc_rotated	19337	30
atg000001l_rc_rotated	19338	30
atg000001l_rc_rotated	19339	30
atg000001l_rc_rotated	19340	30
atg000001l_rc_rotated	19341	30
atg000001l_rc_rotated	19342	30
atg000001l_rc_rotated	19343	30
atg000001l_rc_rotated	19344	30
atg000001l_rc_rotated	19345	30
atg000001l_rc_rotated	19346	30
atg000001l_rc_rotated	19347	30
atg000001l_rc_rotated	19348	30
atg000001l_rc_rotated	19349	30
atg000001l_rc_rotated	19350	30
atg000001l_rc_rotated	19351	30
atg000001l_rc_rotated	19352	30
atg000001l_rc_rotated	19353	30
atg000001l_rc_rotated	19354	30
atg000001l_rc_rotated	19355	30
atg000001l_rc_rotated	19356	30
atg000001l_rc_rotated	19357	30
atg000001l_rc_rotated	19358	30
atg000001l_rc_rotated	19359	30
atg000001l_rc_rotated	19360	30
atg000001l_rc_rotated	19361	30
atg000001l_rc_rotated	19362	30
atg000001l_rc_rotated	19363	30
atg000001l_rc_rotated	19364	30
atg000001l_rc_rotated	19365	30
atg000001l_rc_rotated	19366	30
atg000001l_rc_rotated	19367	30
atg000001l_rc_rotated	19368	30
atg000001l_rc_rotated	19369	30
atg000001l_rc_rotated	19370	30
atg000001l_rc_rotated	19371	30
atg000001l_rc_rotated	19372	30
atg000001l_rc_rotated	19373	30
atg000001l_rc_rotated	19374	30
atg000001l_rc_rotated	19375	30
atg000001l_rc_rotated	19376	30
atg000001l_rc_rotated	19377	30
atg000001l_rc_rotated	19378	30
atg000001l_rc_rotated	19379	30
atg000001l_rc_rotated	19380	30
atg000001l_rc_rotated	19381	30
atg000001l_rc_rotated	19382	30
atg000001l_rc_rotated	19383	30
atg000001l_rc_rotated	19384	30
atg000001l_rc_rotated	19385	30
atg000001l_rc_rotated	19386	30
atg000001l_rc_rotated	19387	30
atg000001l_rc_rotated	19388	30
atg000001l_rc_rotated	19389	30
atg000001l_rc_rotated	19390	30
atg000001l_rc_rotated	19391	30
atg000001l_rc_rotated	19392	30
atg000001l_rc_rotated	19393	30
atg000001l_rc_rotated	19394	30
atg000001l_rc_rotated	19395	30
atg000001l_rc_rotated	19396	30
atg000001l_rc_rotated	19397	30
atg000001l_rc_rotated	19398	30
atg000001l_rc_rotated	19399	30
atg000001l_rc_rotated	19400	30
atg000001l_rc_rotated	19401	30
atg000001l_rc_rotated	19402	30
atg000001l_rc_rotated	19403	30
atg000001l_rc_rotated	19404	30
atg000001l_rc_rotated	19405	30
atg000001l_rc_rotated	19406	30
atg000001l_rc_rotated	19407	30
atg000001l_rc_rotated	19408	30
atg000001l_rc_rotated	19409	30
atg000001l_rc_rotated	19410	30
atg000001l_rc_rotated	19411	30
atg000001l_rc_rotated	19412	30
atg000001l_rc_rotated	19413	30
atg000001l_rc_rotated	19414	30
atg000001l_rc_rotated	19415	30
atg000001l_rc_rotated	19416	30
atg000001l_rc_rotated	19417	30
atg000001l_rc_rotated	19418	30
atg000001l_rc_rotated	19419	30
atg000001l_rc_rotated	19420	30
atg000001l_rc_rotated	19421	30
atg000001l_rc_rotated	19422	30
atg000001l_rc_rotated	19423	30
atg000001l_rc_rotated	19424	30
atg000001l_rc_rotated	19425	30
atg000001l_rc_rotated	19426	30
atg000001l_rc_rotated	19427	30
atg000001l_rc_rotated	19428	30
atg000001l_rc_rotated	19429	30
atg000001l_rc_rotated	19430	30
atg000001l_rc_rotated	19431	30
atg000001l_rc_rotated	19432	30
atg000001l_rc_rotated	19433	30
atg000001l_rc_rotated	19434	30
atg000001l_rc_rotated	19435	30
atg000001l_rc_rotated	19436	30
atg000001l_rc_rotated	19437	30
atg000001l_rc_rotated	19438	30
atg000001l_rc_rotated	19439	30
atg000001l_rc_rotated	19440	30
atg000001l_rc_rotated	19441	30
atg000001l_rc_rotated	19442	30
atg000001l_rc_rotated	19443	30
atg000001l_rc_rotated	19444	30
atg000001l_rc_rotated	19445	30
atg000001l_rc_rotated	19446	30
atg000001l_rc_rotated	19447	30
atg000001l_rc_rotated	19448	30
atg000001l_rc_rotated	19449	30
atg000001l_rc_rotated	19450	30
atg000001l_rc_rotated	19451	30
atg000001l_rc_rotated	19452	30
atg000001l_rc_rotated	19453	30
atg000001l_rc_rotated	19454	30
atg000001l_rc_rotated	19455	30
atg000001l_rc_rotated	19456	30
atg000001l_rc_rotated	19457	30
atg000001l_rc_rotated	19458	30
atg000001l_rc_rotated	19459	30
atg000001l_rc_rotated	19460	30
atg000001l_rc_rotated	19461	30
atg000001l_rc_rotated	19462	30
atg000001l_rc_rotated	19463	30
atg000001l_rc_rotated	19464	30
atg000001l_rc_rotated	19465	30
atg000001l_rc_rotated	19466	30
atg000001l_rc_rotated	19467	30
atg000001l_rc_rotated	19468	30
atg000001l_rc_rotated	19469	30
atg000001l_rc_rotated	19470	30
atg000001l_rc_rotated	19471	30
atg000001l_rc_rotated	19472	30
atg000001l_rc_rotated	19473	30
atg000001l_rc_rotated	19474	30
atg000001l_rc_rotated	19475	30
atg000001l_rc_rotated	19476	30
atg000001l_rc_rotated	19477	30
atg000001l_rc_rotated	19478	30
atg000001l_rc_rotated	19479	30
atg000001l_rc_rotated	19480	30
atg000001l_rc_rotated	19481	30
atg000001l_rc_rotated	19482	30
atg000001l_rc_rotated	19483	30
atg000001l_rc_rotated	19484	30
atg000001l_rc_rotated	19485	30
atg000001l_rc_rotated	19486	30
atg000001l_rc_rotated	19487	30
atg000001l_rc_rotated	19488	30
atg000001l_rc_rotated	19489	30
atg000001l_rc_rotated	19490	30
atg000001l_rc_rotated	19491	30
atg000001l_rc_rotated	19492	30
atg000001l_rc_rotated	19493	30
atg000001l_rc_rotated	19494	30
atg000001l_rc_rotated	19495	30
atg000001l_rc_rotated	19496	30
atg000001l_rc_rotated	19497	30
atg000001l_rc_rotated	19498	30
atg000001l_rc_rotated	19499	30
atg000001l_rc_rotated	19500	30
atg000001l_rc_rotated	19501	30
atg000001l_rc_rotated	19502	30
atg000001l_rc_rotated	19503	30
atg000001l_rc_rotated	19504	30
atg000001l_rc_rotated	19505	30
atg000001l_rc_rotated	19506	30
atg000001l_rc_rotated	19507	30
atg000001l_rc_rotated	19508	30
atg000001l_rc_rotated	19509	30
atg000001l_rc_rotated	19510	30
atg000001l_rc_rotated	19511	30
atg000001l_rc_rotated	19512	30
atg000001l_rc_rotated	19513	30
atg000001l_rc_rotated	19514	30
atg000001l_rc_rotated	19515	30
atg000001l_rc_rotated	19516	30
atg000001l_rc_rotated	19517	30
atg000001l_rc_rotated	19518	30
atg000001l_rc_rotated	19519	30
atg000001l_rc_rotated	19520	30
atg000001l_rc_rotated	19521	30
atg000001l_rc_rotated	19522	30
atg000001l_rc_rotated	19523	30
atg000001l_rc_rotated	19524	30
atg000001l_rc_rotated	19525	30
atg000001l_rc_rotated	19526	30
atg000001l_rc_rotated	19527	30
atg000001l_rc_rotated	19528	30
atg000001l_rc_rotated	19529	30
atg000001l_rc_rotated	19530	30
atg000001l_rc_rotated	19531	30
atg000001l_rc_rotated	19532	30
atg000001l_rc_rotated	19533	30
atg000001l_rc_rotated	19534	30
atg000001l_rc_rotated	19535	30
atg000001l_rc_rotated	19536	30
atg000001l_rc_rotated	19537	30
atg000001l_rc_rotated	19538	30
atg000001l_rc_rotated	19539	30
atg000001l_rc_rotated	19540	30
atg000001l_rc_rotated	19541	30
atg000001l_rc_rotated	19542	30
atg000001l_rc_rotated	19543	30
atg000001l_rc_rotated	19544	30
atg000001l_rc_rotated	19545	30
atg000001l_rc_rotated	19546	30
atg000001l_rc_rotated	19547	30
atg000001l_rc_rotated	19548	30
atg000001l_rc_rotated	19549	30
atg000001l_rc_rotated	19550	30
atg000001l_rc_rotated	19551	30
atg000001l_rc_rotated	19552	30
atg000001l_rc_rotated	19553	30
atg000001l_rc_rotated	19554	30
atg000001l_rc_rotated	19555	30
atg000001l_rc_rotated	19556	30
atg000001l_rc_rotated	19557	30
atg000001l_rc_rotated	19558	30
atg000001l_rc_rotated	19559	30
atg000001l_rc_rotated	19560	30
atg000001l_rc_rotated	19561	30
atg000001l_rc_rotated	19562	30
atg000001l_rc_rotated	19563	30
atg000001l_rc_rotated	19564	31
atg000001l_rc_rotated	19565	31
atg000001l_rc_rotated	19566	31
atg000001l_rc_rotated	19567	31
atg000001l_rc_rotated	19568	31
atg000001l_rc_rotated	19569	31
atg000001l_rc_rotated	19570	31
atg000001l_rc_rotated	19571	31
atg000001l_rc_rotated	19572	31
atg000001l_rc_rotated	19573	31
atg000001l_rc_rotated	19574	31
atg000001l_rc_rotated	19575	31
atg000001l_rc_rotated	19576	31
atg000001l_rc_rotated	19577	31
atg000001l_rc_rotated	19578	31
atg000001l_rc_rotated	19579	31
atg000001l_rc_rotated	19580	31
atg000001l_rc_rotated	19581	31
atg000001l_rc_rotated	19582	31
atg000001l_rc_rotated	19583	31
atg000001l_rc_rotated	19584	31
atg000001l_rc_rotated	19585	31
atg000001l_rc_rotated	19586	31
atg000001l_rc_rotated	19587	31
atg000001l_rc_rotated	19588	31
atg000001l_rc_rotated	19589	31
atg000001l_rc_rotated	19590	31
atg000001l_rc_rotated	19591	31
atg000001l_rc_rotated	19592	31
atg000001l_rc_rotated	19593	31
atg000001l_rc_rotated	19594	31
atg000001l_rc_rotated	19595	31
atg000001l_rc_rotated	19596	31
atg000001l_rc_rotated	19597	31
atg000001l_rc_rotated	19598	31
atg000001l_rc_rotated	19599	31
atg000001l_rc_rotated	19600	31
atg000001l_rc_rotated	19601	31
atg000001l_rc_rotated	19602	31
atg000001l_rc_rotated	19603	31
atg000001l_rc_rotated	19604	31
atg000001l_rc_rotated	19605	31
atg000001l_rc_rotated	19606	31
atg000001l_rc_rotated	19607	31
atg000001l_rc_rotated	19608	31
atg000001l_rc_rotated	19609	31
atg000001l_rc_rotated	19610	31
atg000001l_rc_rotated	19611	31
atg000001l_rc_rotated	19612	31
atg000001l_rc_rotated	19613	31
atg000001l_rc_rotated	19614	31
atg000001l_rc_rotated	19615	31
atg000001l_rc_rotated	19616	31
atg000001l_rc_rotated	19617	31
atg000001l_rc_rotated	19618	31
atg000001l_rc_rotated	19619	31
atg000001l_rc_rotated	19620	31
atg000001l_rc_rotated	19621	31
atg000001l_rc_rotated	19622	31
atg000001l_rc_rotated	19623	31
atg000001l_rc_rotated	19624	31
atg000001l_rc_rotated	19625	31
atg000001l_rc_rotated	19626	31
atg000001l_rc_rotated	19627	31
atg000001l_rc_rotated	19628	31
atg000001l_rc_rotated	19629	31
atg000001l_rc_rotated	19630	31
atg000001l_rc_rotated	19631	31
atg000001l_rc_rotated	19632	31
atg000001l_rc_rotated	19633	31
atg000001l_rc_rotated	19634	31
atg000001l_rc_rotated	19635	31
atg000001l_rc_rotated	19636	31
atg000001l_rc_rotated	19637	31
atg000001l_rc_rotated	19638	31
atg000001l_rc_rotated	19639	31
atg000001l_rc_rotated	19640	31
atg000001l_rc_rotated	19641	31
atg000001l_rc_rotated	19642	31
atg000001l_rc_rotated	19643	31
atg000001l_rc_rotated	19644	31
atg000001l_rc_rotated	19645	31
atg000001l_rc_rotated	19646	31
atg000001l_rc_rotated	19647	31
atg000001l_rc_rotated	19648	31
atg000001l_rc_rotated	19649	31
atg000001l_rc_rotated	19650	31
atg000001l_rc_rotated	19651	31
atg000001l_rc_rotated	19652	31
atg000001l_rc_rotated	19653	31
atg000001l_rc_rotated	19654	31
atg000001l_rc_rotated	19655	31
atg000001l_rc_rotated	19656	31
atg000001l_rc_rotated	19657	31
atg000001l_rc_rotated	19658	31
atg000001l_rc_rotated	19659	31
atg000001l_rc_rotated	19660	31
atg000001l_rc_rotated	19661	31
atg000001l_rc_rotated	19662	31
atg000001l_rc_rotated	19663	31
atg000001l_rc_rotated	19664	31
atg000001l_rc_rotated	19665	31
atg000001l_rc_rotated	19666	30
atg000001l_rc_rotated	19667	30
atg000001l_rc_rotated	19668	30
atg000001l_rc_rotated	19669	30
atg000001l_rc_rotated	19670	30
atg000001l_rc_rotated	19671	30
atg000001l_rc_rotated	19672	30
atg000001l_rc_rotated	19673	30
atg000001l_rc_rotated	19674	30
atg000001l_rc_rotated	19675	30
atg000001l_rc_rotated	19676	30
atg000001l_rc_rotated	19677	30
atg000001l_rc_rotated	19678	30
atg000001l_rc_rotated	19679	30
atg000001l_rc_rotated	19680	30
atg000001l_rc_rotated	19681	30
atg000001l_rc_rotated	19682	30
atg000001l_rc_rotated	19683	30
atg000001l_rc_rotated	19684	30
atg000001l_rc_rotated	19685	30
atg000001l_rc_rotated	19686	30
atg000001l_rc_rotated	19687	30
atg000001l_rc_rotated	19688	30
atg000001l_rc_rotated	19689	30
atg000001l_rc_rotated	19690	30
atg000001l_rc_rotated	19691	30
atg000001l_rc_rotated	19692	30
atg000001l_rc_rotated	19693	30
atg000001l_rc_rotated	19694	30
atg000001l_rc_rotated	19695	30
atg000001l_rc_rotated	19696	30
atg000001l_rc_rotated	19697	30
atg000001l_rc_rotated	19698	30
atg000001l_rc_rotated	19699	30
atg000001l_rc_rotated	19700	30
atg000001l_rc_rotated	19701	30
atg000001l_rc_rotated	19702	30
atg000001l_rc_rotated	19703	30
atg000001l_rc_rotated	19704	30
atg000001l_rc_rotated	19705	30
atg000001l_rc_rotated	19706	30
atg000001l_rc_rotated	19707	30
atg000001l_rc_rotated	19708	30
atg000001l_rc_rotated	19709	30
atg000001l_rc_rotated	19710	30
atg000001l_rc_rotated	19711	30
atg000001l_rc_rotated	19712	30
atg000001l_rc_rotated	19713	30
atg000001l_rc_rotated	19714	30
atg000001l_rc_rotated	19715	30
atg000001l_rc_rotated	19716	30
atg000001l_rc_rotated	19717	30
atg000001l_rc_rotated	19718	30
atg000001l_rc_rotated	19719	30
atg000001l_rc_rotated	19720	30
atg000001l_rc_rotated	19721	30
atg000001l_rc_rotated	19722	30
atg000001l_rc_rotated	19723	30
atg000001l_rc_rotated	19724	30
atg000001l_rc_rotated	19725	30
atg000001l_rc_rotated	19726	30
atg000001l_rc_rotated	19727	30
atg000001l_rc_rotated	19728	30
atg000001l_rc_rotated	19729	30
atg000001l_rc_rotated	19730	30
atg000001l_rc_rotated	19731	30
atg000001l_rc_rotated	19732	30
atg000001l_rc_rotated	19733	30
atg000001l_rc_rotated	19734	30
atg000001l_rc_rotated	19735	30
atg000001l_rc_rotated	19736	30
atg000001l_rc_rotated	19737	30
atg000001l_rc_rotated	19738	30
atg000001l_rc_rotated	19739	30
atg000001l_rc_rotated	19740	30
atg000001l_rc_rotated	19741	30
atg000001l_rc_rotated	19742	30
atg000001l_rc_rotated	19743	30
atg000001l_rc_rotated	19744	30
atg000001l_rc_rotated	19745	30
atg000001l_rc_rotated	19746	30
atg000001l_rc_rotated	19747	30
atg000001l_rc_rotated	19748	30
atg000001l_rc_rotated	19749	30
atg000001l_rc_rotated	19750	30
atg000001l_rc_rotated	19751	30
atg000001l_rc_rotated	19752	30
atg000001l_rc_rotated	19753	30
atg000001l_rc_rotated	19754	30
atg000001l_rc_rotated	19755	30
atg000001l_rc_rotated	19756	30
atg000001l_rc_rotated	19757	30
atg000001l_rc_rotated	19758	30
atg000001l_rc_rotated	19759	30
atg000001l_rc_rotated	19760	30
atg000001l_rc_rotated	19761	30
atg000001l_rc_rotated	19762	30
atg000001l_rc_rotated	19763	30
atg000001l_rc_rotated	19764	30
atg000001l_rc_rotated	19765	30
atg000001l_rc_rotated	19766	30
atg000001l_rc_rotated	19767	30
atg000001l_rc_rotated	19768	30
atg000001l_rc_rotated	19769	30
atg000001l_rc_rotated	19770	30
atg000001l_rc_rotated	19771	30
atg000001l_rc_rotated	19772	30
atg000001l_rc_rotated	19773	30
atg000001l_rc_rotated	19774	30
atg000001l_rc_rotated	19775	30
atg000001l_rc_rotated	19776	30
atg000001l_rc_rotated	19777	30
atg000001l_rc_rotated	19778	30
atg000001l_rc_rotated	19779	30
atg000001l_rc_rotated	19780	30
atg000001l_rc_rotated	19781	30
atg000001l_rc_rotated	19782	30
atg000001l_rc_rotated	19783	30
atg000001l_rc_rotated	19784	30
atg000001l_rc_rotated	19785	30
atg000001l_rc_rotated	19786	30
atg000001l_rc_rotated	19787	30
atg000001l_rc_rotated	19788	30
atg000001l_rc_rotated	19789	30
atg000001l_rc_rotated	19790	30
atg000001l_rc_rotated	19791	30
atg000001l_rc_rotated	19792	30
atg000001l_rc_rotated	19793	30
atg000001l_rc_rotated	19794	30
atg000001l_rc_rotated	19795	30
atg000001l_rc_rotated	19796	30
atg000001l_rc_rotated	19797	30
atg000001l_rc_rotated	19798	30
atg000001l_rc_rotated	19799	30
atg000001l_rc_rotated	19800	30
atg000001l_rc_rotated	19801	30
atg000001l_rc_rotated	19802	30
atg000001l_rc_rotated	19803	30
atg000001l_rc_rotated	19804	30
atg000001l_rc_rotated	19805	30
atg000001l_rc_rotated	19806	30
atg000001l_rc_rotated	19807	30
atg000001l_rc_rotated	19808	30
atg000001l_rc_rotated	19809	30
atg000001l_rc_rotated	19810	30
atg000001l_rc_rotated	19811	30
atg000001l_rc_rotated	19812	30
atg000001l_rc_rotated	19813	30
atg000001l_rc_rotated	19814	30
atg000001l_rc_rotated	19815	30
atg000001l_rc_rotated	19816	30
atg000001l_rc_rotated	19817	30
atg000001l_rc_rotated	19818	30
atg000001l_rc_rotated	19819	30
atg000001l_rc_rotated	19820	30
atg000001l_rc_rotated	19821	30
atg000001l_rc_rotated	19822	30
atg000001l_rc_rotated	19823	30
atg000001l_rc_rotated	19824	30
atg000001l_rc_rotated	19825	30
atg000001l_rc_rotated	19826	30
atg000001l_rc_rotated	19827	30
atg000001l_rc_rotated	19828	30
atg000001l_rc_rotated	19829	30
atg000001l_rc_rotated	19830	30
atg000001l_rc_rotated	19831	30
atg000001l_rc_rotated	19832	30
atg000001l_rc_rotated	19833	30
atg000001l_rc_rotated	19834	30
atg000001l_rc_rotated	19835	30
atg000001l_rc_rotated	19836	31
atg000001l_rc_rotated	19837	31
atg000001l_rc_rotated	19838	31
atg000001l_rc_rotated	19839	31
atg000001l_rc_rotated	19840	31
atg000001l_rc_rotated	19841	31
atg000001l_rc_rotated	19842	31
atg000001l_rc_rotated	19843	31
atg000001l_rc_rotated	19844	31
atg000001l_rc_rotated	19845	31
atg000001l_rc_rotated	19846	31
atg000001l_rc_rotated	19847	31
atg000001l_rc_rotated	19848	31
atg000001l_rc_rotated	19849	31
atg000001l_rc_rotated	19850	31
atg000001l_rc_rotated	19851	31
atg000001l_rc_rotated	19852	31
atg000001l_rc_rotated	19853	31
atg000001l_rc_rotated	19854	31
atg000001l_rc_rotated	19855	31
atg000001l_rc_rotated	19856	31
atg000001l_rc_rotated	19857	31
atg000001l_rc_rotated	19858	31
atg000001l_rc_rotated	19859	31
atg000001l_rc_rotated	19860	31
atg000001l_rc_rotated	19861	31
atg000001l_rc_rotated	19862	31
atg000001l_rc_rotated	19863	31
atg000001l_rc_rotated	19864	31
atg000001l_rc_rotated	19865	31
atg000001l_rc_rotated	19866	31
atg000001l_rc_rotated	19867	31
atg000001l_rc_rotated	19868	31
atg000001l_rc_rotated	19869	31
atg000001l_rc_rotated	19870	31
atg000001l_rc_rotated	19871	31
atg000001l_rc_rotated	19872	31
atg000001l_rc_rotated	19873	31
atg000001l_rc_rotated	19874	31
atg000001l_rc_rotated	19875	31
atg000001l_rc_rotated	19876	31
atg000001l_rc_rotated	19877	31
atg000001l_rc_rotated	19878	31
atg000001l_rc_rotated	19879	31
atg000001l_rc_rotated	19880	31
atg000001l_rc_rotated	19881	31
atg000001l_rc_rotated	19882	31
atg000001l_rc_rotated	19883	31
atg000001l_rc_rotated	19884	31
atg000001l_rc_rotated	19885	31
atg000001l_rc_rotated	19886	31
atg000001l_rc_rotated	19887	31
atg000001l_rc_rotated	19888	31
atg000001l_rc_rotated	19889	31
atg000001l_rc_rotated	19890	31
atg000001l_rc_rotated	19891	31
atg000001l_rc_rotated	19892	31
atg000001l_rc_rotated	19893	31
atg000001l_rc_rotated	19894	31
atg000001l_rc_rotated	19895	31
atg000001l_rc_rotated	19896	31
atg000001l_rc_rotated	19897	31
atg000001l_rc_rotated	19898	31
atg000001l_rc_rotated	19899	31
atg000001l_rc_rotated	19900	31
atg000001l_rc_rotated	19901	31
atg000001l_rc_rotated	19902	31
atg000001l_rc_rotated	19903	31
atg000001l_rc_rotated	19904	31
atg000001l_rc_rotated	19905	31
atg000001l_rc_rotated	19906	31
atg000001l_rc_rotated	19907	31
atg000001l_rc_rotated	19908	31
atg000001l_rc_rotated	19909	31
atg000001l_rc_rotated	19910	31
atg000001l_rc_rotated	19911	31
atg000001l_rc_rotated	19912	31
atg000001l_rc_rotated	19913	31
atg000001l_rc_rotated	19914	31
atg000001l_rc_rotated	19915	31
atg000001l_rc_rotated	19916	31
atg000001l_rc_rotated	19917	31
atg000001l_rc_rotated	19918	31
atg000001l_rc_rotated	19919	31
atg000001l_rc_rotated	19920	31
atg000001l_rc_rotated	19921	31
atg000001l_rc_rotated	19922	31
atg000001l_rc_rotated	19923	31
atg000001l_rc_rotated	19924	31
atg000001l_rc_rotated	19925	31
atg000001l_rc_rotated	19926	31
atg000001l_rc_rotated	19927	31
atg000001l_rc_rotated	19928	31
atg000001l_rc_rotated	19929	31
atg000001l_rc_rotated	19930	31
atg000001l_rc_rotated	19931	31
atg000001l_rc_rotated	19932	31
atg000001l_rc_rotated	19933	31
atg000001l_rc_rotated	19934	31
atg000001l_rc_rotated	19935	31
atg000001l_rc_rotated	19936	31
atg000001l_rc_rotated	19937	31
atg000001l_rc_rotated	19938	31
atg000001l_rc_rotated	19939	31
atg000001l_rc_rotated	19940	31
atg000001l_rc_rotated	19941	31
atg000001l_rc_rotated	19942	31
atg000001l_rc_rotated	19943	31
atg000001l_rc_rotated	19944	31
atg000001l_rc_rotated	19945	31
atg000001l_rc_rotated	19946	31
atg000001l_rc_rotated	19947	31
atg000001l_rc_rotated	19948	31
atg000001l_rc_rotated	19949	31
atg000001l_rc_rotated	19950	31
atg000001l_rc_rotated	19951	31
atg000001l_rc_rotated	19952	31
atg000001l_rc_rotated	19953	31
atg000001l_rc_rotated	19954	31
atg000001l_rc_rotated	19955	31
atg000001l_rc_rotated	19956	31
atg000001l_rc_rotated	19957	31
atg000001l_rc_rotated	19958	31
atg000001l_rc_rotated	19959	31
atg000001l_rc_rotated	19960	31
atg000001l_rc_rotated	19961	31
atg000001l_rc_rotated	19962	31
atg000001l_rc_rotated	19963	31
atg000001l_rc_rotated	19964	31
atg000001l_rc_rotated	19965	31
atg000001l_rc_rotated	19966	31
atg000001l_rc_rotated	19967	31
atg000001l_rc_rotated	19968	31
atg000001l_rc_rotated	19969	31
atg000001l_rc_rotated	19970	31
atg000001l_rc_rotated	19971	31
atg000001l_rc_rotated	19972	31
atg000001l_rc_rotated	19973	31
atg000001l_rc_rotated	19974	31
atg000001l_rc_rotated	19975	31
atg000001l_rc_rotated	19976	31
atg000001l_rc_rotated	19977	31
atg000001l_rc_rotated	19978	31
atg000001l_rc_rotated	19979	31
atg000001l_rc_rotated	19980	31
atg000001l_rc_rotated	19981	31
atg000001l_rc_rotated	19982	31
atg000001l_rc_rotated	19983	31
atg000001l_rc_rotated	19984	31
atg000001l_rc_rotated	19985	31
atg000001l_rc_rotated	19986	31
atg000001l_rc_rotated	19987	31
atg000001l_rc_rotated	19988	31
atg000001l_rc_rotated	19989	31
atg000001l_rc_rotated	19990	31
atg000001l_rc_rotated	19991	31
atg000001l_rc_rotated	19992	31
atg000001l_rc_rotated	19993	31
atg000001l_rc_rotated	19994	31
atg000001l_rc_rotated	19995	31
atg000001l_rc_rotated	19996	31
atg000001l_rc_rotated	19997	31
atg000001l_rc_rotated	19998	31
atg000001l_rc_rotated	19999	31
atg000001l_rc_rotated	20000	31
atg000001l_rc_rotated	20001	31
atg000001l_rc_rotated	20002	31
atg000001l_rc_rotated	20003	31
atg000001l_rc_rotated	20004	31
atg000001l_rc_rotated	20005	31
atg000001l_rc_rotated	20006	31
atg000001l_rc_rotated	20007	31
atg000001l_rc_rotated	20008	31
atg000001l_rc_rotated	20009	31
atg000001l_rc_rotated	20010	31
atg000001l_rc_rotated	20011	31
atg000001l_rc_rotated	20012	31
atg000001l_rc_rotated	20013	31
atg000001l_rc_rotated	20014	31
atg000001l_rc_rotated	20015	31
atg000001l_rc_rotated	20016	31
atg000001l_rc_rotated	20017	31
atg000001l_rc_rotated	20018	31
atg000001l_rc_rotated	20019	31
atg000001l_rc_rotated	20020	31
atg000001l_rc_rotated	20021	31
atg000001l_rc_rotated	20022	31
atg000001l_rc_rotated	20023	31
atg000001l_rc_rotated	20024	31
atg000001l_rc_rotated	20025	32
atg000001l_rc_rotated	20026	32
atg000001l_rc_rotated	20027	32
atg000001l_rc_rotated	20028	32
atg000001l_rc_rotated	20029	32
atg000001l_rc_rotated	20030	32
atg000001l_rc_rotated	20031	32
atg000001l_rc_rotated	20032	32
atg000001l_rc_rotated	20033	32
atg000001l_rc_rotated	20034	32
atg000001l_rc_rotated	20035	32
atg000001l_rc_rotated	20036	32
atg000001l_rc_rotated	20037	32
atg000001l_rc_rotated	20038	32
atg000001l_rc_rotated	20039	32
atg000001l_rc_rotated	20040	32
atg000001l_rc_rotated	20041	32
atg000001l_rc_rotated	20042	32
atg000001l_rc_rotated	20043	32
atg000001l_rc_rotated	20044	32
atg000001l_rc_rotated	20045	32
atg000001l_rc_rotated	20046	32
atg000001l_rc_rotated	20047	32
atg000001l_rc_rotated	20048	32
atg000001l_rc_rotated	20049	32
atg000001l_rc_rotated	20050	32
atg000001l_rc_rotated	20051	32
atg000001l_rc_rotated	20052	32
atg000001l_rc_rotated	20053	32
atg000001l_rc_rotated	20054	32
atg000001l_rc_rotated	20055	32
atg000001l_rc_rotated	20056	32
atg000001l_rc_rotated	20057	32
atg000001l_rc_rotated	20058	32
atg000001l_rc_rotated	20059	32
atg000001l_rc_rotated	20060	32
atg000001l_rc_rotated	20061	32
atg000001l_rc_rotated	20062	32
atg000001l_rc_rotated	20063	32
atg000001l_rc_rotated	20064	32
atg000001l_rc_rotated	20065	32
atg000001l_rc_rotated	20066	32
atg000001l_rc_rotated	20067	32
atg000001l_rc_rotated	20068	32
atg000001l_rc_rotated	20069	32
atg000001l_rc_rotated	20070	32
atg000001l_rc_rotated	20071	32
atg000001l_rc_rotated	20072	32
atg000001l_rc_rotated	20073	32
atg000001l_rc_rotated	20074	32
atg000001l_rc_rotated	20075	32
atg000001l_rc_rotated	20076	32
atg000001l_rc_rotated	20077	32
atg000001l_rc_rotated	20078	32
atg000001l_rc_rotated	20079	32
atg000001l_rc_rotated	20080	32
atg000001l_rc_rotated	20081	32
atg000001l_rc_rotated	20082	32
atg000001l_rc_rotated	20083	32
atg000001l_rc_rotated	20084	32
atg000001l_rc_rotated	20085	32
atg000001l_rc_rotated	20086	32
atg000001l_rc_rotated	20087	32
atg000001l_rc_rotated	20088	32
atg000001l_rc_rotated	20089	32
atg000001l_rc_rotated	20090	32
atg000001l_rc_rotated	20091	32
atg000001l_rc_rotated	20092	32
atg000001l_rc_rotated	20093	32
atg000001l_rc_rotated	20094	32
atg000001l_rc_rotated	20095	32
atg000001l_rc_rotated	20096	32
atg000001l_rc_rotated	20097	32
atg000001l_rc_rotated	20098	32
atg000001l_rc_rotated	20099	32
atg000001l_rc_rotated	20100	32
atg000001l_rc_rotated	20101	32
atg000001l_rc_rotated	20102	32
atg000001l_rc_rotated	20103	32
atg000001l_rc_rotated	20104	32
atg000001l_rc_rotated	20105	32
atg000001l_rc_rotated	20106	32
atg000001l_rc_rotated	20107	32
atg000001l_rc_rotated	20108	32
atg000001l_rc_rotated	20109	32
atg000001l_rc_rotated	20110	32
atg000001l_rc_rotated	20111	32
atg000001l_rc_rotated	20112	32
atg000001l_rc_rotated	20113	32
atg000001l_rc_rotated	20114	32
atg000001l_rc_rotated	20115	32
atg000001l_rc_rotated	20116	32
atg000001l_rc_rotated	20117	32
atg000001l_rc_rotated	20118	32
atg000001l_rc_rotated	20119	32
atg000001l_rc_rotated	20120	32
atg000001l_rc_rotated	20121	32
atg000001l_rc_rotated	20122	32
atg000001l_rc_rotated	20123	32
atg000001l_rc_rotated	20124	32
atg000001l_rc_rotated	20125	32
atg000001l_rc_rotated	20126	32
atg000001l_rc_rotated	20127	32
atg000001l_rc_rotated	20128	32
atg000001l_rc_rotated	20129	32
atg000001l_rc_rotated	20130	32
atg000001l_rc_rotated	20131	32
atg000001l_rc_rotated	20132	32
atg000001l_rc_rotated	20133	32
atg000001l_rc_rotated	20134	32
atg000001l_rc_rotated	20135	32
atg000001l_rc_rotated	20136	32
atg000001l_rc_rotated	20137	32
atg000001l_rc_rotated	20138	32
atg000001l_rc_rotated	20139	32
atg000001l_rc_rotated	20140	32
atg000001l_rc_rotated	20141	32
atg000001l_rc_rotated	20142	32
atg000001l_rc_rotated	20143	32
atg000001l_rc_rotated	20144	32
atg000001l_rc_rotated	20145	32
atg000001l_rc_rotated	20146	32
atg000001l_rc_rotated	20147	32
atg000001l_rc_rotated	20148	32
atg000001l_rc_rotated	20149	32
atg000001l_rc_rotated	20150	32
atg000001l_rc_rotated	20151	32
atg000001l_rc_rotated	20152	32
atg000001l_rc_rotated	20153	32
atg000001l_rc_rotated	20154	32
atg000001l_rc_rotated	20155	32
atg000001l_rc_rotated	20156	32
atg000001l_rc_rotated	20157	32
atg000001l_rc_rotated	20158	32
atg000001l_rc_rotated	20159	32
atg000001l_rc_rotated	20160	32
atg000001l_rc_rotated	20161	32
atg000001l_rc_rotated	20162	32
atg000001l_rc_rotated	20163	32
atg000001l_rc_rotated	20164	32
atg000001l_rc_rotated	20165	32
atg000001l_rc_rotated	20166	32
atg000001l_rc_rotated	20167	32
atg000001l_rc_rotated	20168	32
atg000001l_rc_rotated	20169	32
atg000001l_rc_rotated	20170	32
atg000001l_rc_rotated	20171	32
atg000001l_rc_rotated	20172	32
atg000001l_rc_rotated	20173	32
atg000001l_rc_rotated	20174	32
atg000001l_rc_rotated	20175	32
atg000001l_rc_rotated	20176	32
atg000001l_rc_rotated	20177	32
atg000001l_rc_rotated	20178	32
atg000001l_rc_rotated	20179	32
atg000001l_rc_rotated	20180	32
atg000001l_rc_rotated	20181	32
atg000001l_rc_rotated	20182	32
atg000001l_rc_rotated	20183	32
atg000001l_rc_rotated	20184	32
atg000001l_rc_rotated	20185	32
atg000001l_rc_rotated	20186	32
atg000001l_rc_rotated	20187	32
atg000001l_rc_rotated	20188	32
atg000001l_rc_rotated	20189	32
atg000001l_rc_rotated	20190	32
atg000001l_rc_rotated	20191	32
atg000001l_rc_rotated	20192	32
atg000001l_rc_rotated	20193	32
atg000001l_rc_rotated	20194	32
atg000001l_rc_rotated	20195	32
atg000001l_rc_rotated	20196	32
atg000001l_rc_rotated	20197	32
atg000001l_rc_rotated	20198	32
atg000001l_rc_rotated	20199	32
atg000001l_rc_rotated	20200	32
atg000001l_rc_rotated	20201	32
atg000001l_rc_rotated	20202	32
atg000001l_rc_rotated	20203	32
atg000001l_rc_rotated	20204	32
atg000001l_rc_rotated	20205	32
atg000001l_rc_rotated	20206	32
atg000001l_rc_rotated	20207	32
atg000001l_rc_rotated	20208	32
atg000001l_rc_rotated	20209	32
atg000001l_rc_rotated	20210	32
atg000001l_rc_rotated	20211	32
atg000001l_rc_rotated	20212	32
atg000001l_rc_rotated	20213	32
atg000001l_rc_rotated	20214	32
atg000001l_rc_rotated	20215	32
atg000001l_rc_rotated	20216	32
atg000001l_rc_rotated	20217	32
atg000001l_rc_rotated	20218	31
atg000001l_rc_rotated	20219	31
atg000001l_rc_rotated	20220	31
atg000001l_rc_rotated	20221	31
atg000001l_rc_rotated	20222	31
atg000001l_rc_rotated	20223	31
atg000001l_rc_rotated	20224	31
atg000001l_rc_rotated	20225	31
atg000001l_rc_rotated	20226	31
atg000001l_rc_rotated	20227	31
atg000001l_rc_rotated	20228	31
atg000001l_rc_rotated	20229	31
atg000001l_rc_rotated	20230	31
atg000001l_rc_rotated	20231	31
atg000001l_rc_rotated	20232	31
atg000001l_rc_rotated	20233	31
atg000001l_rc_rotated	20234	31
atg000001l_rc_rotated	20235	31
atg000001l_rc_rotated	20236	31
atg000001l_rc_rotated	20237	31
atg000001l_rc_rotated	20238	31
atg000001l_rc_rotated	20239	31
atg000001l_rc_rotated	20240	31
atg000001l_rc_rotated	20241	31
atg000001l_rc_rotated	20242	31
atg000001l_rc_rotated	20243	31
atg000001l_rc_rotated	20244	31
atg000001l_rc_rotated	20245	31
atg000001l_rc_rotated	20246	31
atg000001l_rc_rotated	20247	31
atg000001l_rc_rotated	20248	31
atg000001l_rc_rotated	20249	31
atg000001l_rc_rotated	20250	31
atg000001l_rc_rotated	20251	31
atg000001l_rc_rotated	20252	31
atg000001l_rc_rotated	20253	31
atg000001l_rc_rotated	20254	31
atg000001l_rc_rotated	20255	31
atg000001l_rc_rotated	20256	31
atg000001l_rc_rotated	20257	31
atg000001l_rc_rotated	20258	31
atg000001l_rc_rotated	20259	31
atg000001l_rc_rotated	20260	31
atg000001l_rc_rotated	20261	31
atg000001l_rc_rotated	20262	31
atg000001l_rc_rotated	20263	31
atg000001l_rc_rotated	20264	31
atg000001l_rc_rotated	20265	31
atg000001l_rc_rotated	20266	31
atg000001l_rc_rotated	20267	31
atg000001l_rc_rotated	20268	31
atg000001l_rc_rotated	20269	31
atg000001l_rc_rotated	20270	31
atg000001l_rc_rotated	20271	31
atg000001l_rc_rotated	20272	31
atg000001l_rc_rotated	20273	31
atg000001l_rc_rotated	20274	31
atg000001l_rc_rotated	20275	31
atg000001l_rc_rotated	20276	31
atg000001l_rc_rotated	20277	31
atg000001l_rc_rotated	20278	31
atg000001l_rc_rotated	20279	31
atg000001l_rc_rotated	20280	31
atg000001l_rc_rotated	20281	31
atg000001l_rc_rotated	20282	31
atg000001l_rc_rotated	20283	31
atg000001l_rc_rotated	20284	31
atg000001l_rc_rotated	20285	31
atg000001l_rc_rotated	20286	31
atg000001l_rc_rotated	20287	31
atg000001l_rc_rotated	20288	31
atg000001l_rc_rotated	20289	31
atg000001l_rc_rotated	20290	31
atg000001l_rc_rotated	20291	31
atg000001l_rc_rotated	20292	31
atg000001l_rc_rotated	20293	31
atg000001l_rc_rotated	20294	31
atg000001l_rc_rotated	20295	31
atg000001l_rc_rotated	20296	31
atg000001l_rc_rotated	20297	31
atg000001l_rc_rotated	20298	31
atg000001l_rc_rotated	20299	31
atg000001l_rc_rotated	20300	31
atg000001l_rc_rotated	20301	31
atg000001l_rc_rotated	20302	31
atg000001l_rc_rotated	20303	31
atg000001l_rc_rotated	20304	31
atg000001l_rc_rotated	20305	31
atg000001l_rc_rotated	20306	31
atg000001l_rc_rotated	20307	31
atg000001l_rc_rotated	20308	31
atg000001l_rc_rotated	20309	31
atg000001l_rc_rotated	20310	31
atg000001l_rc_rotated	20311	31
atg000001l_rc_rotated	20312	31
atg000001l_rc_rotated	20313	31
atg000001l_rc_rotated	20314	31
atg000001l_rc_rotated	20315	31
atg000001l_rc_rotated	20316	31
atg000001l_rc_rotated	20317	31
atg000001l_rc_rotated	20318	31
atg000001l_rc_rotated	20319	31
atg000001l_rc_rotated	20320	31
atg000001l_rc_rotated	20321	31
atg000001l_rc_rotated	20322	31
atg000001l_rc_rotated	20323	31
atg000001l_rc_rotated	20324	31
atg000001l_rc_rotated	20325	31
atg000001l_rc_rotated	20326	31
atg000001l_rc_rotated	20327	31
atg000001l_rc_rotated	20328	31
atg000001l_rc_rotated	20329	31
atg000001l_rc_rotated	20330	31
atg000001l_rc_rotated	20331	31
atg000001l_rc_rotated	20332	31
atg000001l_rc_rotated	20333	31
atg000001l_rc_rotated	20334	31
atg000001l_rc_rotated	20335	31
atg000001l_rc_rotated	20336	31
atg000001l_rc_rotated	20337	31
atg000001l_rc_rotated	20338	31
atg000001l_rc_rotated	20339	31
atg000001l_rc_rotated	20340	31
atg000001l_rc_rotated	20341	31
atg000001l_rc_rotated	20342	31
atg000001l_rc_rotated	20343	31
atg000001l_rc_rotated	20344	31
atg000001l_rc_rotated	20345	31
atg000001l_rc_rotated	20346	31
atg000001l_rc_rotated	20347	31
atg000001l_rc_rotated	20348	31
atg000001l_rc_rotated	20349	31
atg000001l_rc_rotated	20350	31
atg000001l_rc_rotated	20351	31
atg000001l_rc_rotated	20352	31
atg000001l_rc_rotated	20353	31
atg000001l_rc_rotated	20354	31
atg000001l_rc_rotated	20355	31
atg000001l_rc_rotated	20356	31
atg000001l_rc_rotated	20357	31
atg000001l_rc_rotated	20358	31
atg000001l_rc_rotated	20359	31
atg000001l_rc_rotated	20360	31
atg000001l_rc_rotated	20361	31
atg000001l_rc_rotated	20362	31
atg000001l_rc_rotated	20363	31
atg000001l_rc_rotated	20364	31
atg000001l_rc_rotated	20365	31
atg000001l_rc_rotated	20366	31
atg000001l_rc_rotated	20367	31
atg000001l_rc_rotated	20368	31
atg000001l_rc_rotated	20369	31
atg000001l_rc_rotated	20370	31
atg000001l_rc_rotated	20371	31
atg000001l_rc_rotated	20372	31
atg000001l_rc_rotated	20373	31
atg000001l_rc_rotated	20374	31
atg000001l_rc_rotated	20375	31
atg000001l_rc_rotated	20376	31
atg000001l_rc_rotated	20377	31
atg000001l_rc_rotated	20378	31
atg000001l_rc_rotated	20379	31
atg000001l_rc_rotated	20380	31
atg000001l_rc_rotated	20381	31
atg000001l_rc_rotated	20382	31
atg000001l_rc_rotated	20383	31
atg000001l_rc_rotated	20384	31
atg000001l_rc_rotated	20385	31
atg000001l_rc_rotated	20386	31
atg000001l_rc_rotated	20387	31
atg000001l_rc_rotated	20388	31
atg000001l_rc_rotated	20389	31
atg000001l_rc_rotated	20390	31
atg000001l_rc_rotated	20391	31
atg000001l_rc_rotated	20392	31
atg000001l_rc_rotated	20393	31
atg000001l_rc_rotated	20394	31
atg000001l_rc_rotated	20395	31
atg000001l_rc_rotated	20396	31
atg000001l_rc_rotated	20397	31
atg000001l_rc_rotated	20398	31
atg000001l_rc_rotated	20399	31
atg000001l_rc_rotated	20400	31
atg000001l_rc_rotated	20401	31
atg000001l_rc_rotated	20402	31
atg000001l_rc_rotated	20403	31
atg000001l_rc_rotated	20404	31
atg000001l_rc_rotated	20405	31
atg000001l_rc_rotated	20406	31
atg000001l_rc_rotated	20407	31
atg000001l_rc_rotated	20408	31
atg000001l_rc_rotated	20409	31
atg000001l_rc_rotated	20410	31
atg000001l_rc_rotated	20411	31
atg000001l_rc_rotated	20412	31
atg000001l_rc_rotated	20413	31
atg000001l_rc_rotated	20414	31
atg000001l_rc_rotated	20415	31
atg000001l_rc_rotated	20416	31
atg000001l_rc_rotated	20417	31
atg000001l_rc_rotated	20418	31
atg000001l_rc_rotated	20419	31
atg000001l_rc_rotated	20420	31
atg000001l_rc_rotated	20421	31
atg000001l_rc_rotated	20422	31
atg000001l_rc_rotated	20423	31
atg000001l_rc_rotated	20424	31
atg000001l_rc_rotated	20425	31
atg000001l_rc_rotated	20426	31
atg000001l_rc_rotated	20427	31
atg000001l_rc_rotated	20428	31
atg000001l_rc_rotated	20429	31
atg000001l_rc_rotated	20430	31
atg000001l_rc_rotated	20431	31
atg000001l_rc_rotated	20432	31
atg000001l_rc_rotated	20433	31
atg000001l_rc_rotated	20434	31
atg000001l_rc_rotated	20435	31
atg000001l_rc_rotated	20436	31
atg000001l_rc_rotated	20437	31
atg000001l_rc_rotated	20438	31
atg000001l_rc_rotated	20439	31
atg000001l_rc_rotated	20440	31
atg000001l_rc_rotated	20441	31
atg000001l_rc_rotated	20442	31
atg000001l_rc_rotated	20443	31
atg000001l_rc_rotated	20444	31
atg000001l_rc_rotated	20445	31
atg000001l_rc_rotated	20446	31
atg000001l_rc_rotated	20447	31
atg000001l_rc_rotated	20448	31
atg000001l_rc_rotated	20449	31
atg000001l_rc_rotated	20450	31
atg000001l_rc_rotated	20451	31
atg000001l_rc_rotated	20452	31
atg000001l_rc_rotated	20453	31
atg000001l_rc_rotated	20454	31
atg000001l_rc_rotated	20455	31
atg000001l_rc_rotated	20456	31
atg000001l_rc_rotated	20457	31
atg000001l_rc_rotated	20458	31
atg000001l_rc_rotated	20459	31
atg000001l_rc_rotated	20460	31
atg000001l_rc_rotated	20461	31
atg000001l_rc_rotated	20462	31
atg000001l_rc_rotated	20463	31
atg000001l_rc_rotated	20464	31
atg000001l_rc_rotated	20465	31
atg000001l_rc_rotated	20466	31
atg000001l_rc_rotated	20467	31
atg000001l_rc_rotated	20468	31
atg000001l_rc_rotated	20469	31
atg000001l_rc_rotated	20470	31
atg000001l_rc_rotated	20471	31
atg000001l_rc_rotated	20472	31
atg000001l_rc_rotated	20473	31
atg000001l_rc_rotated	20474	31
atg000001l_rc_rotated	20475	31
atg000001l_rc_rotated	20476	31
atg000001l_rc_rotated	20477	31
atg000001l_rc_rotated	20478	31
atg000001l_rc_rotated	20479	31
atg000001l_rc_rotated	20480	31
atg000001l_rc_rotated	20481	31
atg000001l_rc_rotated	20482	31
atg000001l_rc_rotated	20483	31
atg000001l_rc_rotated	20484	31
atg000001l_rc_rotated	20485	31
atg000001l_rc_rotated	20486	31
atg000001l_rc_rotated	20487	31
atg000001l_rc_rotated	20488	31
atg000001l_rc_rotated	20489	31
atg000001l_rc_rotated	20490	31
atg000001l_rc_rotated	20491	31
atg000001l_rc_rotated	20492	31
atg000001l_rc_rotated	20493	31
atg000001l_rc_rotated	20494	31
atg000001l_rc_rotated	20495	31
atg000001l_rc_rotated	20496	31
atg000001l_rc_rotated	20497	31
atg000001l_rc_rotated	20498	31
atg000001l_rc_rotated	20499	31
atg000001l_rc_rotated	20500	31
atg000001l_rc_rotated	20501	31
atg000001l_rc_rotated	20502	31
atg000001l_rc_rotated	20503	31
atg000001l_rc_rotated	20504	31
atg000001l_rc_rotated	20505	31
atg000001l_rc_rotated	20506	31
atg000001l_rc_rotated	20507	31
atg000001l_rc_rotated	20508	31
atg000001l_rc_rotated	20509	31
atg000001l_rc_rotated	20510	31
atg000001l_rc_rotated	20511	31
atg000001l_rc_rotated	20512	31
atg000001l_rc_rotated	20513	31
atg000001l_rc_rotated	20514	31
atg000001l_rc_rotated	20515	31
atg000001l_rc_rotated	20516	31
atg000001l_rc_rotated	20517	31
atg000001l_rc_rotated	20518	31
atg000001l_rc_rotated	20519	29
atg000001l_rc_rotated	20520	29
