seq_ID	ID	mRNA	ORF_strand	ORF_frame	ORF_start	ORF_end	ORF	Fickett	Hexamer	Coding_prob
STRG.13	STRG.13_ORF_3	1419	+	3	81	275	195	0.7777	-0.0571308555957989	0.763741158134748
STRG.26	STRG.26_ORF_2	789	+	2	575	787	213	0.8796	0.111605925680167	0.968411779136047
STRG.40	STRG.40_ORF_1	4689	+	2	3503	3934	432	0.9083	0.00635690859046194	0.819739498319443
STRG.53	STRG.53_ORF_2	2921	+	1	94	258	165	0.8651	0.129286951829646	0.962403773916565
STRG.64	STRG.64_ORF_2	393	+	1	259	393	135	1.0246	0.0195821295295971	0.896444825655938
STRG.89	STRG.89_ORF_1	327	+	1	226	306	81	0.8161	-0.272235467915095	0.178851055501283
STRG.111	STRG.111_ORF_2	1123	+	3	420	578	159	0.8011	-0.129821740796397	0.560822284255932
STRG.117	STRG.117_ORF_4	8394	+	2	7394	7633	240	0.7765	0.0187059344446479	0.71973407840424
STRG.118	STRG.118_ORF_2	1685	+	3	69	419	351	0.4591	-0.0152239132494019	0.878058022138819
STRG.155	STRG.155_ORF_5	1319	+	2	89	166	78	0.4488	-0.0981098552085282	0.682405738132814
STRG.157	STRG.157_ORF_2	4877	+	2	1511	1765	255	0.7882	0.0331404002455625	0.853577178882061
STRG.161	STRG.161_ORF_1	433	+	2	212	346	135	0.5174	-0.0473834076997086	0.829584736743827
STRG.174	STRG.174_ORF_1	842	+	1	178	294	117	0.9211	0.0219167717306012	0.896167983729023
STRG.181	STRG.181_ORF_1	2666	+	3	570	2579	2010	0.9435	0.130715571950432	0.990704867056152
STRG.232	STRG.232_ORF_3	2372	+	2	812	901	90	0.8368	0.0576615307525072	0.914769921151605
STRG.244	STRG.244_ORF_1	404	+	3	51	131	81	0.8394	-0.0934122907646359	0.681789188751636
STRG.254	STRG.254_ORF_1	324	+	3	138	323	186	1.1307	-0.0199306195162766	0.836998565932331
STRG.300	STRG.300_ORF_1	1571	+	3	852	1031	180	0.4809	0.00411920473803948	0.891045037256155
STRG.314	STRG.314_ORF_1	378	+	3	21	161	141	0.6706	-0.0320850324278565	0.846192414417528
STRG.320	STRG.320_ORF_1	465	+	1	217	438	222	0.75	-0.0927439267475075	0.71502064758229
STRG.324	STRG.324_ORF_3	303	+	3	189	269	81	0.7821	0.147702225466605	0.980795736087762
STRG.339	STRG.339_ORF_2	839	+	2	368	589	222	1.0669	0.155531997521341	0.979749404294677
STRG.345	STRG.345_ORF_4	6210	+	3	2370	2567	198	0.5888	-0.00598272299261882	0.748790351166728
STRG.347	STRG.347_ORF_1	525	+	2	5	220	216	0.7864	-0.154193602227148	0.522031270129628
STRG.349	STRG.349_ORF_4	8357	+	3	2370	2567	198	0.5888	-0.00598272299261882	0.67007336940234
STRG.358	STRG.358_ORF_2	2196	+	2	1745	1882	138	0.9717	-0.0487871488210215	0.728089625081742
STRG.367	STRG.367_ORF_3	3077	+	3	480	617	138	0.6963	0.0413097434186256	0.89612981143466
STRG.368	STRG.368_ORF_3	3029	+	1	1981	2091	111	1.0831	-0.0205127976578898	0.753222153431634
STRG.373	STRG.373_ORF_1	386	+	3	102	191	90	0.6716	-0.0927735100444707	0.706596918228147
STRG.375	STRG.375_ORF_1	498	+	3	204	443	240	0.6898	-0.0263503722254675	0.860816869383864
STRG.385	STRG.385_ORF_3	2281	+	1	757	975	219	0.8856	-0.0218463273826319	0.807013931039937
STRG.435	STRG.435_ORF_1	295	+	3	99	227	129	0.872	-0.0567018296245117	0.781415653589942
STRG.470	STRG.470_ORF_2	2822	+	1	535	1020	486	1.0994	0.198585342655558	0.986132227283334
STRG.475	STRG.475_ORF_1	1038	+	3	240	452	213	0.603	0.0269991810048893	0.920283127790092
STRG.497	STRG.497_ORF_1	509	+	2	158	415	258	1.0067	-0.0740100185727286	0.737133211170675
STRG.551	STRG.551_ORF_2	876	+	1	142	258	117	1.134	-0.0391844509740411	0.774467280585917
STRG.577	STRG.577_ORF_1	757	+	2	320	511	192	0.4164	0.0787749500787955	0.963025489488616
STRG.587	STRG.587_ORF_2	1241	+	2	1061	1168	108	0.7858	0.000814363232207731	0.868027533648414
STRG.596	STRG.596_ORF_4	2000	+	2	380	490	111	1.0644	0.0510572001874898	0.903496930589701
STRG.620	STRG.620_ORF_1	350	+	3	186	344	159	0.7909	-0.107153247841087	0.664163519434134
STRG.661	STRG.661_ORF_1	266	+	3	12	155	144	0.6656	0.130280425019677	0.978771588898443
STRG.665	STRG.665_ORF_2	447	+	2	62	199	138	1.12	0.0149586643815742	0.884435692688132
STRG.695	STRG.695_ORF_2	778	+	3	573	650	78	0.9226	-0.0453069808496311	0.780126156103673
STRG.719	STRG.719_ORF_1	289	+	3	108	242	135	0.7504	-0.0311558957078651	0.843105625692135
STRG.738	STRG.738_ORF_1	1079	+	2	509	661	153	0.8808	-0.176138034739164	0.401729116486575
STRG.747	STRG.747_ORF_1	364	+	2	146	262	117	1.2115	-0.385018695517624	0.0393657636590658
STRG.775	STRG.775_ORF_1	318	+	1	67	165	99	0.8252	0.0324461493767726	0.918922958608252
STRG.776	STRG.776_ORF_1	644	+	3	438	608	171	0.5546	-0.028515555003207	0.85750567506877
STRG.777	STRG.777_ORF_3	1091	+	3	648	740	93	0.9281	0.0917977991008711	0.952236100343879
STRG.778	STRG.778_ORF_1	354	+	2	209	352	144	0.8541	-0.0540741414142139	0.78907402687284
STRG.779	STRG.779_ORF_2	548	+	1	391	531	141	0.9066	0.0567733838876255	0.936177464814773
STRG.801	STRG.801_ORF_1	1127	+	1	586	771	186	0.5758	-0.0172740745635781	0.864462207909691
STRG.804	STRG.804_ORF_2	1679	+	1	349	504	156	0.5131	-0.0434238846154876	0.806873180213252
STRG.806	STRG.806_ORF_1	254	+	1	55	159	105	1.0497	-0.128814856202227	0.556156498420678
STRG.816	STRG.816_ORF_1	267	+	1	133	237	105	0.9605	0.036409234947363	0.917836127779002
STRG.825	STRG.825_ORF_1	759	+	1	97	483	387	0.5505	0.0330904011823406	0.939261866079735
STRG.851	STRG.851_ORF_1	1101	+	2	443	733	291	0.4745	0.104434231758284	0.972663266040774
STRG.859	STRG.859_ORF_4	495	+	2	125	217	93	1.1065	0.194311644164356	0.986882190838437
STRG.890	STRG.890_ORF_1	1681	+	2	725	964	240	0.5001	0.00185439676593572	0.889635829992921
STRG.960	STRG.960_ORF_5	1589	+	2	1250	1351	102	0.9563	0.0229169781444755	0.881078764492175
STRG.989	STRG.989_ORF_1	859	+	2	308	445	138	1.1346	0.0490034065478235	0.91632220797975
STRG.990	STRG.990_ORF_1	335	+	3	153	281	129	1.2352	0.0332373289866298	0.901773982292823
STRG.992	STRG.992_ORF_1	355	+	2	95	271	177	0.9394	0.00946179244915287	0.892476285743777
STRG.996	STRG.996_ORF_2	597	+	1	19	96	78	0.8018	0.0391230193540154	0.921437841124938
STRG.1035	STRG.1035_ORF_2	250	+	2	104	250	147	1.1366	0.133391642398901	0.973395841739742
STRG.1044	STRG.1044_ORF_1	818	+	1	85	444	360	0.762	-0.0345474053165211	0.846583668254549
STRG.1055	STRG.1055_ORF_1	361	+	2	89	223	135	0.837	-0.0653618564438287	0.764090081318578
STRG.1064	STRG.1064_ORF_1	435	+	1	172	435	264	0.5666	0.0371078535887621	0.93963305305212
STRG.1068	STRG.1068_ORF_1	1191	+	1	337	714	378	0.9632	0.206032458629681	0.990524965675337
STRG.1071	STRG.1071_ORF_3	922	+	3	66	224	159	1.1562	0.237323595791959	0.992013264300923
STRG.1074	STRG.1074_ORF_2	955	+	1	751	870	120	0.9524	0.0707933839896325	0.939994048171726
STRG.1075	STRG.1075_ORF_1	367	+	1	124	288	165	0.571	-0.0715896036655544	0.781208366859728
STRG.1097	STRG.1097_ORF_1	275	+	2	128	259	132	0.75	0.0486456895596311	0.937872973574614
STRG.1098	STRG.1098_ORF_2	474	+	2	11	133	123	0.774	0.168869211741981	0.985419045207382
STRG.1103	STRG.1103_ORF_1	433	+	3	141	257	117	0.8129	-0.111309730499095	0.638373995468262
STRG.1133	STRG.1133_ORF_1	690	+	1	181	297	117	0.6756	0.0594707099134164	0.943351676214344
STRG.1134	STRG.1134_ORF_2	375	+	1	283	375	93	1.3316	-0.0160767368227922	0.815751264408859
STRG.1138	STRG.1138_ORF_4	1131	+	3	462	557	96	1.018	0.095910972079236	0.952033594696434
STRG.1157	STRG.1157_ORF_1	334	+	1	91	219	129	0.5106	-0.0962016625842913	0.724757433116287
STRG.1187	STRG.1187_ORF_5	1900	+	2	1613	1708	96	0.638	-0.110562255018995	0.599296970206781
STRG.1189	STRG.1189_ORF_2	470	+	1	370	468	99	1.2601	0.127153751107309	0.966770656495929
STRG.1195	STRG.1195_ORF_1	1283	+	3	18	227	210	0.64	0.000960487485239687	0.88508712609045
STRG.1203	STRG.1203_ORF_1	432	+	1	172	348	177	0.5669	-0.110278717553115	0.683978946822532
STRG.1204	STRG.1204_ORF_2	409	+	1	199	282	84	0.7991	-0.0122120766481375	0.86266882462399
STRG.1216	STRG.1216_ORF_3	2015	+	1	208	438	231	0.7091	-0.022463228134117	0.829643024327898
STRG.1228	STRG.1228_ORF_1	1091	+	1	526	609	84	0.7879	0.025874413183902	0.901597797481398
STRG.1232	STRG.1232_ORF_1	973	+	3	603	779	177	0.8796	-0.000832719717944955	0.870770582015668
STRG.1244	STRG.1244_ORF_5	2726	+	3	1305	1400	96	0.9782	0.0752085335457319	0.921189037419966
STRG.1245	STRG.1245_ORF_4	1621	+	3	468	554	87	0.8997	0.135535916886583	0.969991787916681
STRG.1264	STRG.1264_ORF_3	693	+	2	179	262	84	0.6946	-0.109247055599703	0.644014599341359
STRG.1273	STRG.1273_ORF_1	2410	+	1	163	438	276	1.0811	0.104933540442062	0.951506987259305
STRG.1301	STRG.1301_ORF_4	2421	+	2	443	526	84	1.053	-0.0403792036113874	0.724032908945901
STRG.1316	STRG.1316_ORF_1	490	+	1	13	489	477	0.6884	-0.00899039450083946	0.90289914784214
STRG.1327	STRG.1327_ORF_1	251	+	1	172	249	78	1.1828	-0.0479465001399766	0.763794683913117
STRG.1335	STRG.1335_ORF_1	1521	+	3	159	929	771	0.9944	0.210051628467677	0.99278448318015
STRG.1398	STRG.1398_ORF_1	1760	+	3	417	740	324	0.5717	0.000846205457713364	0.889134867436557
STRG.1399	STRG.1399_ORF_1	610	+	3	252	329	78	1.1103	-0.113009867196389	0.576944681661705
STRG.1411	STRG.1411_ORF_2	1214	+	2	818	934	117	0.9222	0.0716523101444384	0.938871965939227
STRG.1439	STRG.1439_ORF_1	281	+	3	15	260	246	0.575	0.00236137610823763	0.909236241111062
STRG.1441	STRG.1441_ORF_5	883	+	2	416	502	87	1.2135	0.337160576008257	0.997605040635712
STRG.1470	STRG.1470_ORF_1	507	+	3	180	356	177	0.5158	-0.0645371109581267	0.799076277327476
STRG.1481	STRG.1481_ORF_1	290	+	1	61	210	150	0.7557	-0.0544660169299857	0.800287700965026
STRG.1487	STRG.1487_ORF_1	1100	+	1	703	909	207	0.6666	-0.0423398012398397	0.816989587274957
STRG.1501	STRG.1501_ORF_1	377	+	3	198	278	81	0.5919	-0.142949556704731	0.567409003641268
STRG.1510	STRG.1510_ORF_2	864	+	1	430	546	117	0.6929	-0.0417374443443854	0.811822959972766
STRG.1512	STRG.1512_ORF_3	741	+	1	433	579	147	0.7343	0.121222995897618	0.973164673205996
STRG.1514	STRG.1514_ORF_3	306	+	3	150	233	84	1.1469	0.213737241784868	0.989799657473182
STRG.1516	STRG.1516_ORF_5	2096	+	2	1868	1966	99	0.5184	0.13892263226997	0.975104724105453
STRG.1529	STRG.1529_ORF_1	447	+	3	39	323	285	1.0384	-0.0488384371929435	0.797357594358706
STRG.1530	STRG.1530_ORF_1	688	+	3	21	686	666	0.9239	0.061767721784931	0.957543828609551
STRG.1540	STRG.1540_ORF_1	675	+	2	233	448	216	0.6434	0.0681104237394761	0.9535369919694
STRG.1550	STRG.1550_ORF_4	496	+	3	201	305	105	0.775	0.120592624022942	0.972628306449834
STRG.1560	STRG.1560_ORF_1	270	+	2	89	178	90	1.0559	-0.196441449635899	0.339096876195138
STRG.1566	STRG.1566_ORF_2	410	+	3	60	188	129	1.2831	0.0825946254868216	0.943435081458088
STRG.1569	STRG.1569_ORF_2	855	+	2	218	340	123	0.6612	-0.0265752264813856	0.843284694904113
STRG.1575	STRG.1575_ORF_1	558	+	2	320	463	144	0.4859	0.00601075786067596	0.906914674903174
STRG.1588	STRG.1588_ORF_1	1229	+	1	652	786	135	0.6114	-0.0873567138097947	0.704343029816686
STRG.1589	STRG.1589_ORF_1	269	+	1	133	261	129	1.3	0.0768882318877918	0.940227679325826
STRG.1595	STRG.1595_ORF_3	1961	+	3	549	728	180	0.5899	-0.0411420532888875	0.7993381765848
STRG.1598	STRG.1598_ORF_1	1257	+	3	270	461	192	0.4621	-0.0302521017260272	0.849805793089484
STRG.1603	STRG.1603_ORF_2	625	+	3	456	572	117	0.6354	-0.0482994164956002	0.810533487092983
STRG.1618	STRG.1618_ORF_1	3414	+	2	74	925	852	0.9005	0.148066859507098	0.98017994502181
STRG.1651	STRG.1651_ORF_1	390	+	3	249	389	141	0.8439	-0.00875459114749573	0.870226392528354
STRG.1658	STRG.1658_ORF_1	3124	+	2	644	886	243	0.9255	0.142086597952353	0.967576881421777
STRG.1663	STRG.1663_ORF_5	2209	+	3	2118	2207	90	0.7541	0.0830361810295055	0.94154767571837
STRG.1670	STRG.1670_ORF_1	2023	+	3	1833	2009	177	0.6563	0.0770199489448816	0.945759814920967
STRG.1671	STRG.1671_ORF_1	706	+	1	310	435	126	0.4938	0.0472525985923748	0.94077102597531
STRG.1678	STRG.1678_ORF_1	771	+	2	80	268	189	0.5904	0.025224901210382	0.921292243974182
STRG.1722	STRG.1722_ORF_1	575	+	1	451	573	123	0.877	0.00973897407371365	0.88854762288486
STRG.1723	STRG.1723_ORF_1	575	+	1	451	573	123	0.877	0.00973897407371365	0.88854762288486
STRG.1724	STRG.1724_ORF_3	1533	+	2	1409	1531	123	0.877	0.00973897407371365	0.870434140560747
STRG.1725	STRG.1725_ORF_1	575	+	1	451	573	123	0.877	0.00973897407371365	0.88854762288486
STRG.1734	STRG.1734_ORF_2	828	+	3	468	617	150	0.9231	0.0678365098810288	0.941363815482704
STRG.1755	STRG.1755_ORF_1	1335	+	3	405	584	180	1.0764	0.109759866073738	0.959326060420332
STRG.1759	STRG.1759_ORF_2	781	+	2	182	292	111	0.8668	-0.0360897927805944	0.808931341768579
STRG.1776	STRG.1776_ORF_1	369	+	1	64	219	156	0.6087	0.047558001165814	0.941853020938142
STRG.1819	STRG.1819_ORF_2	1301	+	3	1119	1211	93	1.0377	-0.215542819981155	0.252427598206804
STRG.1831	STRG.1831_ORF_1	594	+	1	277	594	318	1.072	0.145286629617921	0.979379336270431
STRG.1841	STRG.1841_ORF_5	4058	+	1	1951	2151	201	0.9023	0.0848774494726156	0.922042032971311
STRG.1858	STRG.1858_ORF_4	1557	+	2	560	712	153	0.7909	-0.0335047059390716	0.804474889171432
STRG.1877	STRG.1877_ORF_1	653	+	2	413	529	117	0.999	0.147022406407014	0.977290062968013
STRG.1886	STRG.1886_ORF_3	554	+	3	102	182	81	0.745	-0.052010280572518	0.790228539621554
STRG.1888	STRG.1888_ORF_1	814	+	1	130	240	111	0.4453	-0.232710453706185	0.297523862663026
STRG.1902	STRG.1902_ORF_5	823	+	1	436	537	102	0.6476	-0.0654211188923007	0.764581497450777
STRG.1913	STRG.1913_ORF_2	8355	+	1	7531	7791	261	0.637	-0.056278937567796	0.519471918257691
STRG.1930	STRG.1930_ORF_1	2218	+	1	1783	1941	159	0.631	-0.00597222619889764	0.852090687823802
STRG.1935	STRG.1935_ORF_2	1581	+	3	1317	1580	264	1.0456	0.055011053301627	0.923477421863703
STRG.1943	STRG.1943_ORF_1	395	+	1	310	393	84	1.0793	0.00791180226047471	0.873903924399811
STRG.1950	STRG.1950_ORF_2	283	+	3	168	245	78	0.9852	-0.0349868173141359	0.810245937129353
STRG.1962	STRG.1962_ORF_2	913	+	3	39	323	285	1.0384	-0.0488384371929435	0.783569341797834
STRG.1993	STRG.1993_ORF_1	560	+	2	17	277	261	0.6437	0.0124009121425861	0.913368861278847
STRG.1995	STRG.1995_ORF_5	2082	+	1	457	549	93	1.0445	-0.00494982255986384	0.816884062031067
STRG.2029	STRG.2029_ORF_1	379	+	1	169	324	156	0.7769	0.0424700718201884	0.932040906926807
STRG.2053	STRG.2053_ORF_2	652	+	3	462	554	93	0.4172	-0.00178608021019534	0.896625383135142
STRG.2057	STRG.2057_ORF_1	1149	+	3	570	884	315	0.6832	0.00390402516364118	0.896443641495602
STRG.2059	STRG.2059_ORF_1	424	+	2	257	397	141	0.7623	-0.126347971204023	0.604296116086533
STRG.2061	STRG.2061_ORF_4	1013	+	3	564	647	84	0.7233	0.0710250607552962	0.945377654880874
STRG.2070	STRG.2070_ORF_1	868	+	1	577	669	93	1.0393	0.133115292862513	0.970734461795309
STRG.2081	STRG.2081_ORF_3	2735	+	3	2478	2606	129	0.756	-0.0940719549905823	0.604096398659442
STRG.2094	STRG.2094_ORF_2	937	+	3	855	935	81	1.2584	0.295736974414837	0.995745245632029
STRG.2101	STRG.2101_ORF_4	1125	+	1	1036	1125	90	0.6625	0.0277092658560639	0.909784077082235
STRG.2118	STRG.2118_ORF_1	286	+	2	23	166	144	1.0232	-0.0240698231839266	0.83484737722269
STRG.2119	STRG.2119_ORF_1	1608	+	1	130	318	189	0.901	0.0442564381286924	0.914844160774434
STRG.2120	STRG.2120_ORF_2	1576	+	3	1125	1364	240	0.7243	-0.00617628997510666	0.866482305751999
STRG.2136	STRG.2136_ORF_1	346	+	3	180	278	99	0.7153	-0.282203725512276	0.170290363524674
STRG.2149	STRG.2149_ORF_3	1270	+	1	1009	1110	102	1.1276	0.0424374409286233	0.901289222531366
STRG.2153	STRG.2153_ORF_1	1452	+	2	230	403	174	0.8597	0.0539711789579402	0.926942333455073
STRG.2158	STRG.2158_ORF_2	585	+	3	345	539	195	0.6564	0.147809661190428	0.982792987203992
STRG.2168	STRG.2168_ORF_2	1909	+	2	1643	1771	129	0.7734	-0.0034911290199966	0.849651763021323
STRG.2169	STRG.2169_ORF_2	913	+	1	796	912	117	0.9798	-0.0754132340510495	0.700344867960228
STRG.2183	STRG.2183_ORF_2	976	+	1	610	687	78	0.9544	0.100564587148832	0.956877041204741
STRG.2188	STRG.2188_ORF_2	423	+	3	309	422	114	0.9342	0.0467283370574069	0.926983618507559
STRG.2208	STRG.2208_ORF_1	510	+	2	56	226	171	0.7201	0.0346987951145913	0.926853340150628
STRG.2209	STRG.2209_ORF_1	906	+	1	265	420	156	1.0445	-0.00716322735343095	0.848768596348855
STRG.2213	STRG.2213_ORF_1	524	+	2	125	478	354	0.7748	-0.0321053824388073	0.855707501913522
STRG.2215	STRG.2215_ORF_4	744	+	2	656	742	87	0.8543	0.101255110733684	0.961419835649971
STRG.2217	STRG.2217_ORF_1	305	+	2	179	274	96	0.7369	-0.0784902358676122	0.73970004093996
STRG.2283	STRG.2283_ORF_1	244	+	3	84	236	153	0.5597	-0.161000127444756	0.533796092170693
STRG.2296	STRG.2296_ORF_1	1060	+	1	562	798	237	0.616	0.00249716789609638	0.894348413084928
STRG.2317	STRG.2317_ORF_1	293	+	3	21	143	123	0.7728	-0.238777368999862	0.263529420362721
STRG.2320	STRG.2320_ORF_3	578	+	1	28	138	111	0.8966	0.183753767003765	0.986694382589328
STRG.2329	STRG.2329_ORF_1	406	+	2	32	223	192	0.7442	-0.103682634539385	0.683395244694126
STRG.2339	STRG.2339_ORF_1	293	+	1	163	291	129	0.6571	0.184140921525356	0.989191109675231
STRG.2346	STRG.2346_ORF_5	2983	+	3	1776	1895	120	0.6611	0.00613443625105769	0.848589223351746
STRG.2372	STRG.2372_ORF_1	395	+	1	10	132	123	0.7629	0.111855450270043	0.970583647932472
STRG.2393	STRG.2393_ORF_2	3167	+	3	969	1124	156	0.9242	0.0125103454078348	0.838368989353231
STRG.2430	STRG.2430_ORF_4	1491	+	1	91	198	108	0.7955	0.0604799211038965	0.931196039102041
STRG.2443	STRG.2443_ORF_4	1518	+	3	168	314	147	0.9741	0.0833478805644005	0.94380650181874
STRG.2446	STRG.2446_ORF_1	316	+	2	113	244	132	0.7435	-0.0526730897847195	0.802194888852851
STRG.2447	STRG.2447_ORF_4	1886	+	1	139	282	144	0.6977	0.0116293593685085	0.879480734948493
STRG.2454	STRG.2454_ORF_1	421	+	1	25	183	159	0.8504	0.045791962191941	0.93169768404407
STRG.2497	STRG.2497_ORF_1	310	+	1	85	309	225	0.7139	0.0639296775368396	0.952489004721709
STRG.2500	STRG.2500_ORF_2	948	+	2	416	571	156	0.4341	0.0895503628380904	0.965352091552702
STRG.2519	STRG.2519_ORF_2	317	+	3	27	188	162	1.1295	-0.0797574765350967	0.699656507941392
STRG.2522	STRG.2522_ORF_1	650	+	1	130	264	135	0.6793	0.00630454492089451	0.895053384475878
STRG.2533	STRG.2533_ORF_1	978	+	2	131	754	624	0.7705	0.125528073234511	0.981054135661034
STRG.2541	STRG.2541_ORF_1	579	+	2	167	289	123	0.645	0.120060615578746	0.97439108978165
STRG.2542	STRG.2542_ORF_1	310	+	2	98	310	213	0.8076	0.0208527045962605	0.915025179471214
STRG.2565	STRG.2565_ORF_1	966	+	3	483	965	483	0.9796	0.156631814052897	0.984033365525442
STRG.2567	STRG.2567_ORF_1	729	+	2	290	460	171	0.9086	0.103290844015106	0.963628521097206
STRG.2588	STRG.2588_ORF_2	1838	+	2	1400	1528	129	0.5964	-0.0151373241073102	0.845252528692628
STRG.2594	STRG.2594_ORF_1	461	+	3	204	299	96	0.7744	-0.152614109387999	0.508873870262628
STRG.2598	STRG.2598_ORF_1	326	+	2	20	217	198	0.5296	0.0140820281249772	0.919677163811019
STRG.2610	STRG.2610_ORF_1	3171	+	2	1493	1852	360	0.81	-0.0805062881516653	0.660334117286559
STRG.2632	STRG.2632_ORF_1	379	+	3	228	377	150	0.86	0.129145411057027	0.975552650750635
STRG.2642	STRG.2642_ORF_1	259	+	3	42	125	84	1.0521	0.0277695040194753	0.903184677733683
STRG.2645	STRG.2645_ORF_1	250	+	3	45	191	147	0.8236	-0.132807897342251	0.584066388384122
STRG.2668	STRG.2668_ORF_1	306	+	3	21	179	159	0.8326	-0.0695566065744941	0.759820787990374
STRG.2674	STRG.2674_ORF_3	417	+	2	242	322	81	0.7883	0.212510975938334	0.991403022964206
STRG.2714	STRG.2714_ORF_1	381	+	2	224	379	156	0.9806	0.343052418201278	0.998320177900018
STRG.2721	STRG.2721_ORF_3	820	+	2	335	421	87	1.1007	0.0926947109273656	0.950103409591852
STRG.2730	STRG.2730_ORF_1	477	+	1	28	144	117	0.8133	0.0153675642723463	0.900173911942179
STRG.2734	STRG.2734_ORF_2	284	+	3	168	284	117	0.8113	0.00622557603513777	0.892500653544133
STRG.2764	STRG.2764_ORF_1	1211	+	2	869	1021	153	0.5039	-0.0759553817259841	0.749448108753662
STRG.2766	STRG.2766_ORF_3	738	+	3	234	338	105	0.7547	-0.0676552504758206	0.750940355032253
STRG.2772	STRG.2772_ORF_1	1006	+	1	343	459	117	1.2296	0.158580049668878	0.976177035363355
STRG.2781	STRG.2781_ORF_1	947	+	3	627	788	162	0.6563	-0.0928582168162034	0.69878485609503
STRG.2789	STRG.2789_ORF_3	3150	+	3	216	371	156	1.1651	0.145769596020363	0.962013191648997
STRG.2795	STRG.2795_ORF_3	582	+	3	303	401	99	0.558	-0.0100524016638813	0.879501820945657
STRG.2796	STRG.2796_ORF_1	1101	+	1	754	864	111	1.2168	0.128597745578532	0.964805846282194
STRG.2808	STRG.2808_ORF_2	2436	+	1	2263	2436	174	0.6907	0.0184311298671659	0.881242964912185
STRG.2820	STRG.2820_ORF_1	1260	+	3	531	1259	729	0.6571	0.0182079239875334	0.934312752224857
STRG.2832	STRG.2832_ORF_4	4034	+	3	3621	3782	162	1.016	0.0604391725151231	0.88715230717682
STRG.2854	STRG.2854_ORF_2	697	+	1	88	270	183	0.6752	0.0247935035791354	0.917835213912337
STRG.2868	STRG.2868_ORF_1	613	+	2	50	613	564	0.9216	0.0942007568747345	0.969892358851115
STRG.2871	STRG.2871_ORF_2	2016	+	1	1621	1764	144	0.8751	0.0592041767855064	0.922414760455536
STRG.2886	STRG.2886_ORF_5	2453	+	3	516	620	105	0.5885	-0.0385757925900988	0.780917080035587
STRG.2893	STRG.2893_ORF_1	648	+	3	441	641	201	0.5925	0.023200290952582	0.921560980978167
STRG.2926	STRG.2926_ORF_1	469	+	1	10	93	84	0.7884	-0.104214784704579	0.655402790518727
STRG.2927	STRG.2927_ORF_5	2052	+	3	1626	1706	81	0.6191	-0.00401040392754044	0.852404550024593
STRG.2947	STRG.2947_ORF_1	2279	+	1	34	348	315	0.9568	0.191687023578742	0.985588661164445
STRG.2957	STRG.2957_ORF_2	640	+	2	44	127	84	0.6859	-0.0289085224553068	0.838461702299373
STRG.2958	STRG.2958_ORF_2	783	+	1	451	561	111	0.6201	-0.0238041778954177	0.851519742724692
STRG.2960	STRG.2960_ORF_1	432	+	2	176	319	144	0.7357	-0.0938654406582548	0.702689619155925
STRG.2966	STRG.2966_ORF_1	563	+	1	247	417	171	0.6932	-0.0715986238902294	0.763215300285769
STRG.2974	STRG.2974_ORF_2	1186	+	3	648	737	90	0.756	-0.195270676955212	0.345311150103514
STRG.2976	STRG.2976_ORF_1	308	+	2	224	307	84	0.3615	0.0207910269079052	0.926878141245657
STRG.2977	STRG.2977_ORF_1	574	+	2	428	532	105	0.7469	-0.0166645859164118	0.857811952143447
STRG.2981	STRG.2981_ORF_3	3845	+	1	3145	3354	210	0.9042	0.00641521444841972	0.817439899919165
STRG.2994	STRG.2994_ORF_1	436	+	3	102	242	141	0.9842	0.0586996232587991	0.936139078240018
STRG.3002	STRG.3002_ORF_2	1570	+	2	5	148	144	1.1094	0.169045557323366	0.97893436821934
STRG.3003	STRG.3003_ORF_2	876	+	2	2	214	213	0.8931	0.0741538749104432	0.948575451077029
STRG.3008	STRG.3008_ORF_3	668	+	3	477	623	147	1.3512	0.185493258617834	0.983260021204448
STRG.3018	STRG.3018_ORF_2	865	+	3	237	455	219	1.0928	0.00574603514808469	0.872031791460361
STRG.3031	STRG.3031_ORF_1	324	+	3	153	266	114	0.8358	-0.0579774648826016	0.779380586186941
STRG.3039	STRG.3039_ORF_1	395	+	2	71	190	120	0.5435	-0.0624987244496929	0.796917135882484
STRG.3064	STRG.3064_ORF_4	686	+	1	76	183	108	0.9875	0.0272881252171612	0.900863348557565
STRG.3071	STRG.3071_ORF_1	467	+	3	168	263	96	0.4458	-0.255899888534553	0.248080163376885
STRG.3074	STRG.3074_ORF_5	2395	+	3	2028	2171	144	0.9378	0.15590753466454	0.973971965049244
STRG.3095	STRG.3095_ORF_2	527	+	1	358	519	162	0.953	0.0256524942076311	0.90683507806343
STRG.3104	STRG.3104_ORF_2	996	+	2	359	904	546	1.275	0.313507374762884	0.99757630311918
STRG.3105	STRG.3105_ORF_1	1628	+	1	127	1626	1500	1.248	0.280429200816218	0.998021108395931
STRG.3123	STRG.3123_ORF_5	1573	+	2	827	925	99	0.9862	0.0754363548294369	0.934940782942421
STRG.3135	STRG.3135_ORF_1	2109	+	2	434	1402	969	1.1165	0.170482617133528	0.987711145506927
STRG.3136	STRG.3136_ORF_1	647	+	3	204	461	258	0.733	-0.172529803236905	0.473169286385319
STRG.3137	STRG.3137_ORF_1	1657	+	2	434	1258	825	0.972	0.078131492673657	0.962586111015951
STRG.3138	STRG.3138_ORF_1	1329	+	1	430	1236	807	1.0822	0.140858074962088	0.982694602813607
STRG.3140	STRG.3140_ORF_1	2527	+	1	850	1818	969	1.0949	0.167762784301324	0.98647370803392
STRG.3141	STRG.3141_ORF_1	960	+	2	434	958	525	1.1735	0.241526805179179	0.994169310840825
STRG.3169	STRG.3169_ORF_2	3214	+	3	477	773	297	0.8025	0.0238786418592413	0.87695853575156
STRG.3196	STRG.3196_ORF_1	262	+	3	18	170	153	1.0232	0.193300106069799	0.988385917703844
STRG.3209	STRG.3209_ORF_4	1586	+	2	395	493	99	0.8233	-0.026587192402302	0.808232510872896
STRG.3243	STRG.3243_ORF_1	383	+	3	57	278	222	0.6726	0.0261071235297584	0.925372978564139
STRG.3251	STRG.3251_ORF_1	250	+	1	163	246	84	0.7898	-0.0807682691896768	0.728007072964545
STRG.3261	STRG.3261_ORF_1	326	+	1	10	117	108	0.9372	-0.222251099025823	0.283372435164729
STRG.3262	STRG.3262_ORF_1	342	+	3	138	248	111	0.9078	-0.0833207497771891	0.708141695921432
STRG.3263	STRG.3263_ORF_1	864	+	3	201	347	147	0.5021	-0.122208144725888	0.63546619052623
STRG.3277	STRG.3277_ORF_3	1192	+	1	793	906	114	0.8303	0.0199633457243766	0.892695780201325
STRG.3281	STRG.3281_ORF_1	1139	+	1	994	1137	144	0.6863	-0.0136021561779645	0.858301990668279
STRG.3293	STRG.3293_ORF_1	3319	+	2	1313	1717	405	0.8911	0.140213213815217	0.970133854491806
STRG.3297	STRG.3297_ORF_5	1311	+	2	1211	1309	99	1.1339	0.154543543065265	0.974636077551547
STRG.3314	STRG.3314_ORF_1	321	+	1	190	282	93	0.9036	-0.0592517670413604	0.766787129998749
STRG.3315	STRG.3315_ORF_1	2467	+	3	1050	1325	276	0.6706	0.0167609535242895	0.887631539661339
STRG.3336	STRG.3336_ORF_4	1807	+	3	27	155	129	1.1318	0.0753946565865908	0.928256831232952
STRG.3342	STRG.3342_ORF_1	292	+	2	86	292	207	1	0.0382041223708588	0.92320561473592
STRG.3355	STRG.3355_ORF_5	2485	+	3	1611	1748	138	0.7899	0.132096953683884	0.967084859187013
STRG.3365	STRG.3365_ORF_1	283	+	3	126	212	87	0.9415	-0.0396175894847152	0.806001205194122
STRG.3370	STRG.3370_ORF_1	15382	+	1	8350	8835	486	0.4782	0.0315463340446952	0.555656375842493
STRG.3386	STRG.3386_ORF_1	593	+	2	104	385	282	0.7242	0.0270270151907247	0.924670445860245
STRG.3388	STRG.3388_ORF_1	273	+	1	121	273	153	0.5319	-0.0783466020396419	0.771341630231821
STRG.3400	STRG.3400_ORF_3	800	+	2	641	799	159	0.7306	-0.0519254557898714	0.794365268666551
STRG.3408	STRG.3408_ORF_1	2859	+	1	2257	2412	156	0.9847	0.0721371089978662	0.919612431744368
STRG.3434	STRG.3434_ORF_2	2244	+	1	535	663	129	1.0948	0.0656816802711141	0.91514919253656
STRG.3465	STRG.3465_ORF_1	3520	+	2	2954	3256	303	0.7162	-0.0555439997425099	0.718485383097555
STRG.3478	STRG.3478_ORF_3	5127	+	3	2892	3065	174	0.7577	-0.0247026953155094	0.71625822653313
STRG.3486	STRG.3486_ORF_1	490	+	1	208	408	201	1.0577	0.0305131230150401	0.909977808933654
STRG.3493	STRG.3493_ORF_4	2410	+	1	2266	2409	144	0.9044	0.15223411712549	0.973185151803692
STRG.3498	STRG.3498_ORF_2	518	+	2	335	430	96	0.6504	-0.19508006152756	0.389056981455445
STRG.3500	STRG.3500_ORF_3	301	+	3	183	275	93	0.8151	-0.0625469401007439	0.769089683013436
STRG.3501	STRG.3501_ORF_3	1613	+	2	1127	1273	147	0.6835	0.0120832680071731	0.886231064249297
STRG.3508	STRG.3508_ORF_1	524	+	1	136	366	231	1.0881	-0.0995161580299783	0.652494944326401
STRG.3513	STRG.3513_ORF_1	467	+	3	183	260	78	1.0792	-0.10133893190008	0.623647840821701
STRG.3541	STRG.3541_ORF_2	742	+	3	234	332	99	0.5885	-0.00204272498977751	0.885425687387811
STRG.3543	STRG.3543_ORF_5	1219	+	1	112	210	99	0.7186	0.123498628020581	0.970898744397309
STRG.3551	STRG.3551_ORF_1	757	+	1	124	249	126	0.7174	0.03748230296588	0.924032334567835
STRG.3583	STRG.3583_ORF_1	790	+	2	191	433	243	0.8587	0.0705907837193184	0.949175702748845
STRG.3613	STRG.3613_ORF_5	2210	+	3	513	653	141	0.5836	-0.0542182938382485	0.758123368275332
STRG.3614	STRG.3614_ORF_2	1372	+	3	33	233	201	0.6484	0.0782660249026094	0.953201627454461
STRG.3619	STRG.3619_ORF_1	1657	+	2	311	505	195	0.853	0.0231823274702584	0.893369605320764
STRG.3633	STRG.3633_ORF_3	2004	+	3	363	461	99	0.9177	0.0987710282145866	0.94932428375248
STRG.3683	STRG.3683_ORF_3	2505	+	2	134	319	186	0.7316	0.00996147217262491	0.86616667125871
STRG.3685	STRG.3685_ORF_1	2042	+	3	1743	1919	177	0.8857	0.0672011366314897	0.930435659302371
STRG.3688	STRG.3688_ORF_2	1238	+	1	595	708	114	0.5391	-0.109515372380698	0.64707445636732
STRG.3699	STRG.3699_ORF_1	368	+	3	252	368	117	0.8022	-0.0794243399627567	0.730811627550045
STRG.3705	STRG.3705_ORF_1	593	+	1	1	243	243	0.9093	0.134256592196726	0.977166012589997
STRG.3721	STRG.3721_ORF_1	437	+	2	32	190	159	0.8441	0.0538856231087366	0.938116530506421
STRG.3740	STRG.3740_ORF_1	609	+	2	260	481	222	1.1505	0.183128853340036	0.985630261096709
STRG.3766	STRG.3766_ORF_2	2511	+	3	861	1082	222	0.418	-0.0806540268661598	0.712120081691114
STRG.3770	STRG.3770_ORF_1	3405	+	2	2948	3334	387	0.6906	-0.0270615597149322	0.803003380145121
STRG.3771	STRG.3771_ORF_2	361	+	3	78	227	150	1.206	0.0522642183274283	0.923564692240562
STRG.3817	STRG.3817_ORF_2	562	+	1	433	513	81	0.8317	0.0441702856622355	0.925416821957285
STRG.3820	STRG.3820_ORF_3	703	+	2	263	400	138	0.7211	-0.0223134518188774	0.850870194541762
STRG.3889	STRG.3889_ORF_1	369	+	2	53	304	252	0.6022	-0.00994190234922915	0.892644767450341
STRG.3911	STRG.3911_ORF_2	338	+	1	259	336	78	0.7278	0.104427828513749	0.967601207617806
STRG.3912	STRG.3912_ORF_4	3646	+	2	308	436	129	0.6439	0.120151917352564	0.956778251981632
STRG.3913	STRG.3913_ORF_1	743	+	3	201	611	411	0.6026	-0.0313208833165435	0.869410108944619
STRG.3915	STRG.3915_ORF_2	389	+	3	240	329	90	0.6638	-0.0838305415004202	0.730795366570873
STRG.3916	STRG.3916_ORF_1	261	+	1	55	168	114	0.6527	-0.0820429595369228	0.744502203458688
STRG.3929	STRG.3929_ORF_1	2392	+	1	115	600	486	0.8947	0.111610264880324	0.965643766837069
STRG.3930	STRG.3930_ORF_3	1083	+	3	54	161	108	1.2007	0.0687564490775555	0.927385647509576
STRG.3956	STRG.3956_ORF_1	2277	+	2	1988	2275	288	0.6614	0.0542810183701475	0.930907963313379
STRG.3974	STRG.3974_ORF_2	867	+	3	642	719	78	0.6582	-0.0592847884506936	0.772932853579303
STRG.3978	STRG.3978_ORF_1	292	+	3	192	269	78	0.5274	-0.0765652377102726	0.765117785004461
STRG.3980	STRG.3980_ORF_1	838	+	3	402	662	261	0.6023	-0.0513025289374582	0.818457082488855
STRG.3988	STRG.3988_ORF_2	1113	+	1	769	858	90	1.036	0.167647313688758	0.980242823474566
STRG.3990	STRG.3990_ORF_1	781	+	2	608	781	174	0.3473	-0.102131297021939	0.719474129306755
STRG.3999	STRG.3999_ORF_1	375	+	2	20	166	147	0.7534	0.0186931680991704	0.910397152496622
STRG.4027	STRG.4027_ORF_1	766	+	1	34	318	285	0.8913	-0.122334253453968	0.610251843499264
STRG.4099	STRG.4099_ORF_1	521	+	2	323	520	198	0.9553	0.0339259192977543	0.91757400967414
STRG.4101	STRG.4101_ORF_1	521	+	2	323	520	198	0.9553	0.0339259192977543	0.91757400967414
STRG.4104	STRG.4104_ORF_1	521	+	2	323	520	198	0.9999	0.0285876029117775	0.910076583194384
STRG.4124	STRG.4124_ORF_1	546	+	3	165	338	174	0.6101	-0.0246279930273635	0.862026853185863
STRG.4136	STRG.4136_ORF_2	620	+	3	453	581	129	0.7251	-0.114716001596729	0.634496668857519
STRG.4143	STRG.4143_ORF_1	1459	+	1	637	1437	801	1.1948	0.224788384238864	0.993511536613188
STRG.4144	STRG.4144_ORF_1	1459	+	1	637	1437	801	1.1948	0.224788384238864	0.993511536613188
STRG.4145	STRG.4145_ORF_1	1459	+	1	637	1437	801	1.1948	0.224788384238864	0.993511536613188
STRG.4146	STRG.4146_ORF_1	1459	+	1	637	1437	801	1.1948	0.224788384238864	0.993511536613188
STRG.4147	STRG.4147_ORF_1	1459	+	1	637	1437	801	1.1948	0.224788384238864	0.993511536613188
STRG.4148	STRG.4148_ORF_1	1459	+	1	637	1437	801	1.1948	0.224788384238864	0.993511536613188
STRG.4152	STRG.4152_ORF_1	582	+	2	482	580	99	0.9268	-0.00501488902619504	0.862508811027907
STRG.4203	STRG.4203_ORF_4	3477	+	1	2113	2271	159	1.0419	0.0221837434150325	0.838764167630654
STRG.4204	STRG.4204_ORF_1	501	+	3	159	245	87	0.7518	-0.00263086015833242	0.878171549261583
STRG.4206	STRG.4206_ORF_5	1191	+	3	774	860	87	0.9334	0.184425334211315	0.984713628608117
STRG.4217	STRG.4217_ORF_1	1070	+	1	61	204	144	1.0064	0.145284334141664	0.975427385163363
STRG.4233	STRG.4233_ORF_2	702	+	1	457	630	174	0.9297	0.0517444849630675	0.931165993607866
STRG.4242	STRG.4242_ORF_3	2649	+	2	1826	2074	249	0.7452	-0.0773324059854833	0.679712699504695
STRG.4253	STRG.4253_ORF_2	858	+	3	390	608	219	0.4689	0.00166868017928043	0.903259945571436
STRG.4256	STRG.4256_ORF_1	1749	+	3	15	1748	1734	1.0474	0.129226414256304	0.989458207697786
STRG.4260	STRG.4260_ORF_2	908	+	3	786	875	90	0.7632	-0.213163514387503	0.304541787635664
STRG.4261	STRG.4261_ORF_2	861	+	1	739	828	90	0.7632	-0.213163514387503	0.30632348832313
STRG.4281	STRG.4281_ORF_1	257	+	2	125	208	84	0.8254	-0.070457434456139	0.749467718378393
STRG.4285	STRG.4285_ORF_1	495	+	3	102	284	183	0.8572	-0.0690607718859347	0.755508654590301
STRG.4288	STRG.4288_ORF_2	1376	+	2	254	418	165	0.7191	0.0779061075790169	0.949769695132964
STRG.4290	STRG.4290_ORF_1	874	+	1	559	714	156	0.6297	-0.101823082987943	0.679095671977711
STRG.4308	STRG.4308_ORF_1	1652	+	3	396	596	201	0.7092	-0.0234246591109548	0.833767434053379
STRG.4321	STRG.4321_ORF_2	950	+	1	499	642	144	0.6806	-0.0121731002904346	0.864931444286283
STRG.4322	STRG.4322_ORF_3	2445	+	1	1561	1692	132	0.6661	0.00234039207401988	0.855307735284802
STRG.4323	STRG.4323_ORF_1	360	+	1	148	246	99	0.8732	-0.122042306349963	0.597087467952017
STRG.4379	STRG.4379_ORF_1	292	+	1	37	183	147	0.5351	-0.130452575608102	0.629927089579526
STRG.4392	STRG.4392_ORF_4	911	+	1	376	462	87	0.6635	0.0294400472558068	0.914413633238778
STRG.4446	STRG.4446_ORF_1	479	+	2	338	478	141	0.8818	0.253914706575499	0.994847950732581
STRG.4475	STRG.4475_ORF_1	920	+	1	349	435	87	0.881	-0.0465940082614729	0.778281424327994
STRG.4477	STRG.4477_ORF_4	1582	+	3	1203	1301	99	0.9604	-0.0432333406122733	0.758301517289152
STRG.4509	STRG.4509_ORF_4	1793	+	1	10	99	90	0.3791	-0.102483770323525	0.662321657376071
STRG.4548	STRG.4548_ORF_1	443	+	2	215	376	162	0.7505	0.0290835325394614	0.920848088495276
STRG.4558	STRG.4558_ORF_1	308	+	2	164	307	144	0.7643	0.073503190859633	0.953950835267321
STRG.4559	STRG.4559_ORF_1	402	+	1	301	402	102	0.8983	-0.128476791977786	0.572029904010576
STRG.4563	STRG.4563_ORF_4	3719	+	3	72	272	201	0.8889	0.0362690561666729	0.871016485920605
STRG.4594	STRG.4594_ORF_1	675	+	1	58	210	153	0.5519	0.0362765083592268	0.9318402243338
STRG.4604	STRG.4604_ORF_1	420	+	2	128	418	291	0.6463	0.0143345117299186	0.918854796653244
STRG.4620	STRG.4620_ORF_2	680	+	2	512	601	90	0.5964	-0.0278816332135954	0.846850769922672
STRG.4628	STRG.4628_ORF_2	252	+	3	66	158	93	0.7516	-0.033262944125076	0.835909804727364
STRG.4658	STRG.4658_ORF_5	1525	+	2	236	328	93	0.7673	0.0246954831695485	0.894850070576079
STRG.4659	STRG.4659_ORF_1	946	+	1	211	342	132	0.9549	0.00272404847865787	0.867617282387973
STRG.4663	STRG.4663_ORF_3	2323	+	2	881	1078	198	0.4284	-0.061921947112673	0.760827736689932
STRG.4682	STRG.4682_ORF_4	4331	+	2	839	967	129	1.1489	0.16990652786622	0.965173818910397
STRG.4696	STRG.4696_ORF_1	321	+	2	83	217	135	0.6943	-0.0582508140845024	0.795466794798909
STRG.4702	STRG.4702_ORF_1	299	+	1	199	297	99	1.0855	0.145045773444744	0.976686191178532
STRG.4723	STRG.4723_ORF_1	265	+	2	20	151	132	1.0622	-0.0968377623438695	0.657145297673263
STRG.4724	STRG.4724_ORF_3	1241	+	1	82	264	183	0.8594	0.0403012569123998	0.917475634844922
STRG.4732	STRG.4732_ORF_1	252	+	1	49	252	204	0.5164	-0.0707010615538237	0.79683145489314
STRG.4734	STRG.4734_ORF_1	1252	+	3	105	866	762	1.3306	0.408566170953561	0.999349021186639
STRG.4777	STRG.4777_ORF_5	3979	+	3	2538	2705	168	0.5087	-0.00148404272934075	0.828237101993055
STRG.4780	STRG.4780_ORF_1	592	+	2	158	403	246	0.7186	0.0529968407379413	0.943723045685519
STRG.4794	STRG.4794_ORF_1	288	+	3	111	287	177	0.6368	0.0163321448319898	0.916435871687973
STRG.4810	STRG.4810_ORF_1	297	+	1	73	174	102	0.8673	-0.237569700171751	0.252687802543489
STRG.4818	STRG.4818_ORF_1	472	+	2	209	298	90	1.1498	0.170510730528783	0.981819063256677
STRG.4853	STRG.4853_ORF_1	1809	+	3	87	239	153	1.2578	0.42398453184912	0.999101788212764
STRG.4861	STRG.4861_ORF_3	1527	+	2	488	589	102	0.868	-0.0408384519824244	0.775696842107684
STRG.4867	STRG.4867_ORF_5	1072	+	2	167	253	87	1.03	0.014225096705074	0.873014344879751
STRG.4868	STRG.4868_ORF_4	2110	+	3	1569	1829	261	0.5455	-0.0144095355043424	0.85684277839956
STRG.4877	STRG.4877_ORF_2	1663	+	1	73	204	132	0.9018	0.0349100046888718	0.900208009469476
STRG.4878	STRG.4878_ORF_1	288	+	3	198	287	90	0.713	-0.0696418174809705	0.763395335204852
STRG.4883	STRG.4883_ORF_1	2626	+	3	1479	2624	1146	0.5607	-0.142636089713417	0.669242684884711
STRG.4884	STRG.4884_ORF_1	1608	+	1	484	906	423	0.6179	-0.139068358347201	0.585969508016561
STRG.4891	STRG.4891_ORF_1	1608	+	1	484	906	423	0.6179	-0.139068358347201	0.585969508016561
STRG.4895	STRG.4895_ORF_4	1647	+	1	931	1047	117	1.2014	0.0893520699506837	0.938158701989091
STRG.4896	STRG.4896_ORF_1	475	+	1	226	399	174	0.5824	-0.0471145980209506	0.827819771600656
STRG.4911	STRG.4911_ORF_3	770	+	2	218	370	153	1.0673	0.0161224612003438	0.884409351723794
STRG.4912	STRG.4912_ORF_3	770	+	2	218	370	153	0.9647	0.0100967916712666	0.88258767064391
STRG.4936	STRG.4936_ORF_2	278	+	2	179	268	90	0.8111	-0.0624633393027053	0.770020867461998
STRG.4947	STRG.4947_ORF_1	371	+	1	55	210	156	0.6239	-0.232231434913539	0.300628659893624
STRG.4951	STRG.4951_ORF_1	661	+	2	104	280	177	0.4774	-0.0450822059391889	0.835795632192076
STRG.4955	STRG.4955_ORF_1	814	+	2	665	814	150	0.5861	0.00466168407095233	0.896512458948252
STRG.4957	STRG.4957_ORF_2	634	+	2	422	544	123	0.8228	-0.00224795310198834	0.874593162776263
STRG.4965	STRG.4965_ORF_2	291	+	2	17	97	81	0.9383	-0.0338546680079241	0.81677718753823
STRG.4974	STRG.4974_ORF_3	869	+	1	646	732	87	0.9967	0.00390090404300898	0.86414321789788
STRG.4979	STRG.4979_ORF_1	508	+	1	298	504	207	0.6593	-0.0683177870722107	0.78075230860292
STRG.4992	STRG.4992_ORF_1	577	+	2	500	577	78	0.7027	-0.205260104126207	0.345701566844653
STRG.5033	STRG.5033_ORF_1	284	+	2	170	268	99	0.4913	-0.168003193840867	0.509146629919534
STRG.5034	STRG.5034_ORF_1	1038	+	1	277	570	294	0.6749	-0.051491554644955	0.810043771863958
STRG.5061	STRG.5061_ORF_1	318	+	2	56	190	135	0.7509	0.0671472646998942	0.950163345915018
STRG.5083	STRG.5083_ORF_1	253	+	1	13	129	117	0.8545	-0.0261265043487694	0.842658073972996
STRG.5146	STRG.5146_ORF_1	262	+	3	144	260	117	0.819	-0.113774659193593	0.637238051585477
STRG.5165	STRG.5165_ORF_1	648	+	2	215	358	144	0.7646	0.010042874535647	0.895568319984664
STRG.5170	STRG.5170_ORF_1	493	+	2	32	184	153	0.8542	-0.0409177395637864	0.813291747295407
STRG.5201	STRG.5201_ORF_2	2477	+	2	146	334	189	0.8795	0.054692833795686	0.914247769261077
STRG.5235	STRG.5235_ORF_2	419	+	2	299	418	120	0.7656	0.0588323665080457	0.942793155475402
STRG.5236	STRG.5236_ORF_1	1272	+	2	29	658	630	0.6682	-0.079064636279816	0.787875162919733
STRG.5255	STRG.5255_ORF_3	1149	+	1	166	261	96	0.9817	0.0905549555925949	0.949641043998595
STRG.5269	STRG.5269_ORF_1	702	+	2	473	634	162	1.1539	-0.0220269621921336	0.818979413971731
STRG.5314	STRG.5314_ORF_2	1507	+	3	180	317	138	1.1852	-0.0117471314638854	0.811822439903408
STRG.5316	STRG.5316_ORF_4	2432	+	3	1758	1892	135	0.5884	-0.0532938091991384	0.751627269301329
STRG.5336	STRG.5336_ORF_1	4978	+	3	3792	4025	234	0.8202	0.00280963582904659	0.788789933552552
STRG.5399	STRG.5399_ORF_1	694	+	1	259	360	102	0.5637	-0.200030055427569	0.379594864376359
STRG.5411	STRG.5411_ORF_1	740	+	1	340	492	153	0.7404	0.0353509759076644	0.922799348779129
STRG.5412	STRG.5412_ORF_3	1484	+	2	44	130	87	1.1199	0.0190165404757607	0.865698090212722
STRG.5432	STRG.5432_ORF_2	826	+	1	268	372	105	0.9429	0.00430502011759896	0.87083802069704
STRG.5437	STRG.5437_ORF_2	3854	+	2	2486	2800	315	1.0238	0.191828013844493	0.980280957669789
STRG.5443	STRG.5443_ORF_1	814	+	2	509	616	108	0.7021	0.10283955859348	0.965413306646443
STRG.5448	STRG.5448_ORF_2	793	+	3	408	500	93	0.785	0.0999830448105862	0.962157369020526
STRG.5453	STRG.5453_ORF_1	1091	+	3	858	1028	171	0.3928	-0.023906697053799	0.86640159673856
STRG.5454	STRG.5454_ORF_2	872	+	3	252	338	87	0.8422	0.0435345318851073	0.920789466133627
STRG.5483	STRG.5483_ORF_2	480	+	1	280	480	201	0.6096	0.019353149690639	0.91937982228235
STRG.5486	STRG.5486_ORF_1	823	+	2	146	415	270	0.9594	0.0525032623302688	0.933935327648624
STRG.5523	STRG.5523_ORF_1	239	+	1	43	132	90	1.0073	-0.125297874003691	0.571313785604864
STRG.5554	STRG.5554_ORF_1	999	+	1	637	822	186	0.7677	-0.25048544863104	0.221964772759826
STRG.5587	STRG.5587_ORF_2	2317	+	3	402	545	144	1.0505	-0.0424435618720035	0.731785522444728
STRG.5607	STRG.5607_ORF_1	2432	+	3	405	683	279	0.5302	-0.0173786778810784	0.847623729479814
STRG.5636	STRG.5636_ORF_1	410	+	2	41	295	255	0.7482	-0.0434953884644997	0.831058118832016
STRG.5651	STRG.5651_ORF_1	257	+	3	153	257	105	1.1112	0.0191393778118305	0.89120818623294
STRG.5656	STRG.5656_ORF_3	1709	+	1	286	420	135	0.7741	-0.0454784180606229	0.773564932130173
STRG.5659	STRG.5659_ORF_1	851	+	1	619	813	195	0.5884	-0.0155822083225272	0.872532157137813
STRG.5671	STRG.5671_ORF_2	2943	+	3	2286	2600	315	1.206	0.0944088434713773	0.937122660901123
STRG.5709	STRG.5709_ORF_1	256	+	1	112	201	90	0.5463	-0.0663406993999216	0.788802543198259
STRG.5710	STRG.5710_ORF_3	2576	+	2	716	826	111	0.8046	0.011441269611038	0.854931214077605
STRG.5751	STRG.5751_ORF_4	2943	+	3	1185	1430	246	0.8527	0.142351604132445	0.970018761058464
STRG.5757	STRG.5757_ORF_1	349	+	3	63	146	84	0.7857	-0.244831626277776	0.239870754652505
STRG.5763	STRG.5763_ORF_1	258	+	1	22	105	84	0.7518	-0.212203694107682	0.332904304572852
STRG.5765	STRG.5765_ORF_1	287	+	1	166	285	120	0.8741	-0.0872853577957359	0.705073026246697
STRG.5772	STRG.5772_ORF_2	977	+	1	778	909	132	0.5017	-0.0609101621725787	0.788748960650131
STRG.5795	STRG.5795_ORF_3	1884	+	3	330	458	129	1.126	0.114464191929436	0.955012594242524
STRG.5799	STRG.5799_ORF_1	262	+	3	42	167	126	0.8077	0.0135121469732939	0.902360457971883
STRG.5802	STRG.5802_ORF_1	255	+	2	167	253	87	1.0533	-0.132174376513533	0.541424561540847
STRG.5822	STRG.5822_ORF_4	1295	+	1	817	918	102	0.5888	-0.0813827394763585	0.715377331129997
STRG.5828	STRG.5828_ORF_1	765	+	2	308	454	147	0.4933	-0.0141689141647845	0.87829718604081
STRG.5835	STRG.5835_ORF_1	283	+	1	172	282	111	1.0269	-0.0136933726345075	0.849130910003013
STRG.5860	STRG.5860_ORF_1	1200	+	3	471	731	261	0.5173	-0.0155575436251937	0.875842120375559
STRG.5865	STRG.5865_ORF_1	5254	+	1	4183	4542	360	0.5959	-0.0557691809771599	0.676637514340898
STRG.5899	STRG.5899_ORF_1	260	+	2	116	259	144	0.9494	-0.0287095733179562	0.833181030689711
STRG.5900	STRG.5900_ORF_1	254	+	2	32	130	99	0.6064	0.0618942421229772	0.950204181939065
STRG.5913	STRG.5913_ORF_1	2181	+	3	1803	1910	108	0.7177	0.00134491882193318	0.853525062781575
STRG.5937	STRG.5937_ORF_3	823	+	3	381	461	81	0.82	0.00306641579030859	0.875093269969267
STRG.5938	STRG.5938_ORF_1	256	+	2	125	256	132	0.9925	0.0802157251195564	0.951839164629052
STRG.5939	STRG.5939_ORF_1	758	+	2	512	619	108	0.9218	-0.176331759706204	0.400869520148626
STRG.5941	STRG.5941_ORF_2	442	+	3	63	188	126	1.313	0.0549876304376051	0.919189953976978
STRG.5958	STRG.5958_ORF_1	505	+	3	54	155	102	0.9563	0.0186685227872365	0.894864548784343
STRG.5967	STRG.5967_ORF_1	1971	+	1	1309	1563	255	0.6206	-0.010878618705266	0.859499937236896
STRG.5980	STRG.5980_ORF_1	1024	+	1	1	306	306	0.7319	0.0770604798859375	0.956548064807674
STRG.6002	STRG.6002_ORF_1	268	+	2	2	196	195	0.7961	-0.122085107056405	0.628968953455846
STRG.6008	STRG.6008_ORF_2	271	+	3	144	230	87	0.7787	0.0830510048812832	0.957265495999302
STRG.6012	STRG.6012_ORF_1	326	+	2	194	310	117	1.2058	0.119277841889334	0.965775667745189
STRG.6039	STRG.6039_ORF_1	725	+	1	169	294	126	0.6202	0.0170725869873685	0.908643821223584
STRG.6043	STRG.6043_ORF_1	586	+	3	243	419	177	1.1071	0.0057690298850479	0.873109560538937
STRG.6044	STRG.6044_ORF_1	357	+	2	215	319	105	0.9173	0.0701315658397227	0.945776454206662
STRG.6056	STRG.6056_ORF_1	710	+	1	340	447	108	0.6353	-0.0621611282706497	0.777669756420741
STRG.6096	STRG.6096_ORF_1	361	+	2	119	361	243	0.6683	-0.123562691038661	0.646516927032476
STRG.6099	STRG.6099_ORF_1	399	+	2	152	397	246	0.7587	-0.0561346910379263	0.805110517041571
STRG.6107	STRG.6107_ORF_1	5804	+	2	3905	4291	387	0.5402	-0.0189237040346535	0.763164919987049
STRG.6111	STRG.6111_ORF_3	2134	+	1	1426	1584	159	1.0185	0.0480438810382609	0.903555240140761
STRG.6128	STRG.6128_ORF_4	695	+	1	439	546	108	0.8039	0.00753995347937304	0.886711398104637
STRG.6129	STRG.6129_ORF_1	1332	+	1	349	495	147	0.5207	0.00813075124108903	0.895435146570617
STRG.6142	STRG.6142_ORF_2	272	+	3	81	272	192	1.0973	0.107638288392404	0.965109614209862
STRG.6156	STRG.6156_ORF_1	973	+	3	480	722	243	0.6754	-0.0291228511350875	0.847107114953246
STRG.6158	STRG.6158_ORF_1	341	+	3	165	341	177	0.5444	-0.071573434532846	0.786232030186945
STRG.6172	STRG.6172_ORF_3	3302	+	3	210	311	102	1.036	0.0132396127787176	0.821210191821842
STRG.6208	STRG.6208_ORF_1	2760	+	1	382	492	111	0.6026	0.0377617251339566	0.900259215490689
STRG.6209	STRG.6209_ORF_2	6512	+	2	2828	3064	237	0.6308	0.0237195215754923	0.806526175094256
STRG.6230	STRG.6230_ORF_2	251	+	3	138	251	114	0.772	0.0592268794876168	0.944220794529575
STRG.6264	STRG.6264_ORF_4	886	+	2	506	634	129	0.6816	0.0866804987094394	0.958322681804642
STRG.6325	STRG.6325_ORF_1	744	+	2	269	547	279	0.9351	0.0400934456064493	0.925771205939872
STRG.6326	STRG.6326_ORF_2	430	+	3	255	356	102	0.9452	0.203131835090942	0.989521727335065
STRG.6331	STRG.6331_ORF_2	736	+	2	305	658	354	1.1069	0.0475602274762942	0.929422774439395
STRG.6337	STRG.6337_ORF_1	4252	+	1	46	1179	1134	1.0136	0.197353371255241	0.989416309235064
STRG.6338	STRG.6338_ORF_1	933	+	3	30	350	321	0.9634	0.195236486559832	0.989146675807228
STRG.6361	STRG.6361_ORF_1	379	+	1	70	147	78	1.1533	0.0121195037797717	0.874920246607356
STRG.6374	STRG.6374_ORF_3	362	+	1	262	360	99	0.5882	0.123733829936453	0.976801886610396
STRG.6393	STRG.6393_ORF_3	404	+	1	244	339	96	0.8552	0.168329039227223	0.984488920407471
STRG.6441	STRG.6441_ORF_2	2522	+	3	1179	1394	216	0.5959	-0.000472627338088513	0.862005905304297
STRG.6451	STRG.6451_ORF_1	312	+	2	107	310	204	1.0668	0.200134776015048	0.989404458620673
STRG.6452	STRG.6452_ORF_1	255	+	1	49	255	207	0.9809	0.246570935327622	0.994515805165427
STRG.6470	STRG.6470_ORF_4	1781	+	1	1699	1779	81	1.0732	0.316043702422618	0.996584940657275
STRG.6477	STRG.6477_ORF_1	363	+	2	116	301	186	1.1493	0.166464173416717	0.982531493870099
STRG.6485	STRG.6485_ORF_2	845	+	3	393	488	96	0.8879	0.0605813422908198	0.934534553489655
STRG.6489	STRG.6489_ORF_1	331	+	2	92	286	195	0.6262	-0.0776275578338092	0.767012090674962
STRG.6524	STRG.6524_ORF_4	3454	+	2	2441	2614	174	0.6456	0.109364159839975	0.953704903537419
STRG.6559	STRG.6559_ORF_1	259	+	1	13	153	141	0.5489	-0.3555337447925	0.0841717787165026
STRG.6571	STRG.6571_ORF_2	335	+	3	141	224	84	0.8383	-0.0215616377303447	0.846430020161405
STRG.6576	STRG.6576_ORF_2	725	+	3	369	452	84	1.1723	0.0384822804994952	0.901841372231028
STRG.6581	STRG.6581_ORF_1	2267	+	3	360	1214	855	1.2083	0.321329605121353	0.997911402406208
STRG.6596	STRG.6596_ORF_1	358	+	2	194	358	165	0.5809	0.118665783416198	0.976569943897494
STRG.6695	STRG.6695_ORF_1	584	+	2	335	583	249	0.9528	0.0742208453189841	0.950748383590476
STRG.6705	STRG.6705_ORF_1	898	+	3	276	365	90	0.611	-0.163536727462241	0.476887778766458
STRG.6749	STRG.6749_ORF_1	357	+	3	99	191	93	0.9058	0.0344373003108457	0.916420356343548
STRG.6771	STRG.6771_ORF_1	373	+	3	177	329	153	1.2829	-0.0349535267652261	0.788908452163513
STRG.6794	STRG.6794_ORF_1	1566	+	1	454	588	135	0.7296	0.0568126347736879	0.931097764230137
STRG.6797	STRG.6797_ORF_4	1251	+	1	1174	1251	78	1.173	-0.041209245380608	0.747972210569912
STRG.6799	STRG.6799_ORF_3	946	+	1	313	489	177	0.7119	0.116996933555411	0.971683421163034
STRG.6803	STRG.6803_ORF_1	482	+	1	85	378	294	0.947	-0.0865450868006123	0.718354306605016
STRG.6811	STRG.6811_ORF_1	836	+	2	224	433	210	1.059	0.0625175146216489	0.935336740774201
STRG.6819	STRG.6819_ORF_1	433	+	2	311	400	90	0.7632	-0.213163514387503	0.322811009668892
STRG.6820	STRG.6820_ORF_3	812	+	2	368	514	147	0.7253	-0.0828387692567817	0.719764938833288
STRG.6821	STRG.6821_ORF_1	434	+	1	13	237	225	0.6342	-0.0608402128296768	0.80353020931454
STRG.6828	STRG.6828_ORF_1	738	+	3	210	422	213	0.7724	-0.0087307806727177	0.874136784490957
STRG.6837	STRG.6837_ORF_1	1414	+	1	1006	1206	201	0.6771	0.0900773248186645	0.95860940741268
STRG.6851	STRG.6851_ORF_1	310	+	2	95	214	120	1.3214	0.00309908629232267	0.854971123677996
STRG.6869	STRG.6869_ORF_1	404	+	3	276	404	129	1.0302	0.164196527617844	0.982355141025105
STRG.6882	STRG.6882_ORF_1	356	+	1	67	354	288	0.9452	-0.22188742237131	0.310936580213388
STRG.6884	STRG.6884_ORF_1	631	+	1	319	630	312	1.3002	0.527559462660332	0.999826857501037
STRG.6899	STRG.6899_ORF_1	986	+	2	347	658	312	0.8149	0.0152077539876263	0.904999370723618
STRG.6920	STRG.6920_ORF_4	2074	+	2	1583	1732	150	1.0931	0.0524068357210693	0.904982143521739
STRG.6935	STRG.6935_ORF_1	478	+	3	336	476	141	0.748	0.12892212167006	0.976450386142115
STRG.6941	STRG.6941_ORF_1	2802	+	3	2055	2285	231	0.593	-0.00674036743284351	0.8473646237108
STRG.6955	STRG.6955_ORF_1	253	+	1	40	198	159	0.6494	-0.160675352198422	0.522454975042241
STRG.6965	STRG.6965_ORF_1	346	+	2	2	124	123	1.0629	-0.177337355769346	0.398275606960728
STRG.6974	STRG.6974_ORF_1	1875	+	1	844	1065	222	0.4454	0.0217472437465278	0.911179260061805
STRG.6978	STRG.6978_ORF_1	848	+	2	572	754	183	0.6135	0.0427877792139475	0.934340329945119
STRG.6992	STRG.6992_ORF_1	458	+	1	163	324	162	0.7757	-0.0176980844580322	0.861903129265574
STRG.7006	STRG.7006_ORF_2	521	+	3	420	521	102	0.7007	0.174716257391089	0.986713382649407
STRG.7008	STRG.7008_ORF_1	614	+	3	72	296	225	0.7671	0.0822684192078323	0.958901377781725
STRG.7017	STRG.7017_ORF_4	2515	+	3	2067	2177	111	0.7547	0.063488901602666	0.923254497917846
STRG.7027	STRG.7027_ORF_1	573	+	1	271	411	141	0.6872	-0.21199270928309	0.33912774490728
STRG.7031	STRG.7031_ORF_2	1945	+	1	454	600	147	1.0118	-0.0181234447659675	0.803741724038953
STRG.7071	STRG.7071_ORF_1	662	+	3	318	494	177	0.6807	0.0391267612960566	0.93067970806505
STRG.7072	STRG.7072_ORF_1	298	+	3	108	296	189	0.8523	-0.0392868249296629	0.825790894188583
STRG.7073	STRG.7073_ORF_2	877	+	1	178	411	234	1.1955	0.280958163093125	0.995630405457922
STRG.7077	STRG.7077_ORF_1	1203	+	2	611	832	222	0.7108	-0.0305124953462434	0.834268840813668
STRG.7103	STRG.7103_ORF_3	627	+	2	191	292	102	0.8929	-0.188267009051457	0.372745122202904
STRG.7113	STRG.7113_ORF_2	2141	+	3	1299	1475	177	0.6936	-0.030466663990517	0.806108353124436
STRG.7119	STRG.7119_ORF_1	286	+	2	176	271	96	0.9299	0.0466217283328272	0.927784104949694
STRG.7126	STRG.7126_ORF_2	517	+	2	284	382	99	0.875	-0.0473846341220208	0.7908650959758
STRG.7138	STRG.7138_ORF_2	1471	+	2	344	451	108	0.9125	0.06782142024004	0.933083403385087
STRG.7144	STRG.7144_ORF_4	1407	+	1	382	498	117	0.6345	-0.012002805860967	0.856174559305006
STRG.7197	STRG.7197_ORF_1	596	+	2	272	505	234	0.6544	-0.088286865162168	0.734867571811562
STRG.7201	STRG.7201_ORF_1	668	+	2	155	268	114	1.0126	-0.373923008005182	0.0478371677384268
STRG.7202	STRG.7202_ORF_3	4849	+	3	1467	1634	168	1.0901	0.338147038695574	0.995807956997975
STRG.7203	STRG.7203_ORF_4	9299	+	3	9078	9299	222	0.6231	0.0143617411572088	0.69031193861251
STRG.7259	STRG.7259_ORF_4	528	+	1	391	495	105	1.0485	0.138819008760442	0.974417941358306
STRG.7276	STRG.7276_ORF_1	416	+	1	82	231	150	1.1348	-0.0291020465255219	0.813220783104106
STRG.7288	STRG.7288_ORF_2	462	+	1	19	102	84	0.981	-0.1222687230533	0.573812331616636
STRG.7309	STRG.7309_ORF_1	994	+	3	513	692	180	0.7745	-0.0195631057580728	0.84886460908577
STRG.7319	STRG.7319_ORF_1	318	+	2	152	316	165	0.8351	-0.0812144331295477	0.731419514473531
STRG.7321	STRG.7321_ORF_3	3418	+	3	1920	2072	153	0.8078	-0.00702736031050975	0.804488734047113
STRG.7334	STRG.7334_ORF_2	336	+	1	256	336	81	0.8996	0.0552605005464016	0.934766161668204
STRG.7353	STRG.7353_ORF_3	1540	+	3	288	413	126	1.0352	0.0253054360560474	0.882292702512486
STRG.7355	STRG.7355_ORF_1	279	+	1	109	189	81	0.4858	-0.157003563648845	0.542220835696907
STRG.7398	STRG.7398_ORF_1	15802	+	2	5273	5845	573	1.0178	0.135587429382783	0.776270164755683
STRG.7402	STRG.7402_ORF_4	585	+	3	309	392	84	0.6544	0.0338546242054176	0.923238274376031
STRG.7403	STRG.7403_ORF_1	562	+	1	160	360	201	0.8153	-0.0333892741162756	0.834257144451847
STRG.7430	STRG.7430_ORF_1	444	+	3	273	353	81	0.6478	-0.0467913122045572	0.813144273619749
STRG.7480	STRG.7480_ORF_3	3711	+	3	990	1142	153	1.1481	0.111412616220902	0.936714884215776
STRG.7484	STRG.7484_ORF_1	1212	+	2	8	1210	1203	0.9921	0.178848368964796	0.992658993234048
STRG.7488	STRG.7488_ORF_2	326	+	3	99	260	162	0.6638	0.00452762035265487	0.900970328039083
STRG.7489	STRG.7489_ORF_1	270	+	3	129	206	78	0.7597	-0.299138582898954	0.13809532731163
STRG.7502	STRG.7502_ORF_4	2693	+	1	997	1206	210	0.801	0.0385076501983987	0.898509817185408
STRG.7527	STRG.7527_ORF_2	1105	+	2	1004	1105	102	1.0778	0.116071501622986	0.961692103911997
STRG.7538	STRG.7538_ORF_3	2199	+	3	759	902	144	0.7881	0.0857468230262825	0.944664871939121
STRG.7544	STRG.7544_ORF_1	314	+	3	84	185	102	0.7564	0.00135780083514629	0.887853159795147
STRG.7559	STRG.7559_ORF_1	698	+	1	397	552	156	0.7486	-0.0108069429156957	0.868618072579758
STRG.7560	STRG.7560_ORF_5	2253	+	1	655	741	87	0.4393	-0.067802514110143	0.731552674592843
STRG.7562	STRG.7562_ORF_1	1863	+	1	349	492	144	0.6024	-0.0129009248095534	0.849442377974274
STRG.7572	STRG.7572_ORF_1	250	+	3	18	248	231	0.4908	-0.0224018222563907	0.883654647846334
STRG.7578	STRG.7578_ORF_1	468	+	2	332	466	135	0.681	-0.230916524175441	0.290244976366742
STRG.7611	STRG.7611_ORF_5	3607	+	1	1012	1122	111	0.9183	-0.00830663573881919	0.780280697793613
STRG.7654	STRG.7654_ORF_1	309	+	1	214	309	96	1.0787	0.139740373189076	0.975068983857673
STRG.7677	STRG.7677_ORF_5	5172	+	2	1688	1858	171	1.1423	0.0561459159092833	0.850148757925966
STRG.7678	STRG.7678_ORF_1	811	+	3	444	809	366	0.9074	-0.041196571393588	0.823821936719004
STRG.7679	STRG.7679_ORF_1	811	+	3	444	809	366	0.8744	-0.0354266532977883	0.837057062093669
STRG.7680	STRG.7680_ORF_1	811	+	3	444	809	366	0.8744	-0.0354266532977883	0.837057062093669
STRG.7681	STRG.7681_ORF_1	811	+	3	444	809	366	0.9074	-0.041196571393588	0.823821936719004
STRG.7682	STRG.7682_ORF_1	811	+	3	444	809	366	0.9074	-0.0465041773313044	0.813632728268258
STRG.7683	STRG.7683_ORF_1	811	+	3	444	809	366	0.9074	-0.041196571393588	0.823821936719004
STRG.7694	STRG.7694_ORF_1	1837	+	2	1196	1294	99	0.7032	-0.224724877914803	0.249882661440419
STRG.7695	STRG.7695_ORF_1	618	+	3	309	452	144	0.4332	-0.0489788206456151	0.829955455897513
STRG.7705	STRG.7705_ORF_1	342	+	3	102	194	93	0.9478	0.0802724158376551	0.951000239741356
STRG.7718	STRG.7718_ORF_1	437	+	2	119	277	159	0.7614	-0.0333712159264138	0.837299537613593
STRG.7726	STRG.7726_ORF_1	272	+	3	111	272	162	0.9343	0.00508780783543023	0.887561841019629
STRG.7739	STRG.7739_ORF_1	433	+	2	203	346	144	0.7133	0.0273317166523912	0.919912353549719
STRG.7764	STRG.7764_ORF_1	733	+	3	351	440	90	1.0601	-0.101945159542477	0.61539873275417
STRG.7782	STRG.7782_ORF_1	616	+	3	195	599	405	0.6361	-0.0663731928526151	0.808560988645977
STRG.7824	STRG.7824_ORF_1	1141	+	3	666	869	204	0.5622	-0.00802248725615464	0.879931324695523
STRG.7839	STRG.7839_ORF_1	280	+	2	2	280	279	1.072	0.266589875125614	0.995749153157856
STRG.7859	STRG.7859_ORF_2	686	+	3	48	176	129	0.4974	-0.15522671942861	0.537274469657511
STRG.7860	STRG.7860_ORF_1	561	+	1	193	336	144	0.6998	0.120062529299687	0.974066852843633
STRG.7861	STRG.7861_ORF_1	775	+	3	126	677	552	1.1253	0.166790699976843	0.985989246881075
STRG.7877	STRG.7877_ORF_1	436	+	1	139	435	297	0.5127	0.0288180578578308	0.936699216726554
STRG.7881	STRG.7881_ORF_1	980	+	2	209	466	258	0.5097	-0.0446113128491087	0.834687863247692
STRG.7885	STRG.7885_ORF_1	639	+	1	61	228	168	1.0888	0.323331397486463	0.997604450819433
STRG.7929	STRG.7929_ORF_1	1434	+	1	1132	1290	159	0.9926	-0.0685262153072934	0.7046392094597
STRG.7960	STRG.7960_ORF_5	2003	+	1	58	162	105	0.5704	0.0401068742355431	0.915293493778348
STRG.7967	STRG.7967_ORF_2	588	+	2	374	481	108	0.8588	-0.0154679159769174	0.851546465578953
STRG.7972	STRG.7972_ORF_4	830	+	2	734	829	96	0.8451	-0.0475231892073252	0.783756899587753
STRG.7980	STRG.7980_ORF_1	404	+	2	296	403	108	1.2004	0.0500713126047911	0.918860824560499
STRG.7984	STRG.7984_ORF_1	318	+	3	99	317	219	0.8454	-0.0311315811057358	0.843562403751524
STRG.7991	STRG.7991_ORF_1	580	+	3	96	287	192	0.8936	-0.00685301380912199	0.870270567579292
STRG.7994	STRG.7994_ORF_1	1982	+	3	1458	1646	189	0.7328	-0.141066577047585	0.50213335438131
STRG.8005	STRG.8005_ORF_5	11536	+	2	3878	4108	231	1.2897	0.257016293174423	0.959169542931967
STRG.8012	STRG.8012_ORF_1	818	+	2	434	817	384	0.7337	-0.0915361546794706	0.732173753600222
STRG.8049	STRG.8049_ORF_1	424	+	1	28	249	222	0.7506	-0.234546440061301	0.287457933756527
STRG.8061	STRG.8061_ORF_2	374	+	3	138	278	141	0.687	-0.0188776046704756	0.866111188866167
STRG.8082	STRG.8082_ORF_1	267	+	2	185	265	81	0.9358	0.18495581226412	0.987021212528116
STRG.8084	STRG.8084_ORF_1	2731	+	2	335	2272	1938	0.9852	0.150143403508401	0.992070568993687
STRG.8087	STRG.8087_ORF_2	1470	+	3	495	665	171	0.75	0.110952283079731	0.965669396729958
STRG.8097	STRG.8097_ORF_2	1997	+	3	1290	1448	159	0.5938	0.0324912961923169	0.909707787397308
STRG.8099	STRG.8099_ORF_1	1089	+	2	776	1042	267	0.4097	-0.0342461891947721	0.858082235259758
STRG.8101	STRG.8101_ORF_2	261	+	1	109	192	84	0.5223	-0.0554576049633549	0.812623777356322
STRG.8103	STRG.8103_ORF_1	262	+	3	39	146	108	1.0786	-0.290923429806269	0.131485763723006
STRG.8120	STRG.8120_ORF_1	400	+	2	296	400	105	0.7561	-0.130910429257756	0.585360568495518
STRG.8125	STRG.8125_ORF_1	1216	+	1	343	552	210	1.1278	0.0771932016499775	0.940097995956397
STRG.8128	STRG.8128_ORF_1	740	+	2	344	667	324	0.4757	-0.102605006443447	0.727532911773862
STRG.8129	STRG.8129_ORF_2	776	+	2	404	535	132	0.6181	-0.0211737950192299	0.858034277244499
STRG.8137	STRG.8137_ORF_1	497	+	3	51	203	153	0.9054	0.180181670402351	0.986630571624371
STRG.8164	STRG.8164_ORF_1	982	+	1	121	624	504	1.2561	0.335036081585131	0.99813031333873
STRG.8169	STRG.8169_ORF_1	2044	+	3	1521	1985	465	0.635	0.0356089946923822	0.927667438580064
STRG.8171	STRG.8171_ORF_2	4766	+	3	3087	3353	267	0.6529	0.0202434317667054	0.846126694209105
STRG.8180	STRG.8180_ORF_2	782	+	3	81	206	126	0.979	0.0282368307118876	0.902093647015354
STRG.8186	STRG.8186_ORF_2	863	+	3	306	440	135	1.1668	-0.0168915633384013	0.820381266000324
STRG.8188	STRG.8188_ORF_2	710	+	3	570	710	141	0.6959	0.0109134495949002	0.899091440192441
STRG.8189	STRG.8189_ORF_1	263	+	2	68	154	87	0.8257	-0.289145552676181	0.15026110990882
STRG.8192	STRG.8192_ORF_1	772	+	3	45	134	90	0.7947	-0.213345957810333	0.30527099763307
STRG.8213	STRG.8213_ORF_1	745	+	3	438	632	195	0.3918	-0.0103439800506278	0.893377956840129
STRG.8231	STRG.8231_ORF_2	834	+	3	216	308	93	0.6923	-0.0822805230141371	0.716008586961365
STRG.8248	STRG.8248_ORF_3	275	+	2	191	274	84	0.66	0.125463021644753	0.976443385395858
STRG.8263	STRG.8263_ORF_5	1344	+	2	5	139	135	0.5599	-0.0110927262138351	0.865816185802839
STRG.8264	STRG.8264_ORF_1	274	+	2	170	274	105	0.9958	0.210198968018246	0.99043277532788
STRG.8270	STRG.8270_ORF_1	290	+	3	72	290	219	0.4731	-0.0954458165528319	0.745841136949579
STRG.8279	STRG.8279_ORF_3	1150	+	1	331	504	174	0.6888	-0.0352746761903395	0.823512265457223
STRG.8288	STRG.8288_ORF_2	364	+	3	270	362	93	0.8321	0.0456497724325941	0.929679553553923
STRG.8305	STRG.8305_ORF_1	305	+	2	80	160	81	0.5044	-0.0823659647789498	0.753872219864201
STRG.8316	STRG.8316_ORF_4	1447	+	2	1196	1318	123	0.7533	0.0805693215697133	0.948300450623385
STRG.8331	STRG.8331_ORF_1	795	+	1	190	279	90	0.8388	-0.0877930696128061	0.683966577881072
STRG.8332	STRG.8332_ORF_2	1368	+	1	961	1068	108	1.2332	0.137652685396442	0.96670755683554
STRG.8340	STRG.8340_ORF_3	1690	+	1	631	744	114	0.8626	0.118398093523554	0.9638813760488
STRG.8353	STRG.8353_ORF_2	697	+	3	216	326	111	0.6903	0.142981780165253	0.979738682157123
STRG.8370	STRG.8370_ORF_5	2501	+	2	638	751	114	0.7865	0.0577809913369352	0.916802593920792
STRG.8383	STRG.8383_ORF_4	2506	+	3	1365	1475	111	0.9726	0.118685732030291	0.95585683715861
STRG.8395	STRG.8395_ORF_1	1164	+	2	413	532	120	0.7479	0.0661504829645918	0.941261417267834
STRG.8422	STRG.8422_ORF_3	1043	+	1	307	480	174	0.8693	-0.0268307143472764	0.826737582445078
STRG.8439	STRG.8439_ORF_1	1867	+	1	466	753	288	0.7573	0.00344853864583468	0.876532115078429
STRG.8441	STRG.8441_ORF_3	399	+	3	141	296	156	0.5644	-0.0357167279053954	0.849173187455714
STRG.8442	STRG.8442_ORF_1	352	+	2	188	352	165	0.6211	0.0123433431994713	0.911484385126564
STRG.8447	STRG.8447_ORF_3	2554	+	2	1904	2074	171	0.6558	0.085932892284565	0.94658196176603
STRG.8449	STRG.8449_ORF_4	5727	+	1	4339	4479	141	1.0335	0.0429303194394847	0.818558682492217
STRG.8451	STRG.8451_ORF_1	446	+	2	83	250	168	0.5946	-0.0243104188082917	0.865148736878765
STRG.8452	STRG.8452_ORF_2	685	+	1	595	681	87	0.6955	-0.0670813093859156	0.757965978080442
STRG.8468	STRG.8468_ORF_1	781	+	1	244	534	291	0.9939	-0.0198511867178066	0.847603670631662
STRG.8516	STRG.8516_ORF_1	576	+	1	343	477	135	1.0338	-0.12339502252305	0.567190930213433
STRG.8517	STRG.8517_ORF_4	3875	+	2	1532	1630	99	0.9962	0.0745520693461627	0.903481363822798
STRG.8531	STRG.8531_ORF_2	1793	+	3	288	470	183	1.0861	0.0963924129118088	0.947967300616686
STRG.8559	STRG.8559_ORF_1	279	+	2	8	211	204	0.7825	-0.00993252113564461	0.879924030575513
STRG.8560	STRG.8560_ORF_1	1086	+	1	439	606	168	0.777	0.0223993961638864	0.903920304991932
STRG.8565	STRG.8565_ORF_1	1040	+	1	577	777	201	0.8094	0.0779032685132599	0.951387897549871
STRG.8568	STRG.8568_ORF_1	1853	+	2	452	742	291	0.4458	-0.0430744786907466	0.824310407241301
STRG.8569	STRG.8569_ORF_1	286	+	3	135	260	126	0.3918	-0.132071344773367	0.641106017325277
STRG.8609	STRG.8609_ORF_1	3280	+	3	273	1118	846	1.1587	0.459183847988431	0.999587955025154
STRG.8634	STRG.8634_ORF_1	728	+	3	141	389	249	0.9823	0.037913037702509	0.9203785148808
STRG.8650	STRG.8650_ORF_1	1341	+	2	377	1063	687	0.6335	-0.168168576232678	0.552531971340842
STRG.8679	STRG.8679_ORF_1	1509	+	2	377	784	408	0.6986	-0.119146990204882	0.637357096434597
STRG.8680	STRG.8680_ORF_1	311	+	2	56	229	174	0.6315	-0.128832005750213	0.625618839217576
STRG.8685	STRG.8685_ORF_4	1110	+	1	529	630	102	0.6773	-0.021451811492259	0.842653676478234
STRG.8696	STRG.8696_ORF_1	1159	+	3	225	776	552	1.0394	0.205074147757952	0.991259102943351
STRG.8697	STRG.8697_ORF_1	1106	+	1	220	771	552	1.0394	0.211707264772975	0.992047247841309
STRG.8729	STRG.8729_ORF_1	321	+	2	134	319	186	0.6555	0.0454737529971416	0.940581907620481
STRG.8749	STRG.8749_ORF_1	311	+	2	23	199	177	0.7991	0.0635307689856298	0.948146928388565
STRG.8756	STRG.8756_ORF_1	1281	+	3	1104	1280	177	0.9424	-0.0539027528740137	0.755700554911835
STRG.8776	STRG.8776_ORF_3	1731	+	2	155	376	222	0.5242	0.0428492702636554	0.929601600187988
STRG.8790	STRG.8790_ORF_2	2145	+	1	1231	1416	186	0.5218	-0.031748684353761	0.819858954733501
STRG.8796	STRG.8796_ORF_3	1489	+	2	983	1399	417	0.6411	-0.0886192038036275	0.731666442475748
STRG.8816	STRG.8816_ORF_1	943	+	3	711	941	231	0.7469	0.0700595944244915	0.9502403726927
STRG.8845	STRG.8845_ORF_1	247	+	1	64	213	150	1.158	0.300336534776847	0.996827006860905
STRG.8847	STRG.8847_ORF_1	946	+	2	668	865	198	0.633	0.0409808668298264	0.931786642946191
STRG.8852	STRG.8852_ORF_1	1093	+	1	379	465	87	0.9492	0.0481790735394503	0.917652937038566
STRG.8873	STRG.8873_ORF_2	570	+	3	342	521	180	1.0888	-0.0734535867245778	0.714972359884248
STRG.8884	STRG.8884_ORF_1	374	+	1	271	354	84	0.925	-0.00774718156590095	0.861488740114798
STRG.8897	STRG.8897_ORF_1	224	+	1	67	189	123	0.9307	0.0377215454597832	0.921954843957654
STRG.8909	STRG.8909_ORF_3	543	+	3	180	272	93	1.0968	0.0917640776223165	0.952163438262113
STRG.8918	STRG.8918_ORF_2	1330	+	2	473	613	141	0.818	0.0094769141020222	0.879327842406472
STRG.8938	STRG.8938_ORF_1	1174	+	1	31	639	609	0.5395	-0.0542242903465145	0.8469165928529
STRG.8942	STRG.8942_ORF_2	6554	+	1	3592	3819	228	0.9236	-0.021225589901391	0.659204075559286
STRG.8943	STRG.8943_ORF_5	1168	+	3	870	956	87	0.6514	0.00157953639842937	0.877555496102146
STRG.8954	STRG.8954_ORF_4	2301	+	1	184	321	138	0.6516	0.0149370704500921	0.878537762013303
STRG.8957	STRG.8957_ORF_1	316	+	3	216	314	99	1.232	-0.155055172098995	0.441112408368824
STRG.8967	STRG.8967_ORF_2	1334	+	2	683	814	132	1.048	0.175821942254813	0.981935341763344
STRG.8974	STRG.8974_ORF_1	283	+	1	49	135	87	0.6067	-0.192164967039509	0.412710088527742
STRG.8979	STRG.8979_ORF_2	426	+	2	341	424	84	0.8159	-0.0173371769020989	0.853011948795405
STRG.8986	STRG.8986_ORF_2	1166	+	2	989	1111	123	0.8009	-0.00114235232838029	0.866954785364153
STRG.8993	STRG.8993_ORF_1	681	+	2	323	565	243	1.3134	0.0388190509495298	0.906240661567139
STRG.9017	STRG.9017_ORF_2	393	+	3	123	233	111	0.8316	-0.0526306185796711	0.789029338746096
STRG.9072	STRG.9072_ORF_1	521	+	1	43	135	93	1.0051	-0.072313335760642	0.71624567344666
STRG.9073	STRG.9073_ORF_1	434	+	2	71	325	255	0.8038	-0.0146269240974883	0.87321604603654
STRG.9101	STRG.9101_ORF_1	1078	+	2	410	709	300	0.701	-0.0723440195899027	0.761806594967453
STRG.9102	STRG.9102_ORF_1	3462	+	1	2806	3204	399	0.6525	0.0855617496508019	0.947031618287643
STRG.9103	STRG.9103_ORF_1	536	+	1	415	516	102	0.9322	-0.0508272894414493	0.777456686559769
STRG.9104	STRG.9104_ORF_1	538	+	2	68	451	384	0.8467	-0.0532054690016249	0.815366363692985
STRG.9120	STRG.9120_ORF_1	714	+	1	199	315	117	0.8411	0.100300742590215	0.962288155711168
STRG.9123	STRG.9123_ORF_3	3110	+	1	2005	2127	123	0.787	0.130596756971465	0.962294470020682
STRG.9133	STRG.9133_ORF_1	268	+	1	94	234	141	0.9982	-0.187622448215409	0.382241781462285
STRG.9145	STRG.9145_ORF_1	3409	+	3	1008	1376	369	0.7418	0.00483519702754575	0.854870490069655
STRG.9159	STRG.9159_ORF_4	4154	+	2	815	1009	195	0.6049	0.0136043278311733	0.845695844848493
STRG.9161	STRG.9161_ORF_4	936	+	3	594	683	90	0.8769	0.0968540085603284	0.957443694872079
STRG.9235	STRG.9235_ORF_1	353	+	3	150	353	204	1.0216	0.570347709275154	0.999912665755097
STRG.9239	STRG.9239_ORF_1	5798	+	2	185	610	426	0.9153	0.247909149855151	0.98825957680146
STRG.9306	STRG.9306_ORF_3	553	+	3	282	395	114	1.0044	0.141493578294416	0.975940153632956
STRG.9320	STRG.9320_ORF_3	1219	+	3	609	860	252	0.8678	-0.0217506872324585	0.83988569876486
STRG.9327	STRG.9327_ORF_1	277	+	3	141	275	135	0.9076	0.0860902679603766	0.957232052661364
STRG.9338	STRG.9338_ORF_1	277	+	3	141	275	135	0.9076	0.0860902679603766	0.957232052661364
STRG.9350	STRG.9350_ORF_1	1224	+	2	413	574	162	0.6208	-0.0463428158051	0.804503632751335
STRG.9371	STRG.9371_ORF_1	727	+	2	404	556	153	0.801	0.0427041806784616	0.927093017014304
STRG.9373	STRG.9373_ORF_1	435	+	3	60	299	240	0.6236	-0.0429562848328418	0.839886599638973
STRG.9387	STRG.9387_ORF_1	544	+	1	364	501	138	0.7857	-0.0711355250491623	0.750308071985642
STRG.9417	STRG.9417_ORF_2	269	+	1	154	267	114	0.8349	0.0954743525538843	0.962951176890631
STRG.9420	STRG.9420_ORF_1	511	+	3	351	503	153	0.8591	-0.0103110377193166	0.86546419167228
STRG.9434	STRG.9434_ORF_1	352	+	2	203	316	114	0.7747	-0.202979139819575	0.35822458339434
STRG.9509	STRG.9509_ORF_1	464	+	3	48	332	285	0.7743	0.0657172563785771	0.952756863300206
STRG.9525	STRG.9525_ORF_2	540	+	3	357	539	183	0.767	-0.0371258933502748	0.830097627169344
STRG.9554	STRG.9554_ORF_1	1449	+	3	330	536	207	0.6715	-0.0723204679248056	0.73941950697658
STRG.9557	STRG.9557_ORF_1	665	+	3	39	575	537	0.5321	-0.0413251257375481	0.87189818496137
STRG.9581	STRG.9581_ORF_2	3689	+	3	2109	3209	1101	1.1393	0.247759664509245	0.994467343418531
STRG.9600	STRG.9600_ORF_1	741	+	3	33	110	78	1.1399	0.0626396278639753	0.927033579946474
STRG.9606	STRG.9606_ORF_1	422	+	1	100	198	99	1.1351	-0.0434154160759038	0.77655643711726
STRG.9622	STRG.9622_ORF_2	3730	+	2	551	1129	579	1.2054	0.378967093811043	0.998413235623671
STRG.9625	STRG.9625_ORF_1	838	+	2	410	559	150	0.9014	-0.0629642821609123	0.749255283192018
STRG.9647	STRG.9647_ORF_1	610	+	3	426	545	120	0.4435	-0.150676956115734	0.561341329274918
STRG.9673	STRG.9673_ORF_1	368	+	3	33	227	195	0.7854	-0.00948912768520022	0.87792980188499
STRG.9701	STRG.9701_ORF_1	691	+	2	77	436	360	0.6503	-0.047444569100357	0.836099874880951
STRG.9718	STRG.9718_ORF_1	1389	+	3	528	767	240	0.7329	0.016962737008031	0.900064668867502
STRG.9720	STRG.9720_ORF_2	1302	+	2	668	901	234	0.6674	0.0209888681028002	0.908833133179217
STRG.9723	STRG.9723_ORF_3	1952	+	3	141	380	240	0.6562	0.00552636309089702	0.88021048557204
STRG.9738	STRG.9738_ORF_1	2684	+	1	979	1137	159	0.7356	0.0100083504794952	0.859741256085962
STRG.9767	STRG.9767_ORF_1	288	+	2	32	259	228	0.8184	0.166488235826454	0.986209071987135
STRG.9785	STRG.9785_ORF_2	681	+	2	5	115	111	0.8712	0.124143090684299	0.971569442944921
STRG.9796	STRG.9796_ORF_1	938	+	2	536	688	153	0.5001	-0.0603522490967952	0.793893846099354
STRG.9803	STRG.9803_ORF_1	259	+	3	165	257	93	1.0248	0.0881527839200518	0.954229351705934
STRG.9807	STRG.9807_ORF_2	2949	+	2	1067	1279	213	0.5014	0.0268081530607322	0.896777368868674
STRG.9811	STRG.9811_ORF_3	1630	+	1	577	681	105	1.1199	0.256721298647289	0.992800404919395
STRG.9886	STRG.9886_ORF_2	3771	+	3	1710	1919	210	1.2413	0.26430097857161	0.990536811307441
STRG.9947	STRG.9947_ORF_1	1315	+	2	56	406	351	0.5829	0.0435460407803154	0.938654918267043
STRG.9953	STRG.9953_ORF_1	282	+	2	35	244	210	1.3421	0.189530496487475	0.985904711476425
STRG.9957	STRG.9957_ORF_1	2676	+	3	855	1220	366	0.8846	0.00710604284526571	0.863836084188501
STRG.9958	STRG.9958_ORF_2	275	+	2	62	274	213	0.8359	-0.0460506398290466	0.817669661564085
STRG.9965	STRG.9965_ORF_1	1481	+	3	192	1361	1170	0.9392	0.138121208802943	0.987103220608074
STRG.9987	STRG.9987_ORF_1	601	+	3	189	284	96	0.7087	-0.161353371447632	0.48400604225655
STRG.9994	STRG.9994_ORF_1	461	+	1	76	168	93	0.5222	-0.0827907380253462	0.747383493498516
STRG.10096	STRG.10096_ORF_4	499	+	1	103	195	93	0.6641	0.121882101879769	0.974484320109416
STRG.10114	STRG.10114_ORF_2	1486	+	2	134	334	201	0.6124	-0.0624290697626007	0.767535600132675
STRG.10115	STRG.10115_ORF_1	503	+	3	3	140	138	0.6728	-0.06355618349837	0.781077049243055
STRG.10122	STRG.10122_ORF_1	503	+	3	3	140	138	0.6728	-0.06355618349837	0.781077049243055
STRG.10125	STRG.10125_ORF_1	503	+	3	3	140	138	0.7439	-0.0577952109443878	0.786629832037091
STRG.10128	STRG.10128_ORF_5	1491	+	3	1389	1490	102	0.4419	-0.0139440063497104	0.86358841930319
STRG.10131	STRG.10131_ORF_1	503	+	3	3	140	138	0.6728	-0.06355618349837	0.781077049243055
STRG.10134	STRG.10134_ORF_1	503	+	3	3	140	138	0.6728	-0.06355618349837	0.781077049243055
STRG.10154	STRG.10154_ORF_3	3256	+	2	1553	1756	204	1.0135	0.084762157545772	0.927521051508622
STRG.10199	STRG.10199_ORF_1	1337	+	2	563	949	387	0.9118	0.118751251181368	0.971565532409374
STRG.10207	STRG.10207_ORF_1	801	+	1	586	771	186	0.5477	0.00484277054897376	0.901478508180668
STRG.10214	STRG.10214_ORF_1	1657	+	2	638	805	168	0.5076	0.0507288414049717	0.934885864619887
STRG.10225	STRG.10225_ORF_1	283	+	3	3	281	279	1.0547	0.217580616294274	0.99209186413344
STRG.10252	STRG.10252_ORF_2	581	+	3	267	386	120	0.8648	0.17542430523791	0.985563011915706
STRG.10254	STRG.10254_ORF_4	1141	+	2	629	706	78	0.7653	0.0159573633037149	0.889589833648028
STRG.10263	STRG.10263_ORF_1	1052	+	1	10	357	348	0.5101	-0.107390146571827	0.703202628120135
STRG.10334	STRG.10334_ORF_1	7526	+	2	6761	7525	765	0.6459	-0.001716745804215	0.78776236564765
STRG.10336	STRG.10336_ORF_1	757	+	2	329	499	171	0.8162	-0.0504276695122909	0.792060088215123
STRG.10337	STRG.10337_ORF_1	585	+	3	357	584	228	0.865	0.0108186852770974	0.898016154738713
STRG.10347	STRG.10347_ORF_1	913	+	2	356	535	180	1.0648	0.121024040551752	0.967346357603189
STRG.10348	STRG.10348_ORF_5	2840	+	3	636	755	120	0.9248	0.118157610917303	0.95450536107471
STRG.10357	STRG.10357_ORF_1	3056	+	1	1231	1476	246	0.8888	0.0271875729561262	0.874940259234455
STRG.10363	STRG.10363_ORF_3	335	+	2	257	334	78	0.5005	0.0824175193324728	0.962527999183896
STRG.10377	STRG.10377_ORF_2	3460	+	2	80	298	219	1.2139	0.177814124069563	0.973671283923031
STRG.10421	STRG.10421_ORF_1	626	+	1	388	558	171	0.879	-0.0648343389584321	0.757223935926656
STRG.10435	STRG.10435_ORF_4	2849	+	1	502	612	111	0.944	-0.0279334924954157	0.756526013024861
STRG.10464	STRG.10464_ORF_1	482	+	2	227	427	201	0.881	0.0227536061278725	0.910371889216625
STRG.10508	STRG.10508_ORF_3	1532	+	2	629	778	150	1.0116	0.058862078738575	0.922876519567354
STRG.10515	STRG.10515_ORF_3	1515	+	2	629	778	150	1.0116	0.058862078738575	0.923092457663196
STRG.10532	STRG.10532_ORF_2	758	+	2	329	571	243	0.7565	-0.0262972052323023	0.850615090555055
STRG.10560	STRG.10560_ORF_1	308	+	1	205	306	102	1.0772	0.00953925849691619	0.879478649887598
STRG.10562	STRG.10562_ORF_4	1079	+	2	203	340	138	0.9741	0.094829792539573	0.954403187431149
STRG.10563	STRG.10563_ORF_1	777	+	3	321	437	117	0.8826	0.105455814226802	0.963399401038634
STRG.10566	STRG.10566_ORF_2	1418	+	1	577	666	90	0.6058	0.030397365944542	0.911066322146733
STRG.10586	STRG.10586_ORF_1	799	+	2	356	487	132	0.7633	-0.0947744726265946	0.680794722143187
STRG.10587	STRG.10587_ORF_2	1828	+	2	767	952	186	0.8159	0.0568268639382251	0.927256184520201
STRG.10599	STRG.10599_ORF_3	652	+	3	429	536	108	0.3314	-0.0449710452696324	0.840693696119082
STRG.10600	STRG.10600_ORF_1	460	+	2	257	373	117	0.3967	-0.168879230570124	0.515772050265809
STRG.10617	STRG.10617_ORF_1	2521	+	1	1219	2295	1077	0.9916	0.227953782003181	0.994581133526722
STRG.10624	STRG.10624_ORF_1	478	+	1	46	294	249	0.845	-0.116802187917746	0.639021803845927
STRG.10639	STRG.10639_ORF_1	1623	+	2	446	688	243	1.081	0.151229684833978	0.975662613657375
STRG.10646	STRG.10646_ORF_2	689	+	1	565	654	90	1.0934	0.121701405217392	0.966166711548719
STRG.10647	STRG.10647_ORF_1	536	+	1	121	210	90	0.77	0.117895380152994	0.971249674245394
STRG.10695	STRG.10695_ORF_1	835	+	1	205	615	411	1.1127	0.265526142618152	0.995593675388604
STRG.10705	STRG.10705_ORF_1	430	+	2	38	271	234	1.0522	-0.219733247925667	0.29210890868159
STRG.10733	STRG.10733_ORF_3	642	+	3	534	641	108	0.8278	0.0228933402727222	0.904793231324525
STRG.10743	STRG.10743_ORF_3	271	+	1	187	270	84	0.6625	-0.0308417076649687	0.845730117530574
STRG.10756	STRG.10756_ORF_2	510	+	2	359	508	150	0.7972	-0.00404763472980234	0.878330645900281
STRG.10757	STRG.10757_ORF_4	1021	+	1	154	255	102	1.2605	0.214981350413228	0.987995903353717
STRG.10834	STRG.10834_ORF_1	250	+	1	139	249	111	0.928	-0.03071828319564	0.827999960504237
STRG.10850	STRG.10850_ORF_2	251	+	3	135	227	93	0.9971	0.0903144968343335	0.956183021056989
STRG.10883	STRG.10883_ORF_4	2022	+	3	1671	1877	207	0.7788	-0.0013806270664299	0.857582653900303
STRG.10890	STRG.10890_ORF_2	412	+	2	206	298	93	0.9138	-0.0480711605823114	0.787957857245689
STRG.10914	STRG.10914_ORF_3	619	+	2	542	619	78	0.9094	0.129605671904223	0.972497072466875
STRG.10930	STRG.10930_ORF_2	4682	+	1	19	423	405	0.8815	0.134612196437359	0.959702059958176
STRG.10939	STRG.10939_ORF_1	518	+	2	5	433	429	1.3269	0.317706276644068	0.997624050864444
STRG.10941	STRG.10941_ORF_2	639	+	1	415	639	225	0.8536	0.0180612278807047	0.905837107123864
STRG.10959	STRG.10959_ORF_1	443	+	2	152	364	213	1.0708	0.0754926048184688	0.948101425289146
STRG.10966	STRG.10966_ORF_3	1417	+	2	1253	1417	165	0.8303	0.00964518985746598	0.879086458402268
STRG.10980	STRG.10980_ORF_1	227	+	2	47	226	180	1.1788	-0.184907711194497	0.37428048265929
STRG.10992	STRG.10992_ORF_2	260	+	3	6	83	78	1.1799	0.0453024172434849	0.915300342928263
STRG.11062	STRG.11062_ORF_3	2936	+	1	316	444	129	0.7346	0.0726447559742022	0.927987867275206
STRG.11079	STRG.11079_ORF_1	645	+	3	111	314	204	0.5956	-0.074030688825676	0.769729624476805
STRG.11080	STRG.11080_ORF_1	990	+	1	22	297	276	0.7066	-0.19453773769207	0.395510062429083
STRG.11083	STRG.11083_ORF_1	541	+	3	348	539	192	0.8773	-0.0519033872982137	0.792002287670311
STRG.11093	STRG.11093_ORF_1	263	+	1	40	261	222	0.846	0.0542423070005269	0.942746246861309
STRG.11096	STRG.11096_ORF_1	644	+	2	155	385	231	0.7644	-0.0293828869358817	0.846327397730969
STRG.11097	STRG.11097_ORF_2	1429	+	1	310	456	147	0.8266	-0.0203990877700148	0.82940059597717
STRG.11116	STRG.11116_ORF_1	794	+	1	367	480	114	0.7576	-0.279947871108884	0.161401995113813
STRG.11117	STRG.11117_ORF_1	873	+	1	724	873	150	1.0495	0.195078536194215	0.987130543051508
STRG.11131	STRG.11131_ORF_1	313	+	1	94	207	114	0.6076	-0.099785236055096	0.702064989467447
STRG.11132	STRG.11132_ORF_1	336	+	1	187	291	105	0.9332	-0.221236286230686	0.285693561745605
STRG.11133	STRG.11133_ORF_1	256	+	2	125	256	132	0.9925	0.0802157251195564	0.951839164629052
STRG.11169	STRG.11169_ORF_1	877	+	2	71	325	255	0.6708	0.0550321555861929	0.944270225128465
STRG.11176	STRG.11176_ORF_2	1996	+	1	1495	1707	213	0.7296	-0.0218477702507613	0.827594849867037
STRG.11177	STRG.11177_ORF_1	367	+	1	190	270	81	0.7876	-0.134799471586747	0.565515567345411
STRG.11199	STRG.11199_ORF_1	582	+	3	153	581	429	0.4246	-0.0772744442613903	0.809731336350109
STRG.11212	STRG.11212_ORF_2	1101	+	2	836	1006	171	1.0855	0.0145419990322789	0.876351073179634
STRG.11218	STRG.11218_ORF_1	326	+	2	218	325	108	1.0126	-0.170687497475729	0.424347075682991
STRG.11222	STRG.11222_ORF_2	548	+	3	450	548	99	0.9955	0.0786888312679599	0.947098123596896
STRG.11244	STRG.11244_ORF_1	283	+	3	33	281	249	0.5933	-0.0952333680236052	0.737469061990549
STRG.11245	STRG.11245_ORF_4	1042	+	3	288	371	84	1.2829	0.411570705507244	0.999016334707955
STRG.11253	STRG.11253_ORF_1	644	+	1	298	642	345	1.0214	-0.0712865081768107	0.750262422219692
STRG.11265	STRG.11265_ORF_1	362	+	3	192	269	78	0.9994	-0.272117501715476	0.162624546640515
STRG.11273	STRG.11273_ORF_1	443	+	1	76	288	213	0.7935	-0.0145937899423411	0.870175071062236
STRG.11341	STRG.11341_ORF_1	832	+	3	147	317	171	0.7796	-0.016740870575366	0.855859805549984
STRG.11355	STRG.11355_ORF_4	1013	+	2	380	460	81	0.9644	0.118576554260105	0.965191401317662
STRG.11408	STRG.11408_ORF_1	377	+	3	189	377	189	0.8056	-0.00523716772640298	0.88183565672546
STRG.11411	STRG.11411_ORF_1	347	+	1	262	345	84	1.265	0.233377097980572	0.991443657130195
STRG.11416	STRG.11416_ORF_1	533	+	2	35	262	228	0.561	-0.128557206521121	0.636448128984204
STRG.11424	STRG.11424_ORF_1	1152	+	1	817	993	177	0.9385	0.184195196057675	0.985728091249436
STRG.11432	STRG.11432_ORF_3	4401	+	2	761	1009	249	0.7413	0.0374170000201079	0.872838414690038
STRG.11433	STRG.11433_ORF_1	4131	+	1	1108	2025	918	1.0408	0.148982990092682	0.977084276320698
STRG.11434	STRG.11434_ORF_2	3598	+	3	2220	2411	192	0.67	0.0541087861292555	0.907552086866824
STRG.11435	STRG.11435_ORF_1	8338	+	3	3705	4184	480	0.5746	-0.0714074545182441	0.52224982959055
STRG.11436	STRG.11436_ORF_1	8459	+	3	3780	4337	558	0.5801	-0.0750654720264026	0.519095836558317
STRG.11454	STRG.11454_ORF_4	4832	+	3	2901	3068	168	0.9205	0.03404408877043	0.837338036482931
STRG.11502	STRG.11502_ORF_1	959	+	2	791	958	168	0.9423	-0.0485518447482304	0.777162717018518
STRG.11532	STRG.11532_ORF_3	5846	+	3	2010	2297	288	0.6213	0.0138413234624064	0.812038596767099
STRG.11534	STRG.11534_ORF_3	975	+	1	562	642	81	0.5529	-0.0793805243052576	0.73297848568443
STRG.11535	STRG.11535_ORF_2	313	+	3	75	164	90	0.7008	0.130614149673437	0.977356561876958
STRG.11552	STRG.11552_ORF_4	1591	+	2	98	205	108	1.0774	0.0175655898839095	0.866058091656896
STRG.11557	STRG.11557_ORF_4	3230	+	2	2165	2335	171	0.8188	-0.0381354349386762	0.741348426814575
STRG.11590	STRG.11590_ORF_2	6884	+	2	4181	4453	273	0.953	0.0357870005461495	0.79502553368394
STRG.11602	STRG.11602_ORF_1	645	+	1	61	645	585	1.1847	0.307822411909574	0.997744244108413
STRG.11607	STRG.11607_ORF_1	1218	+	1	1024	1143	120	0.92	0.026968907997943	0.896271382167571
STRG.11640	STRG.11640_ORF_1	1987	+	1	43	525	483	1.2588	0.284494715296516	0.995631725363383
STRG.11644	STRG.11644_ORF_2	1284	+	3	756	980	225	1.2867	0.137324173384056	0.968847587914452
STRG.11651	STRG.11651_ORF_1	317	+	2	128	316	189	0.738	0.0194987896244784	0.915319443000381
STRG.11656	STRG.11656_ORF_1	1204	+	1	532	777	246	0.597	0.00808401635204617	0.900296981728366
STRG.11659	STRG.11659_ORF_2	554	+	1	142	315	174	0.9876	-0.143384602703406	0.518145198743907
STRG.11690	STRG.11690_ORF_2	1162	+	3	483	575	93	0.6281	0.0169862460803429	0.899180366442958
STRG.11706	STRG.11706_ORF_1	284	+	3	12	113	102	0.6093	-0.241304191287041	0.27313223370769
STRG.11719	STRG.11719_ORF_2	340	+	3	96	188	93	0.6543	-0.118923771428529	0.63674255889861
STRG.11757	STRG.11757_ORF_2	340	+	3	48	200	153	1.1307	0.254700324293011	0.994297714961205
STRG.11783	STRG.11783_ORF_1	284	+	2	86	208	123	0.9184	-0.115995955319826	0.617021478046121
STRG.11788	STRG.11788_ORF_2	1007	+	2	704	814	111	0.7477	-0.0525590617020329	0.778952130168394
STRG.11790	STRG.11790_ORF_1	374	+	1	64	186	123	1.055	0.0524884436205183	0.928272533125179
STRG.11793	STRG.11793_ORF_1	371	+	1	130	369	240	0.7669	-0.00369281909652782	0.890186090078521
STRG.11798	STRG.11798_ORF_2	410	+	2	254	361	108	0.9063	0.0534963884273264	0.9335749046749
STRG.11814	STRG.11814_ORF_2	1128	+	3	723	1127	405	1.2042	0.345402507018708	0.998244166913401
STRG.11841	STRG.11841_ORF_2	4036	+	2	1850	2359	510	0.9622	0.279519164564958	0.994477071948953
STRG.11865	STRG.11865_ORF_2	2076	+	2	566	805	240	0.6015	0.0505040069310504	0.929975432470572
STRG.11881	STRG.11881_ORF_1	1198	+	2	839	1120	282	0.6833	0.052349509366605	0.939975347929229
STRG.11882	STRG.11882_ORF_3	1439	+	1	595	774	180	0.645	0.105184336289962	0.965651322505571
STRG.11883	STRG.11883_ORF_3	1268	+	2	719	901	183	0.9221	0.00599932693865342	0.872482122594332
STRG.11884	STRG.11884_ORF_3	1330	+	2	719	901	183	0.9221	0.00599932693865342	0.87124441298107
STRG.11885	STRG.11885_ORF_3	1343	+	2	716	898	183	0.9221	0.0128128335938892	0.880569714397462
STRG.11887	STRG.11887_ORF_3	2364	+	3	411	728	318	0.7553	-0.018393515529459	0.833781214115754
STRG.11888	STRG.11888_ORF_3	1273	+	1	724	906	183	1.0177	0.00448162872484765	0.86370465484005
STRG.11891	STRG.11891_ORF_1	1264	+	3	360	659	300	0.9054	-0.0116713582018386	0.857453600922716
STRG.11892	STRG.11892_ORF_3	3227	+	3	1278	1595	318	0.6561	-0.0189057032388669	0.819074727887134
STRG.11905	STRG.11905_ORF_1	2916	+	2	107	1363	1257	0.9972	0.14530575586692	0.985322767826432
STRG.11906	STRG.11906_ORF_3	2309	+	3	114	356	243	1.0204	-0.0235595271505263	0.792933863288886
STRG.11908	STRG.11908_ORF_1	444	+	1	82	168	87	1.1381	-0.143186465703143	0.485010982690355
STRG.11910	STRG.11910_ORF_1	1092	+	3	759	1091	333	0.6842	-0.358061708484582	0.0757580172550925
STRG.11911	STRG.11911_ORF_4	698	+	2	119	256	138	1.0107	0.0173256860664195	0.889445648496363
STRG.11914	STRG.11914_ORF_2	1106	+	1	181	321	141	0.7452	-0.00669166827733243	0.865259399228964
STRG.11950	STRG.11950_ORF_1	556	+	3	168	485	318	0.7105	-0.0599130789345259	0.806102140599051
STRG.11978	STRG.11978_ORF_1	441	+	3	276	356	81	0.8425	0.0257265407313481	0.908460762269824
STRG.11979	STRG.11979_ORF_1	258	+	2	11	241	231	0.4954	-0.166746665500739	0.538883443450199
STRG.11981	STRG.11981_ORF_4	2688	+	2	1553	1684	132	0.8818	0.0190283520446203	0.860883617703795
STRG.12055	STRG.12055_ORF_1	341	+	3	36	341	306	0.6678	-0.0405634199314449	0.849356336077147
STRG.12062	STRG.12062_ORF_2	2160	+	2	1493	1822	330	0.6667	0.000171053206290944	0.875501709312734
STRG.12077	STRG.12077_ORF_1	339	+	2	26	265	240	0.6509	-0.0204080102581724	0.875472022918481
STRG.12079	STRG.12079_ORF_3	2617	+	2	1460	1690	231	0.5448	0.0182761883777017	0.890816606955798
STRG.12104	STRG.12104_ORF_2	266	+	1	64	180	117	0.5414	-0.0366385852447072	0.84860584270779
STRG.12105	STRG.12105_ORF_1	287	+	3	114	209	96	0.8601	-0.0487238971121006	0.79582166258575
STRG.12106	STRG.12106_ORF_1	446	+	2	134	406	273	1.0836	-0.12089157214534	0.599195130409479
STRG.12110	STRG.12110_ORF_1	1102	+	3	9	437	429	0.986	0.18703362959487	0.988401494240791
STRG.12119	STRG.12119_ORF_1	401	+	1	196	297	102	0.7356	-0.0614961435616215	0.777726726433499
STRG.12130	STRG.12130_ORF_1	710	+	3	57	545	489	0.6281	-0.0116996073362125	0.900256101169042
STRG.12131	STRG.12131_ORF_4	4273	+	2	92	460	369	0.4848	0.0250069103431358	0.88399917139573
STRG.12132	STRG.12132_ORF_2	929	+	3	639	749	111	0.6212	-0.0515373056792208	0.795926417401779
STRG.12134	STRG.12134_ORF_1	621	+	3	426	620	195	0.4499	0.0731615698719394	0.960613237485049
STRG.12166	STRG.12166_ORF_1	399	+	3	156	398	243	0.6849	-0.0265070601259526	0.863294000009307
STRG.12215	STRG.12215_ORF_2	660	+	2	5	205	201	0.7709	-0.0728621055948143	0.752869112768066
STRG.12223	STRG.12223_ORF_1	612	+	3	24	506	483	0.5444	-0.0194438248631364	0.896782159703425
STRG.12246	STRG.12246_ORF_2	1489	+	2	500	634	135	0.7236	0.0227773094185111	0.898494935169997
STRG.12250	STRG.12250_ORF_2	2314	+	1	748	921	174	0.889	0.140041398204778	0.970199318711252
STRG.12261	STRG.12261_ORF_3	650	+	1	571	648	78	1.0531	0.0198281303408198	0.886486117170628
STRG.12311	STRG.12311_ORF_1	314	+	1	220	312	93	0.9372	-0.138070904004338	0.537931308776859
STRG.12313	STRG.12313_ORF_4	1189	+	2	533	646	114	0.7476	0.0158309598303765	0.892277848138075
STRG.12336	STRG.12336_ORF_2	886	+	1	793	885	93	1.0007	-0.11482310302748	0.577687438674993
STRG.12352	STRG.12352_ORF_1	268	+	1	1	267	267	0.9607	0.254350171161056	0.995304179441377
STRG.12353	STRG.12353_ORF_3	1141	+	1	970	1140	171	1.2664	0.275963416228788	0.994660000651539
STRG.12372	STRG.12372_ORF_2	284	+	3	48	194	147	0.8269	-0.0404218558544766	0.821531686063565
STRG.12383	STRG.12383_ORF_1	289	+	2	44	154	111	0.5894	-0.0585951654819179	0.802620387530169
STRG.12385	STRG.12385_ORF_1	289	+	2	44	154	111	0.5894	-0.0585951654819179	0.802620387530169
STRG.12387	STRG.12387_ORF_1	289	+	2	44	154	111	0.5894	-0.0585951654819179	0.802620387530169
STRG.12389	STRG.12389_ORF_1	289	+	2	44	154	111	0.5894	-0.0585951654819179	0.802620387530169
STRG.12391	STRG.12391_ORF_1	289	+	2	44	154	111	0.5894	-0.0585951654819179	0.802620387530169
STRG.12393	STRG.12393_ORF_1	289	+	2	44	154	111	0.5894	-0.0585951654819179	0.802620387530169
STRG.12395	STRG.12395_ORF_5	2442	+	2	1421	1579	159	0.3946	-0.00837415264906789	0.860426545362613
STRG.12418	STRG.12418_ORF_1	1576	+	2	128	736	609	0.6028	0.00796847570234291	0.917302795331921
STRG.12442	STRG.12442_ORF_1	317	+	1	175	300	126	0.9809	-0.0544271541135678	0.774375076032869
STRG.12454	STRG.12454_ORF_2	1324	+	3	657	896	240	0.7203	0.0453018404879698	0.929799152491831
STRG.12478	STRG.12478_ORF_1	1056	+	3	180	386	207	0.7233	-0.0240198608888539	0.846533286078751
STRG.12500	STRG.12500_ORF_1	1724	+	2	947	1171	225	0.77	-0.0479862462799363	0.779805801902073
STRG.12510	STRG.12510_ORF_1	268	+	3	15	113	99	0.3946	-0.089543342847259	0.752381352944061
STRG.12527	STRG.12527_ORF_2	257	+	3	48	125	78	0.9786	0.0735591477478807	0.94606295888605
STRG.12558	STRG.12558_ORF_1	1423	+	1	1000	1374	375	0.4994	-0.0730720800421098	0.78026308711085
STRG.12564	STRG.12564_ORF_1	813	+	3	309	752	444	1.3072	0.36127645764378	0.998605736782227
STRG.12568	STRG.12568_ORF_1	304	+	2	167	283	117	0.9933	-0.139834906232579	0.529055369474654
STRG.12573	STRG.12573_ORF_4	999	+	1	856	999	144	1.0522	0.178469485862105	0.983639304498696
STRG.12574	STRG.12574_ORF_1	266	+	1	49	150	102	1.2928	-0.0579021918438976	0.730236827662207
STRG.12575	STRG.12575_ORF_1	1647	+	1	208	1449	1242	1.2078	0.266278357643571	0.997166555756437
STRG.12614	STRG.12614_ORF_1	365	+	1	214	363	150	1.1731	0.3159078204504	0.997325747390958
STRG.12615	STRG.12615_ORF_1	308	+	3	9	308	300	0.9538	0.21809511254789	0.9926771490065
STRG.12657	STRG.12657_ORF_1	281	+	1	190	279	90	1.0658	0.0417332955323742	0.917313026526979
STRG.12690	STRG.12690_ORF_2	853	+	2	482	616	135	1.1344	-0.031118992122532	0.795056025877286
STRG.12691	STRG.12691_ORF_2	1387	+	3	501	617	117	0.7407	0.0598412176573001	0.934293050980011
STRG.12693	STRG.12693_ORF_2	858	+	1	487	621	135	1.1994	-0.0271782644573752	0.796990556361435
STRG.12694	STRG.12694_ORF_2	1387	+	3	501	617	117	0.7407	0.0598412176573001	0.934293050980011
STRG.12696	STRG.12696_ORF_1	955	+	1	79	786	708	0.779	0.0820284903806182	0.96915610552727
STRG.12718	STRG.12718_ORF_1	510	+	3	72	293	222	0.4771	0.000607044063525626	0.907199183897395
STRG.12719	STRG.12719_ORF_2	278	+	2	104	277	174	0.9988	0.167741430596286	0.984337213895994
STRG.12739	STRG.12739_ORF_2	531	+	2	329	418	90	0.8062	-0.0532222802361389	0.783411320712611
STRG.12745	STRG.12745_ORF_3	1053	+	3	762	866	105	0.768	-0.00312884007308317	0.866963356625479
STRG.12795	STRG.12795_ORF_1	299	+	3	84	182	99	0.7568	-0.165572983944764	0.477368900716968
STRG.12823	STRG.12823_ORF_2	713	+	2	599	712	114	1.1581	0.049601732978217	0.916453023809524
STRG.12832	STRG.12832_ORF_1	1855	+	1	958	1854	897	0.8423	0.146303032858514	0.985590289579622
STRG.12861	STRG.12861_ORF_1	587	+	1	175	417	243	0.5999	0.00904473319911372	0.910456271155449
STRG.12883	STRG.12883_ORF_1	4415	+	1	2383	3357	975	0.5594	-0.0919892962669259	0.713117612610273
STRG.12885	STRG.12885_ORF_1	340	+	3	54	158	105	0.7945	-0.208469482085536	0.338392241969185
STRG.12896	STRG.12896_ORF_3	1264	+	3	783	905	123	0.769	-0.0627038256625577	0.746313001985421
STRG.12899	STRG.12899_ORF_1	1836	+	2	164	523	360	1.0521	0.221037595620271	0.990645490404835
STRG.12946	STRG.12946_ORF_2	1936	+	3	1044	1934	891	0.6361	-0.279635379084272	0.234447086478269
STRG.12987	STRG.12987_ORF_1	2873	+	3	1308	2315	1008	0.505	0.00177358641545038	0.921025201863459
STRG.12991	STRG.12991_ORF_2	2000	+	3	396	752	357	0.8578	-0.00185015040918597	0.865450272095325
STRG.13034	STRG.13034_ORF_1	344	+	1	127	330	204	0.7873	-0.0708973984414106	0.766475779336956
STRG.13036	STRG.13036_ORF_2	679	+	3	255	419	165	1.1647	0.110520883157329	0.961742231103033
STRG.13038	STRG.13038_ORF_1	2235	+	1	46	960	915	1.0711	0.0908407499075323	0.965082490882662
STRG.13060	STRG.13060_ORF_2	537	+	3	300	536	237	1.2684	0.395355575156462	0.999021978573706
STRG.13061	STRG.13061_ORF_2	799	+	1	589	711	123	0.5235	-0.189358642674891	0.417675396760213
STRG.13076	STRG.13076_ORF_4	735	+	1	640	735	96	1.2596	0.0204965981554988	0.874489953090929
STRG.13099	STRG.13099_ORF_2	1462	+	2	1235	1384	150	0.7943	-0.0144566576679531	0.842059474316237
STRG.13111	STRG.13111_ORF_1	370	+	1	79	285	207	0.9046	-0.171875638486728	0.452844816272632
STRG.13150	STRG.13150_ORF_1	545	+	1	238	543	306	1.2864	0.176509600222812	0.984299788313402
STRG.13163	STRG.13163_ORF_1	1239	+	2	20	286	267	1.2442	0.356899672794795	0.998244303394596
STRG.13164	STRG.13164_ORF_2	282	+	1	16	252	237	0.7995	-0.0747871211932779	0.762656005441008
STRG.13177	STRG.13177_ORF_2	1185	+	3	423	614	192	0.429	-0.0601578315309615	0.798744716786547
STRG.13181	STRG.13181_ORF_1	812	+	3	273	749	477	0.4828	-0.0746703223063502	0.808967618006224
STRG.13197	STRG.13197_ORF_1	345	+	3	120	293	174	0.6126	0.00770658804304821	0.907628687988855
STRG.13203	STRG.13203_ORF_2	923	+	1	307	402	96	1.1449	0.0188985865592915	0.875920565029469
STRG.13204	STRG.13204_ORF_1	369	+	3	33	356	324	1.0536	-0.0982117394493226	0.682623224044077
STRG.13205	STRG.13205_ORF_1	514	+	1	304	513	210	1.0948	0.142858381060255	0.976970276228874
STRG.13207	STRG.13207_ORF_1	254	+	3	165	254	90	0.4955	0.108282116385339	0.973588125262413
STRG.13223	STRG.13223_ORF_3	713	+	3	516	674	159	0.84	-0.0927323833903361	0.684553175969014
STRG.13224	STRG.13224_ORF_4	1186	+	3	126	215	90	0.919	0.148203660365898	0.976069894551585
STRG.13228	STRG.13228_ORF_1	834	+	2	440	610	171	0.701	-0.353738314631671	0.0735822080507758
STRG.13232	STRG.13232_ORF_1	583	+	3	138	404	267	0.8665	0.0335047193032573	0.924010710221218
STRG.13238	STRG.13238_ORF_3	2405	+	2	11	355	345	0.7477	0.0568573912318985	0.931118899092669
STRG.13247	STRG.13247_ORF_1	339	+	2	200	337	138	0.882	0.0497636880480079	0.933672001275906
STRG.13258	STRG.13258_ORF_1	1167	+	2	722	1024	303	0.5472	-0.0653709974243771	0.790765406098956
STRG.13280	STRG.13280_ORF_4	733	+	3	186	287	102	1.1781	0.315497970699698	0.997013815079891
STRG.13284	STRG.13284_ORF_1	267	+	3	144	266	123	0.598	0.0170265792598007	0.915998674981922
STRG.13310	STRG.13310_ORF_2	792	+	1	655	792	138	1.0232	0.0254959070525288	0.89721517550176
STRG.13314	STRG.13314_ORF_1	343	+	2	44	292	249	0.7742	-0.198476706122546	0.396547592761773
STRG.13324	STRG.13324_ORF_1	1021	+	2	41	805	765	0.6459	-0.0976870061163376	0.774209077963366
STRG.13366	STRG.13366_ORF_1	257	+	2	101	256	156	0.7233	0.0764116993784462	0.957339600183129
STRG.13367	STRG.13367_ORF_1	257	+	2	101	256	156	0.7233	0.0764116993784462	0.957339600183129
STRG.13368	STRG.13368_ORF_1	257	+	2	101	256	156	0.687	0.0701006869783404	0.954806526663029
STRG.13369	STRG.13369_ORF_1	257	+	2	101	256	156	0.687	0.0701006869783404	0.954806526663029
STRG.13370	STRG.13370_ORF_1	257	+	2	101	256	156	0.687	0.0701006869783404	0.954806526663029
STRG.13371	STRG.13371_ORF_1	257	+	2	101	256	156	0.7233	0.0764116993784462	0.957339600183129
STRG.13373	STRG.13373_ORF_1	411	+	3	36	410	375	0.4845	-0.0660166622390751	0.824635027044779
STRG.13378	STRG.13378_ORF_2	1098	+	3	744	887	144	0.6054	-0.110406749522117	0.646490666745273
STRG.13383	STRG.13383_ORF_1	315	+	1	19	315	297	0.7128	0.00272857155059433	0.905596524653006
STRG.13386	STRG.13386_ORF_2	616	+	1	346	450	105	0.8563	-0.0928195647152368	0.677036666890751
STRG.13387	STRG.13387_ORF_1	279	+	3	144	278	135	0.5498	-0.120590896128038	0.655662213979747
STRG.13388	STRG.13388_ORF_1	1155	+	2	92	793	702	0.6127	-0.0704984380823094	0.822219775435991
STRG.13389	STRG.13389_ORF_1	319	+	1	238	318	81	0.386	-0.0118175706968149	0.890821652547656
STRG.13391	STRG.13391_ORF_1	542	+	2	176	541	366	0.769	-0.049929513363464	0.826185275950395
STRG.13393	STRG.13393_ORF_2	453	+	1	274	453	180	0.6599	-0.0370210660445417	0.840752237400376
STRG.13395	STRG.13395_ORF_1	807	+	3	339	671	333	0.8053	-0.108503027475212	0.669769825438369
STRG.13399	STRG.13399_ORF_1	1064	+	2	728	910	183	0.5711	-0.0355002816847182	0.836001861482897
STRG.13401	STRG.13401_ORF_3	1143	+	2	362	457	96	0.4623	-0.283694229041888	0.168126078745942
STRG.13414	STRG.13414_ORF_1	1582	+	1	673	1581	909	1.0736	0.0123644298272631	0.917929513924398
STRG.13415	STRG.13415_ORF_2	325	+	3	54	161	108	1.256	0.0356727421528955	0.902220305788006
STRG.13417	STRG.13417_ORF_1	372	+	1	211	372	162	0.8443	-0.142222568470916	0.548639320814662
STRG.13420	STRG.13420_ORF_1	568	+	1	151	312	162	0.8705	-0.16554132801065	0.460846789228374
STRG.13455	STRG.13455_ORF_1	770	+	3	342	440	99	0.6885	-0.011748527139911	0.864775624429536
STRG.13474	STRG.13474_ORF_1	719	+	3	474	593	120	0.4623	-0.708653571919524	0.000908347397546423
STRG.13487	STRG.13487_ORF_1	1577	+	3	243	1577	1335	1.1972	0.264937451704145	0.99736386728059
STRG.13492	STRG.13492_ORF_1	522	+	3	27	521	495	1.1921	0.252454717925392	0.99515330288117
STRG.13521	STRG.13521_ORF_1	1315	+	3	120	1313	1194	1.121	0.0376138373570681	0.951600003341849
STRG.13522	STRG.13522_ORF_1	642	+	3	15	641	627	1.2168	0.0955597036158281	0.966415040835504
STRG.13523	STRG.13523_ORF_1	1629	+	1	718	1416	699	1.3248	0.43305568480035	0.999469507279215
STRG.13526	STRG.13526_ORF_1	266	+	1	19	264	246	1.2812	0.286783297611932	0.996211834209595
STRG.13537	STRG.13537_ORF_2	1138	+	3	339	635	297	0.7949	-0.081342337272981	0.72671662984602
STRG.13552	STRG.13552_ORF_1	399	+	2	50	259	210	0.6927	-0.0432879353805821	0.831464313663905
STRG.13553	STRG.13553_ORF_1	525	+	1	211	315	105	0.9332	-0.221236286230686	0.278851581129596
STRG.13555	STRG.13555_ORF_1	975	+	3	15	119	105	0.9332	-0.221236286230686	0.262972211357728
STRG.13563	STRG.13563_ORF_1	561	+	3	222	317	96	0.7622	0.19771401311932	0.9896187295172
STRG.13593	STRG.13593_ORF_1	309	+	2	164	307	144	0.7028	0.00893227352596133	0.90303673757115
STRG.13647	STRG.13647_ORF_1	272	+	3	168	272	105	0.9169	0.0330737496002527	0.916434771373587
STRG.13649	STRG.13649_ORF_1	326	+	2	173	274	102	1.0836	0.165287055887779	0.981935575195201
STRG.13680	STRG.13680_ORF_1	379	+	2	182	352	171	1.0894	-0.0107141461205215	0.852994621229833
STRG.13681	STRG.13681_ORF_4	1218	+	2	14	100	87	1.115	0.02262864664553	0.876596727706846
STRG.13707	STRG.13707_ORF_1	755	+	2	476	601	126	0.8921	0.0375310908534409	0.91658447778268
STRG.13723	STRG.13723_ORF_1	381	+	2	302	379	78	1.0012	-0.124918427203568	0.564924051846663
STRG.13730	STRG.13730_ORF_1	798	+	1	61	171	111	0.9254	0.0975166822783172	0.958282293181796
STRG.13731	STRG.13731_ORF_2	474	+	2	164	268	105	0.388	-0.00706019502723272	0.895683775101883
STRG.13736	STRG.13736_ORF_3	2297	+	1	1714	1857	144	0.8162	0.042773141967551	0.904427379730425
STRG.13749	STRG.13749_ORF_1	324	+	3	27	212	186	0.5601	-0.0459748975280497	0.836749602224963
STRG.13750	STRG.13750_ORF_1	688	+	3	21	686	666	0.9239	0.0613187134863717	0.957307033164041
STRG.13751	STRG.13751_ORF_1	417	+	3	39	323	285	1.0384	-0.0488384371929435	0.798222402840806
STRG.13776	STRG.13776_ORF_2	614	+	1	316	414	99	0.373	-0.0325240272818722	0.858139695705013
STRG.13778	STRG.13778_ORF_1	338	+	3	114	197	84	0.6675	-0.151538407217694	0.531214863130159
STRG.13786	STRG.13786_ORF_1	672	+	3	300	530	231	0.8179	0.019469295828933	0.909017903618524
STRG.13792	STRG.13792_ORF_1	1706	+	3	921	1235	315	0.5006	-0.103706770990933	0.684336783471391
STRG.13794	STRG.13794_ORF_4	993	+	2	848	991	144	0.9226	0.124326395876706	0.969911713325724
STRG.13820	STRG.13820_ORF_1	355	+	2	8	118	111	0.5444	-0.0149619414451463	0.87888495641263
STRG.13826	STRG.13826_ORF_2	1403	+	2	464	547	84	0.4215	-0.104544146279049	0.665345451794832
STRG.13837	STRG.13837_ORF_1	293	+	2	11	292	282	0.5076	-0.0834004158893384	0.778972370437406
STRG.13846	STRG.13846_ORF_2	694	+	2	248	337	90	1.0172	0.087773081759251	0.950583453493484
STRG.13859	STRG.13859_ORF_1	870	+	1	751	870	120	0.5393	-0.12765117394585	0.608684581529249
STRG.13885	STRG.13885_ORF_2	257	+	2	167	256	90	0.4865	0.0699036656857426	0.957522994653617
STRG.13886	STRG.13886_ORF_1	279	+	3	78	200	123	0.7479	-0.0180720229753937	0.863526330035025
STRG.13888	STRG.13888_ORF_1	329	+	3	39	170	132	0.8189	-0.109414751966227	0.650068717723665
STRG.13889	STRG.13889_ORF_3	3075	+	3	1590	1730	141	0.9134	0.00395901274509585	0.824456634056451
STRG.13892	STRG.13892_ORF_3	2472	+	1	523	678	156	0.9614	0.00931609922750402	0.846467318098156
STRG.13899	STRG.13899_ORF_1	658	+	2	161	298	138	0.9131	-0.160372617410473	0.462698116338261
STRG.13905	STRG.13905_ORF_3	298	+	3	174	266	93	0.8802	0.0752356566895018	0.950173624252806
STRG.13917	STRG.13917_ORF_3	557	+	2	275	376	102	0.9321	-0.0252127721681283	0.829007742482462
STRG.13918	STRG.13918_ORF_1	421	+	1	25	171	147	1.2193	0.0513547639326372	0.921232095238925
STRG.13955	STRG.13955_ORF_1	534	+	3	171	419	249	0.7008	-0.0240421576070164	0.863648681010196
STRG.13966	STRG.13966_ORF_3	4034	+	2	587	784	198	0.9848	0.131443373146042	0.95375400239743
STRG.13976	STRG.13976_ORF_2	1779	+	3	813	1001	189	0.8228	0.0784132334215077	0.944357754711169
STRG.13981	STRG.13981_ORF_2	451	+	2	221	298	78	0.7953	-0.0894359572953406	0.696072560100467
STRG.13984	STRG.13984_ORF_1	349	+	1	142	333	192	0.6093	-0.0118410178583339	0.885651951774554
STRG.13988	STRG.13988_ORF_3	1002	+	2	89	184	96	0.7697	0.0134505221814514	0.889939123146309
STRG.14001	STRG.14001_ORF_5	1253	+	3	1155	1253	99	0.46	0.010912628541698	0.899945678698904
STRG.14010	STRG.14010_ORF_1	296	+	2	26	121	96	0.5671	0.0576914200125376	0.948223668286274
STRG.14022	STRG.14022_ORF_2	362	+	1	223	333	111	1.0173	0.0650801426567077	0.939259941731823
STRG.14031	STRG.14031_ORF_2	1252	+	1	301	432	132	0.7155	-0.00466617681414642	0.866500864113554
STRG.14033	STRG.14033_ORF_4	813	+	3	573	695	123	0.9701	0.0495195349298772	0.923681984040401
STRG.14038	STRG.14038_ORF_1	405	+	1	247	369	123	0.5282	-0.0731774354540251	0.775296817037345
STRG.14044	STRG.14044_ORF_1	250	+	3	108	248	141	0.8517	0.0581336742257039	0.942067233909347
STRG.14045	STRG.14045_ORF_5	3636	+	2	3098	3247	150	0.9464	0.0840151542463138	0.922000289261994
STRG.14062	STRG.14062_ORF_4	6481	+	1	5080	5529	450	0.5409	-0.00221857822548662	0.788005528706079
STRG.14063	STRG.14063_ORF_4	6460	+	1	5059	5508	450	0.5409	-0.00221857822548662	0.788631726415264
STRG.14064	STRG.14064_ORF_4	6477	+	1	5077	5526	450	0.5409	-0.00221857822548662	0.788124908927785
STRG.14087	STRG.14087_ORF_2	1161	+	2	434	553	120	0.7925	0.0283309243161066	0.905437567864801
STRG.14119	STRG.14119_ORF_1	1433	+	1	472	639	168	0.9386	0.128317661279415	0.969380078614827
STRG.14124	STRG.14124_ORF_1	322	+	1	157	264	108	0.9621	-0.172714675163792	0.425360623471942
STRG.14127	STRG.14127_ORF_1	496	+	3	375	494	120	1.1954	0.135250534499796	0.971381581654411
STRG.14135	STRG.14135_ORF_4	2565	+	2	530	721	192	0.7859	0.0362344963200552	0.89746471090489
STRG.14138	STRG.14138_ORF_2	565	+	1	337	417	81	1.1512	0.0327505970734466	0.898657069031544
STRG.14147	STRG.14147_ORF_1	710	+	3	255	374	120	0.9442	-0.143308436653661	0.507497244110078
STRG.14152	STRG.14152_ORF_4	1488	+	2	437	523	87	1.1859	0.05366964368849	0.906557335106808
STRG.14156	STRG.14156_ORF_1	511	+	2	371	511	141	0.794	-0.032813084418742	0.831931873167917
STRG.14161	STRG.14161_ORF_3	692	+	2	347	487	141	0.4707	0.0586989707543424	0.949831672209654
STRG.14179	STRG.14179_ORF_2	707	+	3	387	464	78	1.2399	0.0712159803340971	0.930880397166357
STRG.14187	STRG.14187_ORF_1	253	+	3	114	230	117	0.9024	0.111009942670259	0.968454431942139
STRG.14195	STRG.14195_ORF_1	261	+	3	153	260	108	0.7949	0.0208030578269644	0.909867405208375
STRG.14222	STRG.14222_ORF_1	1303	+	3	642	917	276	0.6133	0.0280634940486227	0.920901435800388
STRG.14223	STRG.14223_ORF_4	2705	+	1	2215	2514	300	0.4142	-0.0131633503766715	0.858877746027061
STRG.14226	STRG.14226_ORF_2	766	+	3	177	356	180	1.3222	0.0739484153223653	0.934295537862582
STRG.14253	STRG.14253_ORF_1	470	+	2	386	469	84	0.9936	0.294668285653074	0.996607854748397
STRG.14258	STRG.14258_ORF_1	472	+	1	238	423	186	0.5381	-0.0486268915395148	0.830109456615156
STRG.14263	STRG.14263_ORF_1	657	+	3	192	299	108	0.7472	-0.313041532503987	0.114053624628096
STRG.14265	STRG.14265_ORF_3	4056	+	3	2205	2357	153	0.9103	0.0149478715537619	0.821228734788465
STRG.14266	STRG.14266_ORF_1	375	+	3	288	368	81	0.849	-0.0163991423724521	0.852951579845468
STRG.14267	STRG.14267_ORF_2	467	+	3	75	230	156	0.813	-0.105149705831403	0.661872151972798
STRG.14268	STRG.14268_ORF_1	785	+	3	462	551	90	0.4476	-0.159975401120609	0.517424148538196
STRG.14273	STRG.14273_ORF_1	338	+	3	3	245	243	0.6169	-0.00517162255595971	0.897504422291046
STRG.14280	STRG.14280_ORF_2	854	+	3	765	854	90	0.9882	0.0163386839962699	0.882986359727431
STRG.14281	STRG.14281_ORF_2	368	+	1	136	222	87	0.8388	-0.00440984526924597	0.872681563055289
STRG.14299	STRG.14299_ORF_4	2748	+	2	2201	2440	240	1.1159	0.213476327145562	0.986246702024967
STRG.14309	STRG.14309_ORF_1	399	+	2	50	259	210	0.6927	-0.0432879353805821	0.831464313663905
STRG.14310	STRG.14310_ORF_1	758	+	1	220	324	105	0.9332	-0.221236286230686	0.270556531150721
STRG.14311	STRG.14311_ORF_1	1124	+	1	211	315	105	0.9332	-0.221236286230686	0.257844420458577
STRG.14312	STRG.14312_ORF_1	1171	+	1	211	315	105	0.9332	-0.221236286230686	0.25624053388084
STRG.14320	STRG.14320_ORF_1	561	+	3	222	317	96	0.7622	0.19771401311932	0.9896187295172
STRG.14347	STRG.14347_ORF_1	2824	+	1	43	1326	1284	1.0131	0.212098196996372	0.993931395534252
STRG.14350	STRG.14350_ORF_1	282	+	2	164	280	117	0.5213	0.0112970922999693	0.913159936724589
STRG.14392	STRG.14392_ORF_1	6805	+	2	4091	5857	1767	0.8561	0.041506408407678	0.933452271825608
STRG.14394	STRG.14394_ORF_1	263	+	3	54	263	210	1.1966	0.389512288243519	0.999017004617512
STRG.14405	STRG.14405_ORF_1	339	+	3	57	338	282	0.829	-0.015828055410847	0.874016014925765
STRG.14430	STRG.14430_ORF_1	432	+	3	87	431	345	0.6235	0.0352036973111528	0.939877209096609
STRG.14432	STRG.14432_ORF_4	993	+	2	332	421	90	0.6404	-0.0498841432060606	0.793092966025563
STRG.14433	STRG.14433_ORF_1	454	+	1	124	222	99	0.857	-0.0989028440614883	0.664951455551792
STRG.14436	STRG.14436_ORF_1	286	+	2	161	286	126	1.087	0.00218016824143361	0.870882796103522
STRG.14437	STRG.14437_ORF_1	7164	+	1	4450	6216	1767	0.8081	0.0410862125792567	0.930834245315897
STRG.14481	STRG.14481_ORF_2	1147	+	3	648	734	87	0.704	-0.0881794338687349	0.685905396943384
STRG.14494	STRG.14494_ORF_2	252	+	3	129	251	123	1.1914	0.184924240895994	0.985451104147988
STRG.14495	STRG.14495_ORF_2	252	+	3	129	251	123	1.1914	0.184924240895994	0.985451104147988
STRG.14497	STRG.14497_ORF_1	6804	+	1	4090	5856	1767	0.8081	0.0410862125792567	0.934862857178039
STRG.14516	STRG.14516_ORF_1	305	+	1	40	192	153	0.8427	-0.124739040836831	0.605256739357885
STRG.14520	STRG.14520_ORF_1	737	+	1	412	690	279	0.6854	0.0920812960431026	0.965907791161148
STRG.14531	STRG.14531_ORF_1	759	+	2	575	730	156	0.9782	0.0487510850399286	0.925089706929609
STRG.14532	STRG.14532_ORF_2	269	+	3	45	167	123	0.8094	0.0067945930936824	0.89400134370824
STRG.14540	STRG.14540_ORF_1	311	+	2	2	79	78	1.1529	-0.162082911695974	0.426474071158146
STRG.14551	STRG.14551_ORF_2	741	+	1	265	351	87	0.8885	-0.0669285413164501	0.735006402265882
STRG.14577	STRG.14577_ORF_1	733	+	1	292	732	441	0.6411	-0.11645116041399	0.689207859560068
STRG.14578	STRG.14578_ORF_1	579	+	3	171	578	408	1.0476	-0.200454771817039	0.371254332060226
STRG.14583	STRG.14583_ORF_1	1911	+	1	664	996	333	1.0736	-0.0374885908683819	0.780924809437466
STRG.14586	STRG.14586_ORF_4	2540	+	3	183	332	150	0.6272	-0.0431867936156407	0.769845070690709
STRG.14593	STRG.14593_ORF_4	1623	+	2	671	847	177	0.9953	0.115160043950169	0.961741870370514
STRG.14594	STRG.14594_ORF_1	311	+	2	2	79	78	1.1529	-0.162082911695974	0.426474071158146
STRG.14595	STRG.14595_ORF_1	311	+	2	2	79	78	1.1529	-0.162082911695974	0.426474071158146
STRG.14596	STRG.14596_ORF_1	433	+	2	311	400	90	0.7632	-0.213163514387503	0.322811009668892
STRG.14630	STRG.14630_ORF_2	360	+	2	185	358	174	0.5697	0.0365956722948599	0.935914158887032
STRG.14631	STRG.14631_ORF_5	1503	+	1	880	1020	141	0.893	0.0699772788924294	0.936663695310255
STRG.14633	STRG.14633_ORF_1	329	+	3	45	194	150	0.6883	-0.0534276357155114	0.807546418942745
STRG.14640	STRG.14640_ORF_4	733	+	3	186	287	102	1.1781	0.315497970699698	0.997013815079891
STRG.14641	STRG.14641_ORF_1	258	+	1	55	132	78	0.6154	-0.205352828814006	0.370304770029697
STRG.14643	STRG.14643_ORF_4	733	+	3	186	287	102	1.1781	0.315497970699698	0.997013815079891
STRG.14648	STRG.14648_ORF_4	733	+	3	186	287	102	1.1781	0.315497970699698	0.997013815079891
STRG.14660	STRG.14660_ORF_1	329	+	3	240	329	90	0.9466	0.091799319728441	0.957530481348313
STRG.14692	STRG.14692_ORF_3	731	+	2	47	730	684	0.405	-0.305938391877504	0.20905508880026
STRG.14693	STRG.14693_ORF_1	2539	+	1	247	2013	1767	1.2235	0.205887073010147	0.995103046820893
STRG.14694	STRG.14694_ORF_1	2106	+	1	247	2058	1812	1.2235	0.200416777695451	0.995298607087697
STRG.14695	STRG.14695_ORF_1	708	+	1	64	708	645	1.2574	0.293432016176253	0.997261695008083
STRG.14699	STRG.14699_ORF_2	252	+	2	140	250	111	0.9937	-0.00103530974705851	0.871759830546894
STRG.14700	STRG.14700_ORF_1	458	+	2	278	457	180	1.1566	0.196336134471717	0.987755648206845
STRG.14701	STRG.14701_ORF_1	458	+	2	278	457	180	1.1566	0.196336134471717	0.987755648206845
STRG.14702	STRG.14702_ORF_1	458	+	2	278	457	180	1.1566	0.196336134471717	0.987755648206845
STRG.14713	STRG.14713_ORF_1	857	+	2	23	856	834	1.2339	-0.117786585552486	0.670137664058397
STRG.14714	STRG.14714_ORF_1	354	+	2	137	352	216	0.8745	0.00832277075415476	0.897487992309745
STRG.14715	STRG.14715_ORF_2	862	+	2	359	475	117	0.6032	-0.0553897420219625	0.792211593428994
STRG.14724	STRG.14724_ORF_1	2106	+	1	247	2058	1812	1.2512	0.200365915224863	0.995218731414797
STRG.14725	STRG.14725_ORF_1	311	+	1	22	309	288	0.4178	-0.281828279173849	0.222103244800502
STRG.14726	STRG.14726_ORF_1	708	+	1	64	708	645	1.2319	0.298544708656042	0.997474528663919
STRG.14727	STRG.14727_ORF_1	2112	+	1	247	2058	1812	1.2235	0.19752950329215	0.995115327783976
STRG.14729	STRG.14729_ORF_1	1288	+	3	363	560	198	1.0225	0.221411914998867	0.990612891085203
STRG.14730	STRG.14730_ORF_2	1543	+	1	724	897	174	0.9029	0.129101765847028	0.96985251512181
STRG.14738	STRG.14738_ORF_2	1550	+	3	369	641	273	0.75	0.0013507020601794	0.878929701714118
STRG.14739	STRG.14739_ORF_1	458	+	2	278	457	180	1.1566	0.196336134471717	0.987755648206845
STRG.14740	STRG.14740_ORF_1	458	+	2	278	457	180	1.1566	0.196336134471717	0.987755648206845
STRG.14741	STRG.14741_ORF_1	458	+	2	278	457	180	1.1566	0.196336134471717	0.987755648206845
STRG.14742	STRG.14742_ORF_1	223	+	2	128	223	96	1.0939	0.670006863802247	0.99997336843809
STRG.14743	STRG.14743_ORF_2	1550	+	3	369	641	273	0.75	0.007420403759855	0.88704066561197
STRG.14744	STRG.14744_ORF_2	1309	+	3	453	626	174	0.9029	0.129101765847028	0.971051376455266
STRG.14745	STRG.14745_ORF_1	328	+	2	167	328	162	0.9094	-0.0790227077624184	0.727599370084486
STRG.14746	STRG.14746_ORF_1	1361	+	3	804	1361	558	0.6459	-0.0693937582967177	0.798913601312143
STRG.14747	STRG.14747_ORF_1	1361	+	3	804	1361	558	0.6459	-0.0693937582967177	0.798913601312143
STRG.14748	STRG.14748_ORF_1	1361	+	3	804	1361	558	0.6459	-0.0693937582967177	0.798913601312143
STRG.14753	STRG.14753_ORF_1	290	+	1	55	288	234	0.7032	0.0520510236847491	0.945892739113799
STRG.14754	STRG.14754_ORF_2	1560	+	2	704	877	174	0.9029	0.129101765847028	0.969763567633704
STRG.14755	STRG.14755_ORF_2	459	+	2	344	457	114	1.1965	-0.306821160532974	0.100341239086196
STRG.14756	STRG.14756_ORF_1	296	+	1	124	234	111	0.9061	-0.307253141743872	0.11903213210881
STRG.14767	STRG.14767_ORF_1	587	+	2	260	475	216	0.7839	-0.0585618650767254	0.788490152485203
STRG.14768	STRG.14768_ORF_1	587	+	2	260	475	216	0.7839	-0.0585618650767254	0.788490152485203
STRG.14769	STRG.14769_ORF_1	587	+	2	260	475	216	0.7839	-0.0585618650767254	0.788490152485203
STRG.14770	STRG.14770_ORF_1	587	+	2	260	475	216	0.7839	-0.0585618650767254	0.788490152485203
STRG.14771	STRG.14771_ORF_1	564	+	3	237	452	216	0.7839	-0.0585618650767254	0.789174769148815
STRG.14772	STRG.14772_ORF_1	587	+	2	260	475	216	0.7839	-0.0585618650767254	0.788490152485203
STRG.14774	STRG.14774_ORF_1	491	+	2	251	490	240	0.509	0.148368534435161	0.985080202589491
STRG.14775	STRG.14775_ORF_1	1490	+	2	53	595	543	1.0166	0.230753086863396	0.993377048225035
STRG.14779	STRG.14779_ORF_3	497	+	3	12	245	234	0.7491	-0.0468953341749873	0.820103861159334
STRG.14786	STRG.14786_ORF_1	345	+	3	147	344	198	1.128	0.349627553700369	0.99838107876132
STRG.14792	STRG.14792_ORF_2	913	+	3	39	323	285	1.1209	-0.0477430526276289	0.777698773429946
STRG.14796	STRG.14796_ORF_2	1550	+	3	369	641	273	0.75	0.0013507020601794	0.878929701714118
STRG.14798	STRG.14798_ORF_1	281	+	1	67	243	177	1.0623	-0.0695186595659766	0.737977754807379
STRG.14803	STRG.14803_ORF_1	406	+	3	138	248	111	1.1244	0.604001942123184	0.999934947796337
STRG.14804	STRG.14804_ORF_1	1105	+	3	435	983	549	0.8265	0.107975823056623	0.973586603361816
STRG.14805	STRG.14805_ORF_2	1550	+	3	369	641	273	0.75	0.007420403759855	0.88704066561197
STRG.14809	STRG.14809_ORF_1	330	+	2	170	328	159	1.1978	0.242271248831756	0.99308634950948
STRG.14811	STRG.14811_ORF_2	482	+	2	221	436	216	0.8114	-0.0859425463829608	0.723963919090704
STRG.14818	STRG.14818_ORF_2	798	+	2	326	475	150	1.1443	0.0318056722319956	0.898917543251822
STRG.14819	STRG.14819_ORF_2	1560	+	2	704	877	174	0.9029	0.129101765847028	0.969763567633704
STRG.14820	STRG.14820_ORF_1	290	+	1	55	288	234	0.7032	0.0520510236847491	0.945892739113799
STRG.14821	STRG.14821_ORF_2	1550	+	3	369	641	273	0.7748	0.00840323571675951	0.886855145274946
STRG.14822	STRG.14822_ORF_1	1105	+	3	435	983	549	0.8265	0.106800368476663	0.973192690353886
STRG.14823	STRG.14823_ORF_1	289	+	3	81	158	78	0.952	-0.626891424417911	0.0020497523185966
STRG.14824	STRG.14824_ORF_1	491	+	2	251	490	240	0.6157	0.158180509052183	0.985996032841439
STRG.14825	STRG.14825_ORF_1	2106	+	1	247	2058	1812	1.2559	0.200123952486518	0.99519061775291
STRG.14831	STRG.14831_ORF_1	930	+	3	33	929	897	0.6534	0.0219905012552004	0.947510801313889
STRG.14838	STRG.14838_ORF_2	495	+	1	22	495	474	0.4098	-0.120851686857896	0.719716544884226
STRG.14840	STRG.14840_ORF_1	855	+	2	248	448	201	1.2864	0.0798368228960164	0.940024133378858
STRG.14852	STRG.14852_ORF_1	849	+	1	145	534	390	0.5434	-0.313371911724599	0.147593064318403
STRG.14853	STRG.14853_ORF_1	802	+	2	98	487	390	0.5434	-0.313371911724599	0.148652814549267
STRG.14869	STRG.14869_ORF_1	2872	+	2	1307	2314	1008	0.505	0.00444428678666613	0.923514875691301
STRG.14875	STRG.14875_ORF_1	931	+	1	70	342	273	1.2022	-0.0658522755146451	0.722697681590889
STRG.14882	STRG.14882_ORF_1	564	+	3	237	452	216	0.7893	-0.0565796602848091	0.792889648324546
STRG.14887	STRG.14887_ORF_4	1199	+	3	1107	1199	93	0.993	0.102353527074719	0.955709976028707
STRG.14888	STRG.14888_ORF_2	1425	+	2	341	814	474	1.2164	0.35019189303158	0.998336976256912
STRG.14890	STRG.14890_ORF_1	788	+	3	105	494	390	0.5434	-0.313371911724599	0.148969696535188
STRG.14891	STRG.14891_ORF_1	1441	+	1	1204	1365	162	0.8733	-0.0435269474322292	0.779720064310532
STRG.14892	STRG.14892_ORF_1	1077	+	1	367	756	390	0.5434	-0.313371911724599	0.142540575147951
STRG.14897	STRG.14897_ORF_1	311	+	2	2	79	78	1.1529	-0.162082911695974	0.426474071158146
STRG.14901	STRG.14901_ORF_2	611	+	1	493	609	117	1.35	0.5288186645012	0.999797178985299
STRG.14902	STRG.14902_ORF_1	1106	+	1	436	984	549	0.8265	0.106800368476663	0.973188028090606
STRG.14912	STRG.14912_ORF_2	1538	+	1	901	1536	636	1.0899	-0.0432681172895723	0.815276118910645
STRG.14913	STRG.14913_ORF_2	1557	+	2	1340	1555	216	0.8641	-0.189253381955107	0.355381591837251
STRG.14915	STRG.14915_ORF_1	577	+	3	105	575	471	0.623	-0.284017827587072	0.212463462400478
STRG.14916	STRG.14916_ORF_3	783	+	3	699	782	84	1.0368	0.20585062361138	0.988484443628989
STRG.14928	STRG.14928_ORF_1	502	+	2	65	502	438	1.1188	0.113130785688061	0.971394964614727
STRG.14929	STRG.14929_ORF_1	909	+	3	471	908	438	1.1796	0.417793767687903	0.999363201765522
STRG.14930	STRG.14930_ORF_2	675	+	2	191	424	234	1.051	0.0904905047587374	0.956287099576601
STRG.14931	STRG.14931_ORF_5	818	+	1	640	720	81	0.7883	0.212510975938334	0.990770284960067
STRG.14935	STRG.14935_ORF_3	2788	+	3	2514	2759	246	1.2492	0.507439737719588	0.999662985109691
STRG.14936	STRG.14936_ORF_2	743	+	3	63	239	177	1.146	0.144561292565562	0.975241576231075
STRG.14937	STRG.14937_ORF_1	390	+	1	16	390	375	0.9904	-0.22231648433148	0.317018685841776
STRG.14939	STRG.14939_ORF_3	1219	+	1	115	240	126	1.0242	0.0205587088723423	0.882542591158429
STRG.14943	STRG.14943_ORF_1	523	+	2	44	286	243	0.7332	-0.172399120208394	0.476231643618898
STRG.14961	STRG.14961_ORF_1	919	+	1	625	909	285	0.815	-0.0814289079640443	0.730089234680338
STRG.14962	STRG.14962_ORF_1	456	+	1	160	456	297	1.2036	0.39304752398004	0.999086646815641
STRG.14963	STRG.14963_ORF_1	890	+	3	141	479	339	0.8825	0.159624661411882	0.984024080206462
STRG.14964	STRG.14964_ORF_1	3083	+	2	458	2845	2388	1.2042	0.290331714886727	0.998881829800991
STRG.14971	STRG.14971_ORF_5	1366	+	1	220	309	90	1.0709	0.037380488492591	0.895966759392177
STRG.14976	STRG.14976_ORF_2	1550	+	3	369	641	273	0.75	0.0013507020601794	0.878929701714118
STRG.14984	STRG.14984_ORF_2	1254	+	1	874	1143	270	1.2272	0.301243934969979	0.99643370962164
STRG.14991	STRG.14991_ORF_1	643	+	2	251	643	393	0.9532	-0.186305328246947	0.42281773516193
