ID	ORF	mRNA	ORF_strand	ORF_frame	ORF_start	ORF_end	ORF	Fickett	Hexamer	Coding_prob
STRG.13	STRG.13_ORF_1	1419	+	1	871	1161	291	0.6932	-0.191183395	0.392182056
STRG.13	STRG.13_ORF_2	1419	+	2	266	481	216	0.3813	-0.246902956	0.262482403
STRG.13	STRG.13_ORF_3	1419	+	3	81	275	195	0.7777	-0.057130856	0.763741158
STRG.13	STRG.13_ORF_4	1419	+	2	956	1141	186	1.0816	-0.222713114	0.239694839
STRG.13	STRG.13_ORF_5	1419	+	3	1056	1214	159	1.1167	-0.378678169	0.038662902
STRG.26	STRG.26_ORF_1	789	+	3	324	578	255	0.5408	-0.095077166	0.727082974
STRG.26	STRG.26_ORF_2	789	+	2	575	787	213	0.8796	0.111605926	0.968411779
STRG.26	STRG.26_ORF_3	789	+	1	571	750	180	0.6255	0.050491508	0.940264287
STRG.26	STRG.26_ORF_4	789	+	1	37	150	114	1.0037	-0.108937438	0.603731438
STRG.26	STRG.26_ORF_5	789	+	2	407	496	90	1.0397	0.039031269	0.908543679
STRG.40	STRG.40_ORF_1	4689	+	2	3503	3934	432	0.9083	0.006356909	0.819739498
STRG.40	STRG.40_ORF_2	4689	+	2	3137	3391	255	0.5221	-0.152974307	0.388144933
STRG.40	STRG.40_ORF_3	4689	+	2	638	838	201	0.7694	-0.064758489	0.622399044
STRG.40	STRG.40_ORF_4	4689	+	3	2412	2612	201	0.6642	-0.109593068	0.495366331
STRG.40	STRG.40_ORF_5	4689	+	1	2140	2334	195	0.4897	-0.052693021	0.693289659
STRG.53	STRG.53_ORF_1	2921	+	3	1599	1781	183	0.9252	-0.153338913	0.392784617
STRG.53	STRG.53_ORF_2	2921	+	1	94	258	165	0.8651	0.129286952	0.962403774
STRG.53	STRG.53_ORF_3	2921	+	1	1792	1956	165	0.6136	-0.28287547	0.12539727
STRG.53	STRG.53_ORF_4	2921	+	1	910	1056	147	0.7633	0.000444334	0.835019001
STRG.53	STRG.53_ORF_5	2921	+	2	1331	1444	114	0.6891	-0.097040649	0.593573981
STRG.64	STRG.64_ORF_1	393	+	2	251	391	141	1.0308	0.012137269	0.887249592
STRG.64	STRG.64_ORF_2	393	+	1	259	393	135	1.0246	0.01958213	0.896444826
STRG.89	STRG.89_ORF_1	327	+	1	226	306	81	0.8161	-0.272235468	0.178851056
STRG.111	STRG.111_ORF_1	1123	+	1	304	474	171	0.7937	-0.339387954	0.079194156
STRG.111	STRG.111_ORF_2	1123	+	3	420	578	159	0.8011	-0.129821741	0.560822284
STRG.111	STRG.111_ORF_3	1123	+	1	520	624	105	0.6182	-0.145829304	0.525876399
STRG.111	STRG.111_ORF_4	1123	+	3	966	1046	81	0.4625	-0.198193983	0.377361051
STRG.117	STRG.117_ORF_1	8394	+	1	739	1089	351	0.4383	-0.033814768	0.633440255
STRG.117	STRG.117_ORF_2	8394	+	2	6377	6652	276	0.6061	-0.233492295	0.100451583
STRG.117	STRG.117_ORF_3	8394	+	2	6800	7072	273	0.7743	-0.182970217	0.162513199
STRG.117	STRG.117_ORF_4	8394	+	2	7394	7633	240	0.7765	0.018705934	0.719734078
STRG.117	STRG.117_ORF_5	8394	+	1	382	606	225	0.711	-0.047968733	0.526856882
STRG.118	STRG.118_ORF_1	1685	+	3	438	836	399	0.7292	-0.042608296	0.817256736
STRG.118	STRG.118_ORF_2	1685	+	3	69	419	351	0.4591	-0.015223913	0.878058022
STRG.118	STRG.118_ORF_3	1685	+	1	565	765	201	0.5856	-0.129474964	0.576200041
STRG.118	STRG.118_ORF_4	1685	+	1	865	1029	165	0.8384	-0.036067447	0.792446085
STRG.118	STRG.118_ORF_5	1685	+	2	914	1039	126	0.4007	-0.059575179	0.779524769
STRG.155	STRG.155_ORF_1	1319	+	1	487	801	315	0.4618	-0.122223166	0.65161676
STRG.155	STRG.155_ORF_2	1319	+	1	52	171	120	0.567	-0.118676474	0.613345722
STRG.155	STRG.155_ORF_3	1319	+	3	1092	1193	102	0.5582	-0.173921069	0.43489061
STRG.155	STRG.155_ORF_4	1319	+	2	755	853	99	0.5962	-0.188542279	0.383267565
STRG.155	STRG.155_ORF_5	1319	+	2	89	166	78	0.4488	-0.098109855	0.682405738
STRG.157	STRG.157_ORF_1	4877	+	1	2497	2766	270	0.8401	0.009275258	0.807700833
STRG.157	STRG.157_ORF_2	4877	+	2	1511	1765	255	0.7882	0.0331404	0.853577179
STRG.157	STRG.157_ORF_3	4877	+	2	3557	3787	231	0.9138	-0.182086583	0.247173434
STRG.157	STRG.157_ORF_4	4877	+	3	1671	1889	219	1.2623	0.037842034	0.820218549
STRG.157	STRG.157_ORF_5	4877	+	2	3299	3505	207	0.7586	-0.066673203	0.611185965
STRG.161	STRG.161_ORF_1	433	+	2	212	346	135	0.5174	-0.047383408	0.829584737
STRG.161	STRG.161_ORF_2	433	+	3	54	164	111	1.2016	-0.229443707	0.232727445
STRG.174	STRG.174_ORF_1	842	+	1	178	294	117	0.9211	0.021916772	0.896167984
STRG.181	STRG.181_ORF_1	2666	+	3	570	2579	2010	0.9435	0.130715572	0.990704867
STRG.181	STRG.181_ORF_2	2666	+	1	2404	2607	204	0.7584	-0.096509976	0.612822486
STRG.181	STRG.181_ORF_3	2666	+	1	1861	2022	162	0.7191	0.015843672	0.870325206
STRG.181	STRG.181_ORF_4	2666	+	1	2113	2250	138	1.0277	-0.096798048	0.561416587
STRG.181	STRG.181_ORF_5	2666	+	1	1045	1173	129	1.1696	-0.045194246	0.695158112
STRG.232	STRG.232_ORF_1	2372	+	1	661	771	111	0.8595	0.045011587	0.901353252
STRG.232	STRG.232_ORF_2	2372	+	3	1293	1403	111	0.9522	-0.061447942	0.685796411
STRG.232	STRG.232_ORF_3	2372	+	2	812	901	90	0.8368	0.057661531	0.914769921
STRG.232	STRG.232_ORF_4	2372	+	2	941	1027	87	1.0085	-0.237300051	0.175663222
STRG.244	STRG.244_ORF_1	404	+	3	51	131	81	0.8394	-0.093412291	0.681789189
STRG.254	STRG.254_ORF_1	324	+	3	138	323	186	1.1307	-0.01993062	0.836998566
STRG.300	STRG.300_ORF_1	1571	+	3	852	1031	180	0.4809	0.004119205	0.891045037
STRG.300	STRG.300_ORF_2	1571	+	1	118	285	168	0.7899	-0.076522004	0.704221503
STRG.300	STRG.300_ORF_3	1571	+	1	1090	1236	147	0.7206	-0.305088884	0.112542636
STRG.300	STRG.300_ORF_4	1571	+	2	248	379	132	0.9643	-0.038436885	0.773873187
STRG.314	STRG.314_ORF_1	378	+	3	21	161	141	0.6706	-0.032085032	0.846192414
STRG.314	STRG.314_ORF_2	378	+	2	59	172	114	0.7954	-0.119405616	0.618075162
STRG.314	STRG.314_ORF_3	378	+	1	208	306	99	0.5748	-0.048225081	0.820602032
STRG.320	STRG.320_ORF_1	465	+	1	217	438	222	0.75	-0.092743927	0.715020648
STRG.324	STRG.324_ORF_1	303	+	2	131	256	126	0.4802	-0.053444086	0.823825439
STRG.324	STRG.324_ORF_2	303	+	1	124	219	96	0.737	-0.214725767	0.327856213
STRG.324	STRG.324_ORF_3	303	+	3	189	269	81	0.7821	0.147702225	0.980795736
STRG.339	STRG.339_ORF_1	839	+	3	81	353	273	0.3928	-0.095432119	0.744028322
STRG.339	STRG.339_ORF_2	839	+	2	368	589	222	1.0669	0.155531998	0.979749404
STRG.339	STRG.339_ORF_3	839	+	2	71	205	135	0.6347	-0.035524753	0.831272025
STRG.339	STRG.339_ORF_4	839	+	1	289	375	87	0.3661	-0.217860629	0.344509608
STRG.345	STRG.345_ORF_1	6210	+	2	1481	1738	258	0.6939	-0.108444419	0.437971419
STRG.345	STRG.345_ORF_2	6210	+	2	29	280	252	0.8911	-0.050810977	0.592873027
STRG.345	STRG.345_ORF_3	6210	+	1	4357	4569	213	0.8421	-0.156461409	0.270510481
STRG.345	STRG.345_ORF_4	6210	+	3	2370	2567	198	0.5888	-0.005982723	0.748790351
STRG.345	STRG.345_ORF_5	6210	+	2	2702	2893	192	0.8937	-0.041489503	0.610431714
STRG.347	STRG.347_ORF_1	525	+	2	5	220	216	0.7864	-0.154193602	0.52203127
STRG.347	STRG.347_ORF_2	525	+	1	298	378	81	1.0404	-0.348999625	0.063897677
STRG.349	STRG.349_ORF_1	8357	+	2	1481	1738	258	0.6939	-0.108444419	0.346818527
STRG.349	STRG.349_ORF_2	8357	+	2	29	280	252	0.8911	-0.050810977	0.498050226
STRG.349	STRG.349_ORF_3	8357	+	1	4357	4569	213	0.8421	-0.156461409	0.201702348
STRG.349	STRG.349_ORF_4	8357	+	3	2370	2567	198	0.5888	-0.005982723	0.670073369
STRG.349	STRG.349_ORF_5	8357	+	2	2702	2893	192	0.8937	-0.041489503	0.516362402
STRG.358	STRG.358_ORF_1	2196	+	2	2033	2173	141	0.4062	-0.219298218	0.291795686
STRG.358	STRG.358_ORF_2	2196	+	2	1745	1882	138	0.9717	-0.048787149	0.728089625
STRG.358	STRG.358_ORF_3	2196	+	1	1990	2097	108	0.6833	-0.077067299	0.682558082
STRG.358	STRG.358_ORF_4	2196	+	3	1251	1352	102	0.7149	-0.347049389	0.060052948
STRG.358	STRG.358_ORF_5	2196	+	1	982	1077	96	0.4966	-0.147728235	0.487962896
STRG.367	STRG.367_ORF_1	3077	+	2	1178	1447	270	0.6454	-0.057297242	0.732987184
STRG.367	STRG.367_ORF_2	3077	+	1	520	666	147	0.8108	-0.146303951	0.417566858
STRG.367	STRG.367_ORF_3	3077	+	3	480	617	138	0.6963	0.041309743	0.896129811
STRG.367	STRG.367_ORF_4	3077	+	3	1380	1472	93	0.7434	-0.044230737	0.728339041
STRG.367	STRG.367_ORF_5	3077	+	3	2109	2189	81	1.2465	-0.200749297	0.206940853
STRG.368	STRG.368_ORF_1	3029	+	1	2353	2475	123	0.7721	-0.134824888	0.457287435
STRG.368	STRG.368_ORF_2	3029	+	2	1787	1909	123	0.8479	-0.251794441	0.150698646
STRG.368	STRG.368_ORF_3	3029	+	1	1981	2091	111	1.0831	-0.020512798	0.753222153
STRG.368	STRG.368_ORF_4	3029	+	3	2076	2186	111	0.9298	-0.062558377	0.659693326
STRG.368	STRG.368_ORF_5	3029	+	2	2153	2260	108	1.0764	-0.203906681	0.221797733
STRG.373	STRG.373_ORF_1	386	+	3	102	191	90	0.6716	-0.09277351	0.706596918
STRG.375	STRG.375_ORF_1	498	+	3	204	443	240	0.6898	-0.026350372	0.860816869
STRG.375	STRG.375_ORF_2	498	+	1	115	291	177	0.777	-0.061926778	0.779455958
STRG.385	STRG.385_ORF_1	2281	+	3	1845	2105	261	0.3851	-0.050837464	0.799257714
STRG.385	STRG.385_ORF_2	2281	+	2	248	472	225	0.4146	-0.104521394	0.655272114
STRG.385	STRG.385_ORF_3	2281	+	1	757	975	219	0.8856	-0.021846327	0.807013931
STRG.385	STRG.385_ORF_4	2281	+	3	522	704	183	0.547	-0.075537299	0.712481112
STRG.385	STRG.385_ORF_5	2281	+	2	1799	1933	135	0.609	-0.066607842	0.721102598
STRG.435	STRG.435_ORF_1	295	+	3	99	227	129	0.872	-0.05670183	0.781415654
STRG.470	STRG.470_ORF_1	2822	+	3	63	554	492	0.9183	0.153032771	0.977813044
STRG.470	STRG.470_ORF_2	2822	+	1	535	1020	486	1.0994	0.198585343	0.986132227
STRG.470	STRG.470_ORF_3	2822	+	1	1243	1506	264	0.5575	0.007511688	0.874455234
STRG.470	STRG.470_ORF_4	2822	+	1	2032	2208	177	0.5146	-0.017806981	0.828090223
STRG.470	STRG.470_ORF_5	2822	+	1	1075	1242	168	0.9324	0.110708981	0.951782876
STRG.475	STRG.475_ORF_1	1038	+	3	240	452	213	0.603	0.026999181	0.920283128
STRG.475	STRG.475_ORF_2	1038	+	2	539	682	144	0.8622	-0.154302498	0.473929106
STRG.475	STRG.475_ORF_3	1038	+	1	289	387	99	0.6426	-0.12104582	0.603608362
STRG.475	STRG.475_ORF_4	1038	+	1	679	777	99	0.9336	-0.124015108	0.552602361
STRG.475	STRG.475_ORF_5	1038	+	2	203	289	87	0.6846	-0.03495958	0.817644893
STRG.497	STRG.497_ORF_1	509	+	2	158	415	258	1.0067	-0.074010019	0.737133211
STRG.551	STRG.551_ORF_1	876	+	2	179	307	129	0.9162	-0.085747262	0.683167395
STRG.551	STRG.551_ORF_2	876	+	1	142	258	117	1.134	-0.039184451	0.774467281
STRG.551	STRG.551_ORF_3	876	+	1	28	126	99	1.0454	-0.105404472	0.60234795
STRG.577	STRG.577_ORF_1	757	+	2	320	511	192	0.4164	0.07877495	0.963025489
STRG.577	STRG.577_ORF_2	757	+	1	418	546	129	0.6648	0.011226279	0.899522001
STRG.587	STRG.587_ORF_1	1241	+	3	24	212	189	1.029	-0.207630017	0.290240201
STRG.587	STRG.587_ORF_2	1241	+	2	1061	1168	108	0.7858	0.000814363	0.868027534
STRG.596	STRG.596_ORF_1	2000	+	1	559	945	387	0.601	-0.162749143	0.488338423
STRG.596	STRG.596_ORF_2	2000	+	3	12	164	153	0.988	-0.227156691	0.21655088
STRG.596	STRG.596_ORF_3	2000	+	1	1837	1974	138	0.7934	-0.021061353	0.815087451
STRG.596	STRG.596_ORF_4	2000	+	2	380	490	111	1.0644	0.0510572	0.903496931
STRG.596	STRG.596_ORF_5	2000	+	2	1895	1999	105	0.6198	-0.055415012	0.75319365
STRG.620	STRG.620_ORF_1	350	+	3	186	344	159	0.7909	-0.107153248	0.664163519
STRG.661	STRG.661_ORF_1	266	+	3	12	155	144	0.6656	0.130280425	0.978771589
STRG.661	STRG.661_ORF_2	266	+	1	40	129	90	0.9744	-0.153608069	0.483864793
STRG.665	STRG.665_ORF_1	447	+	3	174	356	183	1.0848	-0.017218806	0.842086872
STRG.665	STRG.665_ORF_2	447	+	2	62	199	138	1.12	0.014958664	0.884435693
STRG.665	STRG.665_ORF_3	447	+	1	223	348	126	0.9712	-0.1333573	0.54846155
STRG.665	STRG.665_ORF_4	447	+	2	356	445	90	1.2032	0.012533461	0.871941805
STRG.695	STRG.695_ORF_1	778	+	1	154	333	180	0.7246	-0.131495402	0.585515541
STRG.695	STRG.695_ORF_2	778	+	3	573	650	78	0.9226	-0.045306981	0.780126156
STRG.719	STRG.719_ORF_1	289	+	3	108	242	135	0.7504	-0.031155896	0.843105626
STRG.738	STRG.738_ORF_1	1079	+	2	509	661	153	0.8808	-0.176138035	0.401729116
STRG.738	STRG.738_ORF_2	1079	+	1	784	861	78	0.6578	-0.239380966	0.241811502
STRG.747	STRG.747_ORF_1	364	+	2	146	262	117	1.2115	-0.385018696	0.039365764
STRG.775	STRG.775_ORF_1	318	+	1	67	165	99	0.8252	0.032446149	0.918922959
STRG.776	STRG.776_ORF_1	644	+	3	438	608	171	0.5546	-0.028515555	0.857505675
STRG.776	STRG.776_ORF_2	644	+	3	135	230	96	0.9172	-0.153932294	0.475487623
STRG.777	STRG.777_ORF_1	1091	+	2	443	580	138	0.918	-0.08071273	0.69016627
STRG.777	STRG.777_ORF_2	1091	+	3	765	863	99	1.2218	-0.373641174	0.039271394
STRG.777	STRG.777_ORF_3	1091	+	3	648	740	93	0.9281	0.091797799	0.9522361
STRG.777	STRG.777_ORF_4	1091	+	2	1001	1078	78	0.3743	-0.320529003	0.116263984
STRG.778	STRG.778_ORF_1	354	+	2	209	352	144	0.8541	-0.054074141	0.789074027
STRG.779	STRG.779_ORF_1	548	+	3	168	356	189	0.487	-0.081880149	0.764029072
STRG.779	STRG.779_ORF_2	548	+	1	391	531	141	0.9066	0.056773384	0.936177465
STRG.801	STRG.801_ORF_1	1127	+	1	586	771	186	0.5758	-0.017274075	0.864462208
STRG.801	STRG.801_ORF_2	1127	+	1	241	360	120	0.9068	-0.038527715	0.791351028
STRG.801	STRG.801_ORF_3	1127	+	1	79	183	105	0.6009	-0.15974317	0.483263177
STRG.804	STRG.804_ORF_1	1679	+	2	824	1027	204	0.5774	-0.073840749	0.737915699
STRG.804	STRG.804_ORF_2	1679	+	1	349	504	156	0.5131	-0.043423885	0.80687318
STRG.804	STRG.804_ORF_3	1679	+	1	985	1137	153	0.9415	-0.110763736	0.575585007
STRG.804	STRG.804_ORF_4	1679	+	1	1516	1656	141	0.6083	-0.107408035	0.63056279
STRG.804	STRG.804_ORF_5	1679	+	2	668	805	138	0.6594	-0.142843615	0.510964689
STRG.806	STRG.806_ORF_1	254	+	1	55	159	105	1.0497	-0.128814856	0.556156498
STRG.816	STRG.816_ORF_1	267	+	1	133	237	105	0.9605	0.036409235	0.917836128
STRG.825	STRG.825_ORF_1	759	+	1	97	483	387	0.5505	0.033090401	0.939261866
STRG.825	STRG.825_ORF_2	759	+	2	362	556	195	0.5465	0.005097185	0.903098201
STRG.825	STRG.825_ORF_3	759	+	2	659	757	99	1.1726	-0.039179985	0.771757789
STRG.825	STRG.825_ORF_4	759	+	3	129	224	96	0.7157	-0.043890308	0.805868756
STRG.825	STRG.825_ORF_5	759	+	2	44	124	81	1.021	-0.031869803	0.800295474
STRG.851	STRG.851_ORF_1	1101	+	2	443	733	291	0.4745	0.104434232	0.972663266
STRG.851	STRG.851_ORF_2	1101	+	1	94	330	237	0.6451	-0.013051538	0.871059878
STRG.851	STRG.851_ORF_3	1101	+	3	306	494	189	0.6869	-0.035210838	0.826708248
STRG.851	STRG.851_ORF_4	1101	+	2	143	319	177	0.755	-0.001582661	0.875271665
STRG.851	STRG.851_ORF_5	1101	+	3	936	1100	165	0.4516	-0.016484989	0.872653761
STRG.859	STRG.859_ORF_1	495	+	1	7	288	282	0.7746	-0.11068053	0.671245621
STRG.859	STRG.859_ORF_2	495	+	2	260	412	153	1.0198	0.059934393	0.935760419
STRG.859	STRG.859_ORF_3	495	+	3	165	278	114	0.9592	-0.202945012	0.328152299
STRG.859	STRG.859_ORF_4	495	+	2	125	217	93	1.1065	0.194311644	0.986882191
STRG.890	STRG.890_ORF_1	1681	+	2	725	964	240	0.5001	0.001854397	0.88963583
STRG.890	STRG.890_ORF_2	1681	+	3	453	671	219	0.7509	-0.067098217	0.737223554
STRG.890	STRG.890_ORF_3	1681	+	1	1582	1680	99	0.6039	-0.060379121	0.752735393
STRG.890	STRG.890_ORF_4	1681	+	3	1299	1394	96	0.512	-0.178305608	0.410769871
STRG.890	STRG.890_ORF_5	1681	+	1	538	627	90	0.8303	-0.047188408	0.758426405
STRG.960	STRG.960_ORF_1	1589	+	3	378	527	150	0.6415	-0.091488176	0.677881922
STRG.960	STRG.960_ORF_2	1589	+	3	75	215	141	0.8039	-0.190607887	0.345110237
STRG.960	STRG.960_ORF_3	1589	+	2	365	493	129	0.7829	-0.201313189	0.315196938
STRG.960	STRG.960_ORF_4	1589	+	1	325	435	111	0.8065	-0.157786156	0.440191348
STRG.960	STRG.960_ORF_5	1589	+	2	1250	1351	102	0.9563	0.022916978	0.881078764
STRG.989	STRG.989_ORF_1	859	+	2	308	445	138	1.1346	0.049003407	0.916322208
STRG.989	STRG.989_ORF_2	859	+	1	595	687	93	0.7149	-0.172503047	0.435293452
STRG.990	STRG.990_ORF_1	335	+	3	153	281	129	1.2352	0.033237329	0.901773982
STRG.992	STRG.992_ORF_1	355	+	2	95	271	177	0.9394	0.009461792	0.892476286
STRG.992	STRG.992_ORF_2	355	+	1	91	258	168	0.9334	-0.070018144	0.747370378
STRG.996	STRG.996_ORF_1	597	+	2	425	523	99	0.9843	-0.179862473	0.386432564
STRG.996	STRG.996_ORF_2	597	+	1	19	96	78	0.8018	0.039123019	0.921437841
STRG.1035	STRG.1035_ORF_1	250	+	1	1	249	249	0.7789	0.030295889	0.927830457
STRG.1035	STRG.1035_ORF_2	250	+	2	104	250	147	1.1366	0.133391642	0.973395842
STRG.1044	STRG.1044_ORF_1	818	+	1	85	444	360	0.762	-0.034547405	0.846583668
STRG.1044	STRG.1044_ORF_2	818	+	2	98	229	132	0.7364	-0.070091898	0.748225791
STRG.1044	STRG.1044_ORF_3	818	+	3	12	140	129	0.63	-0.045410156	0.812860554
STRG.1044	STRG.1044_ORF_4	818	+	2	320	415	96	0.9409	-0.088137417	0.669983154
STRG.1055	STRG.1055_ORF_1	361	+	2	89	223	135	0.837	-0.065361856	0.764090081
STRG.1064	STRG.1064_ORF_1	435	+	1	172	435	264	0.5666	0.037107854	0.939633053
STRG.1064	STRG.1064_ORF_2	435	+	2	260	337	78	0.8573	-0.174287809	0.424897976
STRG.1068	STRG.1068_ORF_1	1191	+	1	337	714	378	0.9632	0.206032459	0.990524966
STRG.1068	STRG.1068_ORF_2	1191	+	2	677	955	279	1.1365	0.093454656	0.953278062
STRG.1068	STRG.1068_ORF_3	1191	+	2	380	484	105	0.7852	-0.226333156	0.259572476
STRG.1068	STRG.1068_ORF_4	1191	+	2	242	325	84	0.8222	0.022568765	0.894194617
STRG.1071	STRG.1071_ORF_1	922	+	1	202	390	189	0.8924	-0.076390614	0.719298007
STRG.1071	STRG.1071_ORF_2	922	+	1	562	747	186	0.5668	-0.209387879	0.356455927
STRG.1071	STRG.1071_ORF_3	922	+	3	66	224	159	1.1562	0.237323596	0.992013264
STRG.1071	STRG.1071_ORF_4	922	+	3	570	683	114	0.6385	-0.071720666	0.748997954
STRG.1071	STRG.1071_ORF_5	922	+	3	807	890	84	1.1004	-0.050407259	0.745515155
STRG.1074	STRG.1074_ORF_1	955	+	1	238	429	192	0.7127	-0.039626418	0.82032821
STRG.1074	STRG.1074_ORF_2	955	+	1	751	870	120	0.9524	0.070793384	0.939994048
STRG.1074	STRG.1074_ORF_3	955	+	3	723	803	81	0.7266	-0.025501014	0.833193251
STRG.1075	STRG.1075_ORF_1	367	+	1	124	288	165	0.571	-0.071589604	0.781208367
STRG.1075	STRG.1075_ORF_2	367	+	1	13	117	105	0.8779	-0.121615473	0.598551967
STRG.1097	STRG.1097_ORF_1	275	+	2	128	259	132	0.75	0.04864569	0.937872974
STRG.1098	STRG.1098_ORF_1	474	+	2	143	403	261	0.5658	0.017532889	0.922941354
STRG.1098	STRG.1098_ORF_2	474	+	2	11	133	123	0.774	0.168869212	0.985419045
STRG.1098	STRG.1098_ORF_3	474	+	3	204	293	90	0.9775	-0.173761415	0.409920321
STRG.1098	STRG.1098_ORF_4	474	+	1	139	219	81	0.7954	-0.083521306	0.711629164
STRG.1098	STRG.1098_ORF_5	474	+	3	69	146	78	0.8621	-0.057167822	0.769023165
STRG.1103	STRG.1103_ORF_1	433	+	3	141	257	117	0.8129	-0.11130973	0.638373995
STRG.1133	STRG.1133_ORF_1	690	+	1	181	297	117	0.6756	0.05947071	0.943351676
STRG.1133	STRG.1133_ORF_2	690	+	2	314	430	117	0.6243	-0.080656461	0.736867726
STRG.1133	STRG.1133_ORF_3	690	+	2	452	547	96	0.8162	-0.153013756	0.491215183
STRG.1134	STRG.1134_ORF_1	375	+	3	6	374	369	1.3421	-0.220958808	0.277197061
STRG.1134	STRG.1134_ORF_2	375	+	1	283	375	93	1.3316	-0.016076737	0.815751264
STRG.1138	STRG.1138_ORF_1	1131	+	2	434	715	282	0.8486	-0.147207165	0.521020904
STRG.1138	STRG.1138_ORF_2	1131	+	1	364	504	141	0.8165	-0.056008233	0.764097897
STRG.1138	STRG.1138_ORF_3	1131	+	2	950	1069	120	0.6525	-0.127927209	0.580564051
STRG.1138	STRG.1138_ORF_4	1131	+	3	462	557	96	1.018	0.095910972	0.952033595
STRG.1138	STRG.1138_ORF_5	1131	+	3	771	851	81	0.4845	-0.159459511	0.496507192
STRG.1157	STRG.1157_ORF_1	334	+	1	91	219	129	0.5106	-0.096201663	0.724757433
STRG.1187	STRG.1187_ORF_1	1900	+	3	1227	1424	198	0.6425	-0.261020217	0.187116145
STRG.1187	STRG.1187_ORF_2	1900	+	2	101	208	108	1.07	-0.135716691	0.45822768
STRG.1187	STRG.1187_ORF_3	1900	+	3	255	362	108	0.7648	-0.137005437	0.498775593
STRG.1187	STRG.1187_ORF_4	1900	+	1	1687	1785	99	0.7172	-0.207986576	0.288606899
STRG.1187	STRG.1187_ORF_5	1900	+	2	1613	1708	96	0.638	-0.110562255	0.59929697
STRG.1189	STRG.1189_ORF_1	470	+	2	224	373	150	0.7789	-0.07052697	0.756669679
STRG.1189	STRG.1189_ORF_2	470	+	1	370	468	99	1.2601	0.127153751	0.966770656
STRG.1195	STRG.1195_ORF_1	1283	+	3	18	227	210	0.64	0.000960487	0.885087126
STRG.1195	STRG.1195_ORF_2	1283	+	3	732	932	201	0.9349	-0.061425036	0.741598982
STRG.1195	STRG.1195_ORF_3	1283	+	1	595	786	192	0.6899	-0.028218202	0.834926296
STRG.1195	STRG.1195_ORF_4	1283	+	1	1099	1281	183	0.6761	-0.131202103	0.571944193
STRG.1195	STRG.1195_ORF_5	1283	+	3	1143	1244	102	0.6781	-0.353474303	0.066053073
STRG.1203	STRG.1203_ORF_1	432	+	1	172	348	177	0.5669	-0.110278718	0.683978947
STRG.1204	STRG.1204_ORF_1	409	+	2	158	268	111	0.8349	-0.089574313	0.697687944
STRG.1204	STRG.1204_ORF_2	409	+	1	199	282	84	0.7991	-0.012212077	0.862668825
STRG.1216	STRG.1216_ORF_1	2015	+	3	453	743	291	1.1519	-0.147036747	0.439572729
STRG.1216	STRG.1216_ORF_2	2015	+	3	906	1139	234	0.7409	-0.07494621	0.708413434
STRG.1216	STRG.1216_ORF_3	2015	+	1	208	438	231	0.7091	-0.022463228	0.829643024
STRG.1216	STRG.1216_ORF_4	2015	+	2	125	331	207	0.5857	-0.176382964	0.412377277
STRG.1216	STRG.1216_ORF_5	2015	+	3	1614	1742	129	0.7922	-0.215015768	0.262154153
STRG.1228	STRG.1228_ORF_1	1091	+	1	526	609	84	0.7879	0.025874413	0.901597797
STRG.1228	STRG.1228_ORF_2	1091	+	3	804	887	84	1.0403	-0.189202746	0.328320207
STRG.1232	STRG.1232_ORF_1	973	+	3	603	779	177	0.8796	-0.00083272	0.870770582
STRG.1232	STRG.1232_ORF_2	973	+	2	98	205	108	0.9709	0.002084064	0.862857714
STRG.1244	STRG.1244_ORF_1	2726	+	1	1129	1308	180	0.5202	-0.133441179	0.523043808
STRG.1244	STRG.1244_ORF_2	2726	+	3	2550	2660	111	0.5163	-0.146983352	0.466712289
STRG.1244	STRG.1244_ORF_3	2726	+	3	1671	1778	108	0.7859	-0.029169558	0.773867945
STRG.1244	STRG.1244_ORF_4	2726	+	3	1206	1304	99	0.9943	-0.151771254	0.381024564
STRG.1244	STRG.1244_ORF_5	2726	+	3	1305	1400	96	0.9782	0.075208534	0.921189037
STRG.1245	STRG.1245_ORF_1	1621	+	3	327	443	117	1.0236	-0.280047545	0.124461339
STRG.1245	STRG.1245_ORF_2	1621	+	3	1176	1292	117	0.7651	-0.211240697	0.287245682
STRG.1245	STRG.1245_ORF_3	1621	+	1	676	765	90	0.7399	0.028636916	0.899249323
STRG.1245	STRG.1245_ORF_4	1621	+	3	468	554	87	0.8997	0.135535917	0.969991788
STRG.1264	STRG.1264_ORF_1	693	+	3	96	197	102	1.0071	-0.104967795	0.617368469
STRG.1264	STRG.1264_ORF_2	693	+	2	554	652	99	0.7914	-0.392742852	0.042272708
STRG.1264	STRG.1264_ORF_3	693	+	2	179	262	84	0.6946	-0.109247056	0.644014599
STRG.1273	STRG.1273_ORF_1	2410	+	1	163	438	276	1.0811	0.10493354	0.951506987
STRG.1273	STRG.1273_ORF_2	2410	+	2	665	916	252	0.5439	-0.024548412	0.83182213
STRG.1273	STRG.1273_ORF_3	2410	+	1	1120	1359	240	0.5612	-0.275235844	0.159212192
STRG.1273	STRG.1273_ORF_4	2410	+	3	1131	1268	138	0.5333	-0.251340382	0.195223549
STRG.1273	STRG.1273_ORF_5	2410	+	3	795	923	129	0.5143	-0.026532615	0.817039531
STRG.1301	STRG.1301_ORF_1	2421	+	2	1565	1723	159	0.563	-0.075115246	0.702700416
STRG.1301	STRG.1301_ORF_2	2421	+	3	2022	2162	141	0.7773	-0.121221238	0.530977053
STRG.1301	STRG.1301_ORF_3	2421	+	3	1638	1730	93	0.5165	-0.228932289	0.239949893
STRG.1301	STRG.1301_ORF_4	2421	+	2	443	526	84	1.053	-0.040379204	0.724032909
STRG.1301	STRG.1301_ORF_5	2421	+	3	1395	1478	84	0.6855	-0.288397984	0.1162483
STRG.1316	STRG.1316_ORF_1	490	+	1	13	489	477	0.6884	-0.008990395	0.902899148
STRG.1327	STRG.1327_ORF_1	251	+	1	172	249	78	1.1828	-0.0479465	0.763794684
STRG.1335	STRG.1335_ORF_1	1521	+	3	159	929	771	0.9944	0.210051628	0.992784483
STRG.1335	STRG.1335_ORF_2	1521	+	1	325	591	267	1.1846	-0.169380403	0.381961943
STRG.1335	STRG.1335_ORF_3	1521	+	3	1299	1436	138	0.6268	0.002681287	0.878044139
STRG.1335	STRG.1335_ORF_4	1521	+	1	622	744	123	1.1204	0.014061218	0.860555302
STRG.1335	STRG.1335_ORF_5	1521	+	2	1205	1297	93	0.8325	-0.013857589	0.832701037
STRG.1398	STRG.1398_ORF_1	1760	+	3	417	740	324	0.5717	0.000846205	0.889134867
STRG.1398	STRG.1398_ORF_2	1760	+	1	1300	1524	225	0.7003	-0.09763183	0.658525098
STRG.1398	STRG.1398_ORF_3	1760	+	3	1584	1760	177	0.5947	-0.071536018	0.734921192
STRG.1398	STRG.1398_ORF_4	1760	+	2	1322	1465	144	0.7643	-0.248642724	0.198378201
STRG.1398	STRG.1398_ORF_5	1760	+	2	1568	1687	120	0.6786	-0.153323899	0.467242273
STRG.1399	STRG.1399_ORF_1	610	+	3	252	329	78	1.1103	-0.113009867	0.576944682
STRG.1411	STRG.1411_ORF_1	1214	+	3	666	938	273	0.6164	-0.110173014	0.663282516
STRG.1411	STRG.1411_ORF_2	1214	+	2	818	934	117	0.9222	0.07165231	0.938871966
STRG.1411	STRG.1411_ORF_3	1214	+	2	593	697	105	0.6872	-0.210760665	0.311467664
STRG.1411	STRG.1411_ORF_4	1214	+	2	1133	1213	81	1.0348	0.002758936	0.85154313
STRG.1411	STRG.1411_ORF_5	1214	+	3	1137	1214	78	1.1653	-0.022736106	0.792155058
STRG.1439	STRG.1439_ORF_1	281	+	3	15	260	246	0.575	0.002361376	0.909236241
STRG.1439	STRG.1439_ORF_2	281	+	1	67	174	108	1.0719	-0.014191891	0.844616727
STRG.1441	STRG.1441_ORF_1	883	+	3	426	602	177	0.9256	-0.070154096	0.731054436
STRG.1441	STRG.1441_ORF_2	883	+	1	37	174	138	0.7924	-0.059086432	0.76703321
STRG.1441	STRG.1441_ORF_3	883	+	3	654	782	129	1.19	-0.136922655	0.486053243
STRG.1441	STRG.1441_ORF_4	883	+	1	712	798	87	1.1078	0.106622047	0.957359779
STRG.1441	STRG.1441_ORF_5	883	+	2	416	502	87	1.2135	0.337160576	0.997605041
STRG.1470	STRG.1470_ORF_1	507	+	3	180	356	177	0.5158	-0.064537111	0.799076277
STRG.1481	STRG.1481_ORF_1	290	+	1	61	210	150	0.7557	-0.054466017	0.800287701
STRG.1487	STRG.1487_ORF_1	1100	+	1	703	909	207	0.6666	-0.042339801	0.816989587
STRG.1487	STRG.1487_ORF_2	1100	+	1	328	507	180	0.472	-0.186500773	0.431587789
STRG.1487	STRG.1487_ORF_3	1100	+	3	243	383	141	0.5587	-0.091489711	0.705406431
STRG.1487	STRG.1487_ORF_4	1100	+	3	996	1100	105	0.9554	-0.077547027	0.688494196
STRG.1501	STRG.1501_ORF_1	377	+	3	198	278	81	0.5919	-0.142949557	0.567409004
STRG.1510	STRG.1510_ORF_1	864	+	2	434	568	135	0.6987	-0.075118545	0.738917637
STRG.1510	STRG.1510_ORF_2	864	+	1	430	546	117	0.6929	-0.041737444	0.81182296
STRG.1512	STRG.1512_ORF_1	741	+	1	187	411	225	0.9265	-0.174184338	0.42935818
STRG.1512	STRG.1512_ORF_2	741	+	3	273	440	168	0.7551	-0.160991826	0.485846804
STRG.1512	STRG.1512_ORF_3	741	+	1	433	579	147	0.7343	0.121222996	0.973164673
STRG.1514	STRG.1514_ORF_1	306	+	2	65	256	192	0.7759	-0.116375443	0.646674015
STRG.1514	STRG.1514_ORF_2	306	+	3	54	146	93	0.6858	0.045039144	0.935243262
STRG.1514	STRG.1514_ORF_3	306	+	3	150	233	84	1.1469	0.213737242	0.989799657
STRG.1516	STRG.1516_ORF_1	2096	+	2	1490	1630	141	0.5008	-0.223402756	0.273392904
STRG.1516	STRG.1516_ORF_2	2096	+	2	287	409	123	0.6782	0.122265081	0.966972082
STRG.1516	STRG.1516_ORF_3	2096	+	2	728	829	102	0.4	-0.216317675	0.29809689
STRG.1516	STRG.1516_ORF_4	2096	+	2	935	1033	99	0.6252	-0.245472004	0.202921784
STRG.1516	STRG.1516_ORF_5	2096	+	2	1868	1966	99	0.5184	0.138922632	0.975104724
STRG.1529	STRG.1529_ORF_1	447	+	3	39	323	285	1.0384	-0.048838437	0.797357594
STRG.1529	STRG.1529_ORF_2	447	+	1	307	447	141	1.304	-0.06527433	0.709157033
STRG.1530	STRG.1530_ORF_1	688	+	3	21	686	666	0.9239	0.061767722	0.957543829
STRG.1530	STRG.1530_ORF_2	688	+	1	493	687	195	1.2022	-0.105272058	0.606292166
STRG.1530	STRG.1530_ORF_3	688	+	1	40	165	126	1.0413	-0.168255308	0.415496433
STRG.1540	STRG.1540_ORF_1	675	+	2	233	448	216	0.6434	0.068110424	0.953536992
STRG.1540	STRG.1540_ORF_2	675	+	1	187	354	168	1.1039	0.052653668	0.92514744
STRG.1540	STRG.1540_ORF_3	675	+	3	501	635	135	0.7255	-0.133399886	0.575503834
STRG.1540	STRG.1540_ORF_4	675	+	1	358	435	78	0.5892	0.040588602	0.930340845
STRG.1550	STRG.1550_ORF_1	496	+	2	26	190	165	1.0868	-0.296237696	0.123493016
STRG.1550	STRG.1550_ORF_2	496	+	1	355	495	141	0.8395	0.044847228	0.929569908
STRG.1550	STRG.1550_ORF_3	496	+	1	85	204	120	1.0074	0.058691224	0.93367549
STRG.1550	STRG.1550_ORF_4	496	+	3	201	305	105	0.775	0.120592624	0.972628306
STRG.1560	STRG.1560_ORF_1	270	+	2	89	178	90	1.0559	-0.19644145	0.339096876
STRG.1566	STRG.1566_ORF_1	410	+	2	185	373	189	0.6653	-0.040053451	0.836987926
STRG.1566	STRG.1566_ORF_2	410	+	3	60	188	129	1.2831	0.082594625	0.943435081
STRG.1569	STRG.1569_ORF_1	855	+	2	590	727	138	0.5249	-0.140274391	0.575260381
STRG.1569	STRG.1569_ORF_2	855	+	2	218	340	123	0.6612	-0.026575226	0.843284695
STRG.1569	STRG.1569_ORF_3	855	+	3	276	395	120	0.983	-0.013711035	0.839971254
STRG.1569	STRG.1569_ORF_4	855	+	1	316	423	108	1.2521	-0.090062095	0.623158538
STRG.1569	STRG.1569_ORF_5	855	+	1	517	603	87	0.6104	-0.207961925	0.340394024
STRG.1575	STRG.1575_ORF_1	558	+	2	320	463	144	0.4859	0.006010758	0.906914675
STRG.1575	STRG.1575_ORF_2	558	+	1	223	312	90	0.6264	0.009353479	0.899893104
STRG.1588	STRG.1588_ORF_1	1229	+	1	652	786	135	0.6114	-0.087356714	0.70434303
STRG.1588	STRG.1588_ORF_2	1229	+	3	300	386	87	0.98	-0.155874371	0.432527787
STRG.1589	STRG.1589_ORF_1	269	+	1	133	261	129	1.3	0.076888232	0.940227679
STRG.1595	STRG.1595_ORF_1	1961	+	3	1656	1940	285	0.5536	-0.072291063	0.746613594
STRG.1595	STRG.1595_ORF_2	1961	+	1	1189	1404	216	0.7921	-0.034637199	0.798193772
STRG.1595	STRG.1595_ORF_3	1961	+	3	549	728	180	0.5899	-0.041142053	0.799338177
STRG.1595	STRG.1595_ORF_4	1961	+	2	1544	1714	171	0.8062	-0.197030465	0.31677728
STRG.1595	STRG.1595_ORF_5	1961	+	1	796	936	141	0.9934	-0.28338144	0.11725603
STRG.1598	STRG.1598_ORF_1	1257	+	3	270	461	192	0.4621	-0.030252102	0.849805793
STRG.1598	STRG.1598_ORF_2	1257	+	1	613	744	132	0.4162	-0.105909042	0.675987362
STRG.1598	STRG.1598_ORF_3	1257	+	2	1151	1237	87	0.6615	-0.289100644	0.140257415
STRG.1598	STRG.1598_ORF_4	1257	+	1	1177	1257	81	0.7007	-0.217723943	0.285510275
STRG.1603	STRG.1603_ORF_1	625	+	1	235	501	267	0.8951	-0.052781532	0.79534701
STRG.1603	STRG.1603_ORF_2	625	+	3	456	572	117	0.6354	-0.048299416	0.810533487
STRG.1618	STRG.1618_ORF_1	3414	+	2	74	925	852	0.9005	0.14806686	0.980179945
STRG.1618	STRG.1618_ORF_2	3414	+	1	2851	3267	417	0.4932	-0.140065014	0.520082826
STRG.1618	STRG.1618_ORF_3	3414	+	1	643	825	183	0.7125	-0.206421389	0.252453698
STRG.1618	STRG.1618_ORF_4	3414	+	2	2399	2578	180	0.7559	-0.002231397	0.821778987
STRG.1618	STRG.1618_ORF_5	3414	+	1	1957	2106	150	0.6301	-0.032005942	0.767493629
STRG.1651	STRG.1651_ORF_1	390	+	3	249	389	141	0.8439	-0.008754591	0.870226393
STRG.1651	STRG.1651_ORF_2	390	+	2	98	190	93	0.5425	-0.052797889	0.813591142
STRG.1658	STRG.1658_ORF_1	3124	+	2	644	886	243	0.9255	0.142086598	0.967576881
STRG.1658	STRG.1658_ORF_2	3124	+	1	2341	2568	228	0.7163	-0.070123077	0.681742223
STRG.1658	STRG.1658_ORF_3	3124	+	1	1864	2070	207	0.8896	-0.176974437	0.32334059
STRG.1658	STRG.1658_ORF_4	3124	+	1	229	432	204	0.9355	-0.158089395	0.37206283
STRG.1658	STRG.1658_ORF_5	3124	+	1	523	711	189	0.9033	6.94E-05	0.822054876
STRG.1663	STRG.1663_ORF_1	2209	+	3	1110	1289	180	0.7832	-0.157291913	0.430840138
STRG.1663	STRG.1663_ORF_2	2209	+	1	154	315	162	0.5972	-0.069807633	0.720903139
STRG.1663	STRG.1663_ORF_3	2209	+	2	359	481	123	0.777	0.000379937	0.84834169
STRG.1663	STRG.1663_ORF_4	2209	+	3	852	947	96	0.8288	-0.160676065	0.398165984
STRG.1663	STRG.1663_ORF_5	2209	+	3	2118	2207	90	0.7541	0.083036181	0.941547676
STRG.1670	STRG.1670_ORF_1	2023	+	3	1833	2009	177	0.6563	0.077019949	0.945759815
STRG.1670	STRG.1670_ORF_2	2023	+	3	1419	1553	135	0.8355	-0.000803832	0.847402991
STRG.1670	STRG.1670_ORF_3	2023	+	3	1077	1193	117	0.8418	-0.081691173	0.657105186
STRG.1670	STRG.1670_ORF_4	2023	+	2	782	892	111	0.8734	-0.16582839	0.386681937
STRG.1670	STRG.1670_ORF_5	2023	+	1	1177	1284	108	0.582	-0.020017956	0.831187187
STRG.1671	STRG.1671_ORF_1	706	+	1	310	435	126	0.4938	0.047252599	0.940771026
STRG.1678	STRG.1678_ORF_1	771	+	2	80	268	189	0.5904	0.025224901	0.921292244
STRG.1678	STRG.1678_ORF_2	771	+	3	12	137	126	0.9359	0.026113672	0.902076921
STRG.1678	STRG.1678_ORF_3	771	+	1	523	645	123	0.8004	-0.162820304	0.463414778
STRG.1678	STRG.1678_ORF_4	771	+	3	453	563	111	0.9996	0.017030329	0.886364676
STRG.1678	STRG.1678_ORF_5	771	+	3	609	698	90	0.4285	-0.161862871	0.514751903
STRG.1722	STRG.1722_ORF_1	575	+	1	451	573	123	0.877	0.009738974	0.888547623
STRG.1723	STRG.1723_ORF_1	575	+	1	451	573	123	0.877	0.009738974	0.888547623
STRG.1724	STRG.1724_ORF_1	1533	+	1	451	597	147	0.8844	-0.01986654	0.822845019
STRG.1724	STRG.1724_ORF_2	1533	+	3	930	1076	147	0.8844	-0.01986654	0.822845019
STRG.1724	STRG.1724_ORF_3	1533	+	2	1409	1531	123	0.877	0.009738974	0.870434141
STRG.1725	STRG.1725_ORF_1	575	+	1	451	573	123	0.877	0.009738974	0.888547623
STRG.1734	STRG.1734_ORF_1	828	+	1	163	348	186	0.7919	0.032945554	0.91901962
STRG.1734	STRG.1734_ORF_2	828	+	3	468	617	150	0.9231	0.06783651	0.941363815
STRG.1734	STRG.1734_ORF_3	828	+	1	553	663	111	0.5861	0.004817219	0.893671096
STRG.1734	STRG.1734_ORF_4	828	+	2	71	163	93	0.9704	-0.274350517	0.151548548
STRG.1755	STRG.1755_ORF_1	1335	+	3	405	584	180	1.0764	0.109759866	0.95932606
STRG.1755	STRG.1755_ORF_2	1335	+	2	242	397	156	1.1074	0.049070194	0.912049219
STRG.1755	STRG.1755_ORF_3	1335	+	1	1141	1263	123	0.8153	-0.134210691	0.528472163
STRG.1755	STRG.1755_ORF_4	1335	+	1	760	858	99	0.3725	-0.245341844	0.253119737
STRG.1755	STRG.1755_ORF_5	1335	+	3	912	1010	99	0.6063	0.016063004	0.896847363
STRG.1759	STRG.1759_ORF_1	781	+	1	79	216	138	0.8608	-0.136941935	0.540510461
STRG.1759	STRG.1759_ORF_2	781	+	2	182	292	111	0.8668	-0.036089793	0.808931342
STRG.1776	STRG.1776_ORF_1	369	+	1	64	219	156	0.6087	0.047558001	0.941853021
STRG.1819	STRG.1819_ORF_1	1301	+	2	557	649	93	0.6802	-0.281170939	0.151250687
STRG.1819	STRG.1819_ORF_2	1301	+	3	1119	1211	93	1.0377	-0.21554282	0.252427598
STRG.1831	STRG.1831_ORF_1	594	+	1	277	594	318	1.072	0.14528663	0.979379336
STRG.1841	STRG.1841_ORF_1	4058	+	2	3644	4009	366	0.6618	-0.066630317	0.685126541
STRG.1841	STRG.1841_ORF_2	4058	+	3	2712	2978	267	0.8335	0.033362368	0.869291955
STRG.1841	STRG.1841_ORF_3	4058	+	3	1620	1838	219	0.9534	-0.083304254	0.569111046
STRG.1841	STRG.1841_ORF_4	4058	+	3	648	854	207	0.7099	0.019001735	0.85014129
STRG.1841	STRG.1841_ORF_5	4058	+	1	1951	2151	201	0.9023	0.084877449	0.922042033
STRG.1858	STRG.1858_ORF_1	1557	+	2	1154	1555	402	0.8275	-0.084457726	0.715826618
STRG.1858	STRG.1858_ORF_2	1557	+	1	964	1182	219	0.669	-0.1484284	0.512398511
STRG.1858	STRG.1858_ORF_3	1557	+	3	636	812	177	0.7299	-0.252150417	0.20421203
STRG.1858	STRG.1858_ORF_4	1557	+	2	560	712	153	0.7909	-0.033504706	0.804474889
STRG.1858	STRG.1858_ORF_5	1557	+	3	1440	1556	117	0.9022	-0.170490918	0.389201759
STRG.1877	STRG.1877_ORF_1	653	+	2	413	529	117	0.999	0.147022406	0.977290063
STRG.1877	STRG.1877_ORF_2	653	+	2	56	148	93	0.7262	0.013235058	0.897794421
STRG.1877	STRG.1877_ORF_3	653	+	1	46	126	81	0.6442	-0.119799472	0.620286575
STRG.1886	STRG.1886_ORF_1	554	+	3	339	506	168	0.9596	-0.104038055	0.64417719
STRG.1886	STRG.1886_ORF_2	554	+	2	179	259	81	0.6916	-0.111301031	0.643495411
STRG.1886	STRG.1886_ORF_3	554	+	3	102	182	81	0.745	-0.052010281	0.79022854
STRG.1888	STRG.1888_ORF_1	814	+	1	130	240	111	0.4453	-0.232710454	0.297523863
STRG.1902	STRG.1902_ORF_1	823	+	3	114	527	414	0.5693	-0.140359819	0.620711177
STRG.1902	STRG.1902_ORF_2	823	+	2	173	457	285	0.607	-0.150331499	0.560437881
STRG.1902	STRG.1902_ORF_3	823	+	1	586	801	216	0.5496	-0.209313469	0.368391465
STRG.1902	STRG.1902_ORF_4	823	+	3	540	644	105	1.0781	-0.060523436	0.729240091
STRG.1902	STRG.1902_ORF_5	823	+	1	436	537	102	0.6476	-0.065421119	0.764581497
STRG.1913	STRG.1913_ORF_1	8355	+	3	4359	4661	303	0.4589	-0.08670318	0.455360747
STRG.1913	STRG.1913_ORF_2	8355	+	1	7531	7791	261	0.637	-0.056278938	0.519471918
STRG.1913	STRG.1913_ORF_3	8355	+	3	7266	7466	201	0.6612	-0.119105722	0.311109693
STRG.1913	STRG.1913_ORF_4	8355	+	2	7745	7921	177	0.9373	-0.260737916	0.056901514
STRG.1913	STRG.1913_ORF_5	8355	+	2	5117	5290	174	0.5807	-0.084631659	0.420129132
STRG.1930	STRG.1930_ORF_1	2218	+	1	1783	1941	159	0.631	-0.005972226	0.852090688
STRG.1930	STRG.1930_ORF_2	2218	+	2	1292	1423	132	0.6945	-0.275533569	0.14253668
STRG.1930	STRG.1930_ORF_3	2218	+	3	1824	1934	111	0.8958	-0.257255583	0.155491801
STRG.1930	STRG.1930_ORF_4	2218	+	2	110	217	108	0.8183	-0.062687401	0.704407858
STRG.1930	STRG.1930_ORF_5	2218	+	3	396	494	99	0.844	5.59E-05	0.839993618
STRG.1935	STRG.1935_ORF_1	1581	+	1	853	1308	456	0.7703	-0.012939481	0.872102737
STRG.1935	STRG.1935_ORF_2	1581	+	3	1317	1580	264	1.0456	0.055011053	0.923477422
STRG.1935	STRG.1935_ORF_3	1581	+	2	356	538	183	0.9064	-0.007236146	0.846204363
STRG.1935	STRG.1935_ORF_4	1581	+	3	726	851	126	0.6577	-0.135167002	0.538060083
STRG.1935	STRG.1935_ORF_5	1581	+	1	1336	1452	117	0.5833	-0.0910925	0.681266026
STRG.1943	STRG.1943_ORF_1	395	+	1	310	393	84	1.0793	0.007911802	0.873903924
STRG.1950	STRG.1950_ORF_1	283	+	1	28	171	144	0.7504	-0.135585269	0.583792526
STRG.1950	STRG.1950_ORF_2	283	+	3	168	245	78	0.9852	-0.034986817	0.810245937
STRG.1962	STRG.1962_ORF_1	913	+	1	307	867	561	1.0367	-0.204049188	0.375232958
STRG.1962	STRG.1962_ORF_2	913	+	3	39	323	285	1.0384	-0.048838437	0.783569342
STRG.1962	STRG.1962_ORF_3	913	+	3	462	638	177	1.304	-0.087901704	0.632452347
STRG.1993	STRG.1993_ORF_1	560	+	2	17	277	261	0.6437	0.012400912	0.913368861
STRG.1993	STRG.1993_ORF_2	560	+	2	305	511	207	0.8438	-0.090784454	0.703021486
STRG.1993	STRG.1993_ORF_3	560	+	1	103	225	123	1.1043	-0.123318419	0.555688463
STRG.1993	STRG.1993_ORF_4	560	+	3	372	476	105	1.1161	-0.093448704	0.643241956
STRG.1995	STRG.1995_ORF_1	2082	+	3	1524	1841	318	0.6761	-0.0956661	0.670363034
STRG.1995	STRG.1995_ORF_2	2082	+	3	624	851	228	0.5237	-0.266613244	0.185266375
STRG.1995	STRG.1995_ORF_3	2082	+	1	610	816	207	0.4115	-0.246416215	0.236874885
STRG.1995	STRG.1995_ORF_4	2082	+	2	1694	1822	129	0.9714	-0.222177213	0.223622412
STRG.1995	STRG.1995_ORF_5	2082	+	1	457	549	93	1.0445	-0.004949823	0.816884062
STRG.2029	STRG.2029_ORF_1	379	+	1	169	324	156	0.7769	0.042470072	0.932040907
STRG.2029	STRG.2029_ORF_2	379	+	3	234	377	144	0.6693	0.013574435	0.908765863
STRG.2053	STRG.2053_ORF_1	652	+	1	319	489	171	0.5639	-0.075493866	0.764953501
STRG.2053	STRG.2053_ORF_2	652	+	3	462	554	93	0.4172	-0.00178608	0.896625383
STRG.2053	STRG.2053_ORF_3	652	+	2	398	478	81	0.573	-0.137604003	0.575031108
STRG.2057	STRG.2057_ORF_1	1149	+	3	570	884	315	0.6832	0.003904025	0.896443641
STRG.2057	STRG.2057_ORF_2	1149	+	1	748	894	147	0.9032	-0.042804415	0.785253866
STRG.2059	STRG.2059_ORF_1	424	+	2	257	397	141	0.7623	-0.126347971	0.604296116
STRG.2061	STRG.2061_ORF_1	1013	+	2	380	502	123	0.5639	-0.116824735	0.632776449
STRG.2061	STRG.2061_ORF_2	1013	+	2	518	631	114	0.7417	-0.157551279	0.476499877
STRG.2061	STRG.2061_ORF_3	1013	+	2	818	901	84	0.8951	-0.145486011	0.487260601
STRG.2061	STRG.2061_ORF_4	1013	+	3	564	647	84	0.7233	0.071025061	0.945377655
STRG.2070	STRG.2070_ORF_1	868	+	1	577	669	93	1.0393	0.133115293	0.970734462
STRG.2070	STRG.2070_ORF_2	868	+	3	420	503	84	0.5983	-0.220067191	0.306685231
STRG.2081	STRG.2081_ORF_1	2735	+	1	2536	2679	144	0.6935	-0.111941129	0.559598289
STRG.2081	STRG.2081_ORF_2	2735	+	3	744	875	132	0.5226	-0.124598827	0.541649107
STRG.2081	STRG.2081_ORF_3	2735	+	3	2478	2606	129	0.756	-0.094071955	0.604096399
STRG.2081	STRG.2081_ORF_4	2735	+	2	2429	2542	114	0.4323	-0.218072337	0.268337425
STRG.2081	STRG.2081_ORF_5	2735	+	2	1982	2089	108	0.5135	-0.227728809	0.235001674
STRG.2094	STRG.2094_ORF_1	937	+	3	732	842	111	0.6723	0.090668938	0.959667843
STRG.2094	STRG.2094_ORF_2	937	+	3	855	935	81	1.2584	0.295736974	0.995745246
STRG.2101	STRG.2101_ORF_1	1125	+	2	179	385	207	1.1789	-0.010301703	0.832747961
STRG.2101	STRG.2101_ORF_2	1125	+	2	746	856	111	0.7578	-0.027866175	0.825206338
STRG.2101	STRG.2101_ORF_3	1125	+	2	461	556	96	1.147	-0.089969975	0.624452445
STRG.2101	STRG.2101_ORF_4	1125	+	1	1036	1125	90	0.6625	0.027709266	0.909784077
STRG.2118	STRG.2118_ORF_1	286	+	2	23	166	144	1.0232	-0.024069823	0.834847377
STRG.2119	STRG.2119_ORF_1	1608	+	1	130	318	189	0.901	0.044256438	0.914844161
STRG.2119	STRG.2119_ORF_2	1608	+	1	856	1029	174	0.5262	-0.122406368	0.605081325
STRG.2119	STRG.2119_ORF_3	1608	+	3	1098	1250	153	0.5367	-0.095818331	0.678847336
STRG.2119	STRG.2119_ORF_4	1608	+	3	630	773	144	0.4384	-0.006709149	0.875689954
STRG.2119	STRG.2119_ORF_5	1608	+	1	649	786	138	0.6894	-0.190946393	0.358146588
STRG.2120	STRG.2120_ORF_1	1576	+	3	825	1109	285	0.6544	-0.04534585	0.80827505
STRG.2120	STRG.2120_ORF_2	1576	+	3	1125	1364	240	0.7243	-0.00617629	0.866482306
STRG.2120	STRG.2120_ORF_3	1576	+	3	612	767	156	0.637	-0.055706692	0.771453987
STRG.2120	STRG.2120_ORF_4	1576	+	1	919	1011	93	0.6099	-0.094000212	0.665727962
STRG.2120	STRG.2120_ORF_5	1576	+	2	131	211	81	0.5104	-0.292382215	0.138423411
STRG.2136	STRG.2136_ORF_1	346	+	3	180	278	99	0.7153	-0.282203726	0.170290364
STRG.2149	STRG.2149_ORF_1	1270	+	2	1022	1162	141	0.9925	-0.151438732	0.453236043
STRG.2149	STRG.2149_ORF_2	1270	+	2	794	907	114	0.6536	-0.115062021	0.61336371
STRG.2149	STRG.2149_ORF_3	1270	+	1	1009	1110	102	1.1276	0.042437441	0.901289223
STRG.2149	STRG.2149_ORF_4	1270	+	3	1059	1142	84	0.7894	-0.161000853	0.441385482
STRG.2153	STRG.2153_ORF_1	1452	+	2	230	403	174	0.8597	0.053971179	0.926942333
STRG.2153	STRG.2153_ORF_2	1452	+	1	664	828	165	0.8339	0.015904734	0.886595158
STRG.2153	STRG.2153_ORF_3	1452	+	3	381	533	153	0.6928	-0.192740372	0.361398726
STRG.2153	STRG.2153_ORF_4	1452	+	3	1341	1421	81	0.5254	-0.178017051	0.416915077
STRG.2158	STRG.2158_ORF_1	585	+	3	42	236	195	0.5107	-0.239661319	0.292677359
STRG.2158	STRG.2158_ORF_2	585	+	3	345	539	195	0.6564	0.147809661	0.982792987
STRG.2168	STRG.2168_ORF_1	1909	+	2	242	544	303	0.364	-0.067479714	0.781985208
STRG.2168	STRG.2168_ORF_2	1909	+	2	1643	1771	129	0.7734	-0.003491129	0.849651763
STRG.2168	STRG.2168_ORF_3	1909	+	1	994	1116	123	0.7007	-0.214464312	0.276965355
STRG.2168	STRG.2168_ORF_4	1909	+	1	457	540	84	0.6746	-0.289434723	0.125212569
STRG.2169	STRG.2169_ORF_1	913	+	1	442	579	138	0.7314	-0.162538147	0.470945243
STRG.2169	STRG.2169_ORF_2	913	+	1	796	912	117	0.9798	-0.075413234	0.700344868
STRG.2183	STRG.2183_ORF_1	976	+	3	666	806	141	0.4832	-0.079952636	0.748183074
STRG.2183	STRG.2183_ORF_2	976	+	1	610	687	78	0.9544	0.100564587	0.956877041
STRG.2188	STRG.2188_ORF_1	423	+	1	184	318	135	1.0698	-0.012408529	0.847164247
STRG.2188	STRG.2188_ORF_2	423	+	3	309	422	114	0.9342	0.046728337	0.926983619
STRG.2188	STRG.2188_ORF_3	423	+	3	24	122	99	0.8242	-0.023545988	0.843592477
STRG.2208	STRG.2208_ORF_1	510	+	2	56	226	171	0.7201	0.034698795	0.92685334
STRG.2208	STRG.2208_ORF_2	510	+	1	208	291	84	0.4654	-0.128310125	0.625629841
STRG.2209	STRG.2209_ORF_1	906	+	1	265	420	156	1.0445	-0.007163227	0.848768596
STRG.2209	STRG.2209_ORF_2	906	+	2	287	400	114	0.9891	-0.132209864	0.526876141
STRG.2213	STRG.2213_ORF_1	524	+	2	125	478	354	0.7748	-0.032105382	0.855707502
STRG.2213	STRG.2213_ORF_2	524	+	1	7	99	93	0.8098	-0.158152681	0.482382801
STRG.2215	STRG.2215_ORF_1	744	+	3	3	434	432	0.627	0.040601385	0.944159685
STRG.2215	STRG.2215_ORF_2	744	+	1	199	345	147	0.7517	0.080251212	0.954782019
STRG.2215	STRG.2215_ORF_3	744	+	3	516	647	132	0.7781	0.000230649	0.87950295
STRG.2215	STRG.2215_ORF_4	744	+	2	656	742	87	0.8543	0.101255111	0.961419836
STRG.2217	STRG.2217_ORF_1	305	+	2	179	274	96	0.7369	-0.078490236	0.739700041
STRG.2283	STRG.2283_ORF_1	244	+	3	84	236	153	0.5597	-0.161000127	0.533796092
STRG.2296	STRG.2296_ORF_1	1060	+	1	562	798	237	0.616	0.002497168	0.894348413
STRG.2296	STRG.2296_ORF_2	1060	+	1	22	138	117	0.807	-0.015853716	0.844846731
STRG.2296	STRG.2296_ORF_3	1060	+	1	388	486	99	1.0785	0.023678011	0.884218324
STRG.2296	STRG.2296_ORF_4	1060	+	2	155	238	84	0.7078	-0.048842988	0.78600358
STRG.2317	STRG.2317_ORF_1	293	+	3	21	143	123	0.7728	-0.238777369	0.26352942
STRG.2320	STRG.2320_ORF_1	578	+	3	117	290	174	0.5095	0.0961444	0.969175632
STRG.2320	STRG.2320_ORF_2	578	+	2	290	424	135	0.7587	-0.285826009	0.158437226
STRG.2320	STRG.2320_ORF_3	578	+	1	28	138	111	0.8966	0.183753767	0.986694383
STRG.2320	STRG.2320_ORF_4	578	+	1	151	249	99	0.4988	-0.160855738	0.518022953
STRG.2329	STRG.2329_ORF_1	406	+	2	32	223	192	0.7442	-0.103682635	0.683395245
STRG.2339	STRG.2339_ORF_1	293	+	1	163	291	129	0.6571	0.184140922	0.98919111
STRG.2346	STRG.2346_ORF_1	2983	+	3	2727	2951	225	0.5225	-0.136608752	0.509582512
STRG.2346	STRG.2346_ORF_2	2983	+	1	673	828	156	0.5604	-0.115369453	0.559268938
STRG.2346	STRG.2346_ORF_3	2983	+	1	1831	1980	150	0.7754	-0.137848017	0.454256163
STRG.2346	STRG.2346_ORF_4	2983	+	1	844	975	132	0.5472	-0.098056017	0.611026226
STRG.2346	STRG.2346_ORF_5	2983	+	3	1776	1895	120	0.6611	0.006134436	0.848589223
STRG.2372	STRG.2372_ORF_1	395	+	1	10	132	123	0.7629	0.11185545	0.970583648
STRG.2372	STRG.2372_ORF_2	395	+	1	256	342	87	1.0709	-0.180130066	0.379958902
STRG.2372	STRG.2372_ORF_3	395	+	2	311	394	84	0.9578	0.030104807	0.90841381
STRG.2393	STRG.2393_ORF_1	3167	+	3	2577	2753	177	0.5943	-0.156893992	0.416828644
STRG.2393	STRG.2393_ORF_2	3167	+	3	969	1124	156	0.9242	0.012510345	0.838368989
STRG.2393	STRG.2393_ORF_3	3167	+	3	495	647	153	0.67	-0.187322356	0.311681893
STRG.2393	STRG.2393_ORF_4	3167	+	3	249	371	123	0.6552	-0.112136586	0.541472549
STRG.2393	STRG.2393_ORF_5	3167	+	2	2894	2992	99	0.708	-0.132225068	0.464319947
STRG.2430	STRG.2430_ORF_1	1491	+	2	1175	1387	213	0.8245	-0.219865392	0.277126494
STRG.2430	STRG.2430_ORF_2	1491	+	2	131	271	141	0.4829	-0.11023942	0.646855646
STRG.2430	STRG.2430_ORF_3	1491	+	2	341	472	132	1.0224	-0.022102617	0.805622757
STRG.2430	STRG.2430_ORF_4	1491	+	1	91	198	108	0.7955	0.060479921	0.931196039
STRG.2443	STRG.2443_ORF_1	1518	+	3	711	896	186	0.8031	-0.085834005	0.681888098
STRG.2443	STRG.2443_ORF_2	1518	+	3	333	488	156	0.6352	-0.142297434	0.526887998
STRG.2443	STRG.2443_ORF_3	1518	+	1	25	174	150	0.6531	0.031204454	0.911920885
STRG.2443	STRG.2443_ORF_4	1518	+	3	168	314	147	0.9741	0.083347881	0.943806502
STRG.2443	STRG.2443_ORF_5	1518	+	2	575	694	120	0.7152	-0.076018866	0.709033674
STRG.2446	STRG.2446_ORF_1	316	+	2	113	244	132	0.7435	-0.05267309	0.802194889
STRG.2447	STRG.2447_ORF_1	1886	+	1	301	504	204	0.6442	-0.075568567	0.718409387
STRG.2447	STRG.2447_ORF_2	1886	+	2	1436	1600	165	0.4559	-0.085927053	0.707524811
STRG.2447	STRG.2447_ORF_3	1886	+	3	924	1085	162	0.6506	-0.196960157	0.338543718
STRG.2447	STRG.2447_ORF_4	1886	+	1	139	282	144	0.6977	0.011629359	0.879480735
STRG.2447	STRG.2447_ORF_5	1886	+	2	1220	1342	123	0.9082	-0.102154923	0.592841275
STRG.2454	STRG.2454_ORF_1	421	+	1	25	183	159	0.8504	0.045791962	0.931697684
STRG.2454	STRG.2454_ORF_2	421	+	2	278	421	144	0.6082	0.028026782	0.925119062
STRG.2454	STRG.2454_ORF_3	421	+	2	2	142	141	0.699	0.011395547	0.904064872
STRG.2497	STRG.2497_ORF_1	310	+	1	85	309	225	0.7139	0.063929678	0.952489005
STRG.2497	STRG.2497_ORF_2	310	+	2	95	250	156	0.5803	-0.032533299	0.855187744
STRG.2497	STRG.2497_ORF_3	310	+	3	39	182	144	0.6109	-0.026902699	0.86075781
STRG.2500	STRG.2500_ORF_1	948	+	2	149	325	177	0.5521	-0.058731228	0.795031119
STRG.2500	STRG.2500_ORF_2	948	+	2	416	571	156	0.4341	0.089550363	0.965352092
STRG.2500	STRG.2500_ORF_3	948	+	1	586	735	150	0.8914	0.050824961	0.927778746
STRG.2519	STRG.2519_ORF_1	317	+	1	139	312	174	0.5874	-0.121160804	0.654198481
STRG.2519	STRG.2519_ORF_2	317	+	3	27	188	162	1.1295	-0.079757477	0.699656508
STRG.2522	STRG.2522_ORF_1	650	+	1	130	264	135	0.6793	0.006304545	0.895053384
STRG.2522	STRG.2522_ORF_2	650	+	3	9	110	102	0.4895	-0.094098397	0.717219576
STRG.2522	STRG.2522_ORF_3	650	+	2	347	436	90	0.747	-0.123059412	0.597633848
STRG.2533	STRG.2533_ORF_1	978	+	2	131	754	624	0.7705	0.125528073	0.981054136
STRG.2533	STRG.2533_ORF_2	978	+	2	758	976	219	0.4877	0.011906528	0.911650348
STRG.2533	STRG.2533_ORF_3	978	+	1	361	540	180	1.0269	-0.155256829	0.456297418
STRG.2533	STRG.2533_ORF_4	978	+	3	147	302	156	0.9613	-0.022474255	0.826766669
STRG.2533	STRG.2533_ORF_5	978	+	3	855	959	105	0.8281	0.022933797	0.89931818
STRG.2541	STRG.2541_ORF_1	579	+	2	167	289	123	0.645	0.120060616	0.97439109
STRG.2542	STRG.2542_ORF_1	310	+	2	98	310	213	0.8076	0.020852705	0.915025179
STRG.2565	STRG.2565_ORF_1	966	+	3	483	965	483	0.9796	0.156631814	0.984033366
STRG.2565	STRG.2565_ORF_2	966	+	2	257	457	201	0.7818	0.092107656	0.960351969
STRG.2565	STRG.2565_ORF_3	966	+	1	217	306	90	0.9322	-0.160616788	0.436460114
STRG.2567	STRG.2567_ORF_1	729	+	2	290	460	171	0.9086	0.103290844	0.963628521
STRG.2567	STRG.2567_ORF_2	729	+	1	637	729	93	0.6817	-0.214293196	0.319029782
STRG.2588	STRG.2588_ORF_1	1838	+	3	771	911	141	0.7841	-0.23250109	0.228732918
STRG.2588	STRG.2588_ORF_2	1838	+	2	1400	1528	129	0.5964	-0.015137324	0.845252529
STRG.2588	STRG.2588_ORF_3	1838	+	1	313	438	126	0.8305	-0.030860803	0.794884821
STRG.2588	STRG.2588_ORF_4	1838	+	3	1038	1160	123	0.6457	-0.115561396	0.590256352
STRG.2588	STRG.2588_ORF_5	1838	+	3	1296	1409	114	0.814	-0.133954151	0.505335234
STRG.2594	STRG.2594_ORF_1	461	+	3	204	299	96	0.7744	-0.152614109	0.50887387
STRG.2598	STRG.2598_ORF_1	326	+	2	20	217	198	0.5296	0.014082028	0.919677164
STRG.2598	STRG.2598_ORF_2	326	+	1	217	324	108	1.0757	-0.028882208	0.816476103
STRG.2598	STRG.2598_ORF_3	326	+	3	135	230	96	0.4513	-0.158706875	0.542537946
STRG.2610	STRG.2610_ORF_1	3171	+	2	1493	1852	360	0.81	-0.080506288	0.660334117
STRG.2610	STRG.2610_ORF_2	3171	+	2	2222	2494	273	0.591	-0.117099648	0.563051628
STRG.2610	STRG.2610_ORF_3	3171	+	1	2908	3171	264	0.4709	-0.104438778	0.617991277
STRG.2610	STRG.2610_ORF_4	3171	+	1	907	1131	225	0.907	-0.130746406	0.463752547
STRG.2610	STRG.2610_ORF_5	3171	+	3	2721	2915	195	1.138	-0.06383257	0.636893454
STRG.2632	STRG.2632_ORF_1	379	+	3	228	377	150	0.86	0.129145411	0.975552651
STRG.2632	STRG.2632_ORF_2	379	+	1	67	144	78	0.7109	-0.205491264	0.351964914
STRG.2642	STRG.2642_ORF_1	259	+	3	42	125	84	1.0521	0.027769504	0.903184678
STRG.2645	STRG.2645_ORF_1	250	+	3	45	191	147	0.8236	-0.132807897	0.584066388
STRG.2668	STRG.2668_ORF_1	306	+	3	21	179	159	0.8326	-0.069556607	0.759820788
STRG.2674	STRG.2674_ORF_1	417	+	1	115	240	126	1.0242	0.020558709	0.896603553
STRG.2674	STRG.2674_ORF_2	417	+	1	319	417	99	1.0864	-0.25463692	0.188840505
STRG.2674	STRG.2674_ORF_3	417	+	2	242	322	81	0.7883	0.212510976	0.991403023
STRG.2714	STRG.2714_ORF_1	381	+	2	224	379	156	0.9806	0.343052418	0.998320178
STRG.2721	STRG.2721_ORF_1	820	+	3	267	473	207	0.7757	-0.149303439	0.524517968
STRG.2721	STRG.2721_ORF_2	820	+	1	733	819	87	0.6026	0.010475615	0.898020996
STRG.2721	STRG.2721_ORF_3	820	+	2	335	421	87	1.1007	0.092694711	0.95010341
STRG.2730	STRG.2730_ORF_1	477	+	1	28	144	117	0.8133	0.015367564	0.900173912
STRG.2730	STRG.2730_ORF_2	477	+	2	371	475	105	0.7373	-0.088845284	0.708133731
STRG.2734	STRG.2734_ORF_1	284	+	1	16	132	117	0.8269	-0.02892997	0.83923404
STRG.2734	STRG.2734_ORF_2	284	+	3	168	284	117	0.8113	0.006225576	0.892500654
STRG.2764	STRG.2764_ORF_1	1211	+	2	869	1021	153	0.5039	-0.075955382	0.749448109
STRG.2764	STRG.2764_ORF_2	1211	+	1	727	852	126	0.7623	-0.103458906	0.638175362
STRG.2766	STRG.2766_ORF_1	738	+	1	238	357	120	0.8167	-0.156104282	0.48358633
STRG.2766	STRG.2766_ORF_2	738	+	3	114	221	108	0.6311	-0.088949913	0.711567677
STRG.2766	STRG.2766_ORF_3	738	+	3	234	338	105	0.7547	-0.06765525	0.750940355
STRG.2766	STRG.2766_ORF_4	738	+	2	644	736	93	0.6464	-0.22572243	0.291733453
STRG.2772	STRG.2772_ORF_1	1006	+	1	343	459	117	1.2296	0.15858005	0.976177035
STRG.2772	STRG.2772_ORF_2	1006	+	3	825	929	105	0.7985	-0.184716137	0.381188419
STRG.2772	STRG.2772_ORF_3	1006	+	2	512	613	102	0.7858	0.006939033	0.880826834
STRG.2772	STRG.2772_ORF_4	1006	+	2	701	802	102	0.6027	-0.268810863	0.188496695
STRG.2772	STRG.2772_ORF_5	1006	+	2	413	508	96	0.9082	-0.074843226	0.703854307
STRG.2781	STRG.2781_ORF_1	947	+	3	627	788	162	0.6563	-0.092858217	0.698784856
STRG.2789	STRG.2789_ORF_1	3150	+	3	2802	3149	348	0.7682	-0.173787222	0.372166016
STRG.2789	STRG.2789_ORF_2	3150	+	2	1892	2065	174	0.9768	0.059203605	0.903448334
STRG.2789	STRG.2789_ORF_3	3150	+	3	216	371	156	1.1651	0.145769596	0.962013192
STRG.2789	STRG.2789_ORF_4	3150	+	1	802	933	132	0.7228	-0.019516115	0.791632411
STRG.2789	STRG.2789_ORF_5	3150	+	3	2568	2687	120	0.5165	0.030080577	0.889778406
STRG.2795	STRG.2795_ORF_1	582	+	3	39	212	174	0.6502	-0.078699971	0.750758664
STRG.2795	STRG.2795_ORF_2	582	+	2	464	580	117	0.7036	-0.016520284	0.862031201
STRG.2795	STRG.2795_ORF_3	582	+	3	303	401	99	0.558	-0.010052402	0.879501821
STRG.2795	STRG.2795_ORF_4	582	+	1	457	546	90	0.6493	-0.168812986	0.468340736
STRG.2796	STRG.2796_ORF_1	1101	+	1	754	864	111	1.2168	0.128597746	0.964805846
STRG.2808	STRG.2808_ORF_1	2436	+	3	210	455	246	0.5563	-0.110010275	0.616894502
STRG.2808	STRG.2808_ORF_2	2436	+	1	2263	2436	174	0.6907	0.01843113	0.881242965
STRG.2808	STRG.2808_ORF_3	2436	+	2	416	544	129	0.9155	-0.060195697	0.694363792
STRG.2808	STRG.2808_ORF_4	2436	+	1	571	663	93	0.7764	-0.090931472	0.617077291
STRG.2808	STRG.2808_ORF_5	2436	+	3	1590	1676	87	0.7678	-0.250956229	0.168996337
STRG.2820	STRG.2820_ORF_1	1260	+	3	531	1259	729	0.6571	0.018207924	0.934312752
STRG.2820	STRG.2820_ORF_2	1260	+	1	1114	1260	147	0.9157	-0.04810976	0.768655269
STRG.2820	STRG.2820_ORF_3	1260	+	2	1073	1189	117	1.1025	0.00486774	0.85239841
STRG.2820	STRG.2820_ORF_4	1260	+	2	95	190	96	0.4316	-0.148938338	0.535345914
STRG.2832	STRG.2832_ORF_1	4034	+	2	623	1102	480	0.7552	-0.022374552	0.800027235
STRG.2832	STRG.2832_ORF_2	4034	+	3	1875	2042	168	0.5679	-0.149300612	0.405197531
STRG.2832	STRG.2832_ORF_3	4034	+	2	3473	3634	162	0.83	0.047403731	0.881066747
STRG.2832	STRG.2832_ORF_4	4034	+	3	3621	3782	162	1.016	0.060439173	0.887152307
STRG.2832	STRG.2832_ORF_5	4034	+	3	1443	1598	156	0.7977	0.002991838	0.808820438
STRG.2854	STRG.2854_ORF_1	697	+	2	185	415	231	0.5318	-0.052499186	0.822612555
STRG.2854	STRG.2854_ORF_2	697	+	1	88	270	183	0.6752	0.024793504	0.917835214
STRG.2854	STRG.2854_ORF_3	697	+	3	525	695	171	0.455	-0.186181574	0.451126981
STRG.2854	STRG.2854_ORF_4	697	+	1	553	696	144	0.4886	-0.135624795	0.602917584
STRG.2868	STRG.2868_ORF_1	613	+	2	50	613	564	0.9216	0.094200757	0.969892359
STRG.2871	STRG.2871_ORF_1	2016	+	1	1330	1494	165	0.5704	-0.17087683	0.42405186
STRG.2871	STRG.2871_ORF_2	2016	+	1	1621	1764	144	0.8751	0.059204177	0.92241476
STRG.2871	STRG.2871_ORF_3	2016	+	2	1592	1735	144	0.8738	-0.188737052	0.324873286
STRG.2871	STRG.2871_ORF_4	2016	+	2	299	421	123	0.8169	0.025352642	0.886532524
STRG.2871	STRG.2871_ORF_5	2016	+	2	1412	1525	114	0.7938	0.040391635	0.905258837
STRG.2886	STRG.2886_ORF_1	2453	+	2	1790	2086	297	0.5529	-0.121515346	0.590353315
STRG.2886	STRG.2886_ORF_2	2453	+	3	1635	1880	246	0.7379	-0.098117839	0.62727699
STRG.2886	STRG.2886_ORF_3	2453	+	1	1426	1575	150	0.5674	-0.218419907	0.267166167
STRG.2886	STRG.2886_ORF_4	2453	+	2	929	1042	114	0.8856	-0.235344455	0.191175708
STRG.2886	STRG.2886_ORF_5	2453	+	3	516	620	105	0.5885	-0.038575793	0.78091708
STRG.2893	STRG.2893_ORF_1	648	+	3	441	641	201	0.5925	0.023200291	0.921560981
STRG.2926	STRG.2926_ORF_1	469	+	1	10	93	84	0.7884	-0.104214785	0.655402791
STRG.2927	STRG.2927_ORF_1	2052	+	3	942	1142	201	0.8479	-0.06559797	0.713815984
STRG.2927	STRG.2927_ORF_2	2052	+	3	441	557	117	0.7853	-0.028912264	0.795966478
STRG.2927	STRG.2927_ORF_3	2052	+	2	770	859	90	0.706	-0.079157626	0.676376062
STRG.2927	STRG.2927_ORF_4	2052	+	2	344	430	87	0.8251	-0.095180778	0.612449077
STRG.2927	STRG.2927_ORF_5	2052	+	3	1626	1706	81	0.6191	-0.004010404	0.85240455
STRG.2947	STRG.2947_ORF_1	2279	+	1	34	348	315	0.9568	0.191687024	0.985588661
STRG.2947	STRG.2947_ORF_2	2279	+	1	472	744	273	0.9277	0.128979031	0.967671475
STRG.2947	STRG.2947_ORF_3	2279	+	1	970	1152	183	0.5243	-0.154280287	0.475615228
STRG.2947	STRG.2947_ORF_4	2279	+	1	1771	1917	147	0.5012	-0.272643596	0.162070009
STRG.2947	STRG.2947_ORF_5	2279	+	3	2097	2207	111	0.7601	-0.114952207	0.554223755
STRG.2957	STRG.2957_ORF_1	640	+	1	22	144	123	0.6046	-0.120668928	0.631151139
STRG.2957	STRG.2957_ORF_2	640	+	2	44	127	84	0.6859	-0.028908522	0.838461702
STRG.2958	STRG.2958_ORF_1	783	+	2	617	778	162	0.7453	-0.21461636	0.319352778
STRG.2958	STRG.2958_ORF_2	783	+	1	451	561	111	0.6201	-0.023804178	0.851519743
STRG.2960	STRG.2960_ORF_1	432	+	2	176	319	144	0.7357	-0.093865441	0.702689619
STRG.2966	STRG.2966_ORF_1	563	+	1	247	417	171	0.6932	-0.071598624	0.7632153
STRG.2966	STRG.2966_ORF_2	563	+	2	224	334	111	0.6791	-0.149038865	0.532691414
STRG.2974	STRG.2974_ORF_1	1186	+	1	124	354	231	0.9201	-0.243942147	0.221288851
STRG.2974	STRG.2974_ORF_2	1186	+	3	648	737	90	0.756	-0.195270677	0.34531115
STRG.2976	STRG.2976_ORF_1	308	+	2	224	307	84	0.3615	0.020791027	0.926878141
STRG.2977	STRG.2977_ORF_1	574	+	2	428	532	105	0.7469	-0.016664586	0.857811952
STRG.2981	STRG.2981_ORF_1	3845	+	2	731	961	231	0.8722	-0.214510381	0.210087705
STRG.2981	STRG.2981_ORF_2	3845	+	3	2700	2921	222	0.702	-0.15288441	0.393174089
STRG.2981	STRG.2981_ORF_3	3845	+	1	3145	3354	210	0.9042	0.006415214	0.8174399
STRG.2981	STRG.2981_ORF_4	3845	+	3	774	944	171	0.9586	-0.117986983	0.457073135
STRG.2981	STRG.2981_ORF_5	3845	+	1	2989	3144	156	0.3724	-0.217160081	0.245570382
STRG.2994	STRG.2994_ORF_1	436	+	3	102	242	141	0.9842	0.058699623	0.936139078
STRG.2994	STRG.2994_ORF_2	436	+	2	254	382	129	0.5688	-0.000352309	0.896215733
STRG.2994	STRG.2994_ORF_3	436	+	3	261	353	93	0.8337	-0.243311257	0.236749053
STRG.2994	STRG.2994_ORF_4	436	+	2	29	118	90	1.0664	0.048951438	0.92213569
STRG.3002	STRG.3002_ORF_1	1570	+	2	509	718	210	0.859	-0.100482628	0.633935057
STRG.3002	STRG.3002_ORF_2	1570	+	2	5	148	144	1.1094	0.169045557	0.978934368
STRG.3002	STRG.3002_ORF_3	1570	+	3	294	404	111	1.0803	0.069627261	0.927200143
STRG.3002	STRG.3002_ORF_4	1570	+	3	792	896	105	0.5581	-0.149712047	0.502196655
STRG.3002	STRG.3002_ORF_5	1570	+	1	901	996	96	0.6323	-0.086197732	0.685697305
STRG.3003	STRG.3003_ORF_1	876	+	3	129	350	222	0.8315	-0.056511407	0.780290067
STRG.3003	STRG.3003_ORF_2	876	+	2	2	214	213	0.8931	0.074153875	0.948575451
STRG.3003	STRG.3003_ORF_3	876	+	2	698	871	174	0.969	-0.0724705	0.719802011
STRG.3003	STRG.3003_ORF_4	876	+	1	655	810	156	0.8586	-0.006670896	0.863644082
STRG.3003	STRG.3003_ORF_5	876	+	3	417	512	96	0.8735	0.019953349	0.894334569
STRG.3008	STRG.3008_ORF_1	668	+	1	481	666	186	1.3143	-0.014768091	0.822525125
STRG.3008	STRG.3008_ORF_2	668	+	3	156	329	174	0.7624	-0.127282194	0.596966702
STRG.3008	STRG.3008_ORF_3	668	+	3	477	623	147	1.3512	0.185493259	0.983260021
STRG.3018	STRG.3018_ORF_1	865	+	1	337	576	240	0.7077	-0.141590563	0.563413635
STRG.3018	STRG.3018_ORF_2	865	+	3	237	455	219	1.0928	0.005746035	0.872031791
STRG.3031	STRG.3031_ORF_1	324	+	3	153	266	114	0.8358	-0.057977465	0.779380586
STRG.3039	STRG.3039_ORF_1	395	+	2	71	190	120	0.5435	-0.062498724	0.796917136
STRG.3064	STRG.3064_ORF_1	686	+	3	252	491	240	0.5278	-0.026250745	0.868176913
STRG.3064	STRG.3064_ORF_2	686	+	2	230	373	144	0.5702	-0.052027258	0.810498816
STRG.3064	STRG.3064_ORF_3	686	+	2	416	529	114	0.8257	-0.023526507	0.838759865
STRG.3064	STRG.3064_ORF_4	686	+	1	76	183	108	0.9875	0.027288125	0.900863349
STRG.3064	STRG.3064_ORF_5	686	+	1	406	483	78	1.1844	-0.186398216	0.332621441
STRG.3071	STRG.3071_ORF_1	467	+	3	168	263	96	0.4458	-0.255899889	0.248080163
STRG.3074	STRG.3074_ORF_1	2395	+	3	492	803	312	0.8291	-0.148958546	0.467535629
STRG.3074	STRG.3074_ORF_2	2395	+	3	150	407	258	0.6721	-0.042969152	0.784525066
STRG.3074	STRG.3074_ORF_3	2395	+	3	1653	1844	192	0.8184	0.026188299	0.886016221
STRG.3074	STRG.3074_ORF_4	2395	+	1	904	1059	156	0.6194	-0.007297227	0.846426648
STRG.3074	STRG.3074_ORF_5	2395	+	3	2028	2171	144	0.9378	0.155907535	0.973971965
STRG.3095	STRG.3095_ORF_1	527	+	2	29	205	177	1.0556	0.022285264	0.898731939
STRG.3095	STRG.3095_ORF_2	527	+	1	358	519	162	0.953	0.025652494	0.906835078
STRG.3095	STRG.3095_ORF_3	527	+	2	377	526	150	0.989	-0.026689174	0.827511434
STRG.3095	STRG.3095_ORF_4	527	+	3	435	512	78	0.9828	-0.097868848	0.644707218
STRG.3104	STRG.3104_ORF_1	996	+	1	397	996	600	1.2006	-0.162931098	0.485210764
STRG.3104	STRG.3104_ORF_2	996	+	2	359	904	546	1.275	0.313507375	0.997576303
STRG.3104	STRG.3104_ORF_3	996	+	3	888	995	108	0.8257	-0.219192907	0.28040295
STRG.3105	STRG.3105_ORF_1	1628	+	1	127	1626	1500	1.248	0.280429201	0.998021108
STRG.3123	STRG.3123_ORF_1	1573	+	2	1049	1387	339	0.8124	-0.002624663	0.874409503
STRG.3123	STRG.3123_ORF_2	1573	+	2	233	412	180	0.7136	-0.033211446	0.81479118
STRG.3123	STRG.3123_ORF_3	1573	+	1	529	687	159	0.8236	-0.091123603	0.657358924
STRG.3123	STRG.3123_ORF_4	1573	+	3	1305	1430	126	1.1284	-0.090055477	0.613288017
STRG.3123	STRG.3123_ORF_5	1573	+	2	827	925	99	0.9862	0.075436355	0.934940783
STRG.3135	STRG.3135_ORF_1	2109	+	2	434	1402	969	1.1165	0.170482617	0.987711146
STRG.3135	STRG.3135_ORF_2	2109	+	1	874	1146	273	0.5857	-0.059337843	0.76741279
STRG.3135	STRG.3135_ORF_3	2109	+	3	1044	1259	216	1.0384	-0.261592694	0.150280955
STRG.3135	STRG.3135_ORF_4	2109	+	2	1883	2080	198	0.4818	-0.090452776	0.688897377
STRG.3135	STRG.3135_ORF_5	2109	+	1	1474	1656	183	0.6915	-0.213395432	0.282870071
STRG.3136	STRG.3136_ORF_1	647	+	3	204	461	258	0.733	-0.172529803	0.473169286
STRG.3137	STRG.3137_ORF_1	1657	+	2	434	1258	825	0.972	0.078131493	0.962586111
STRG.3137	STRG.3137_ORF_2	1657	+	1	874	1401	528	1.0388	0.088805564	0.957699326
STRG.3137	STRG.3137_ORF_3	1657	+	3	105	287	183	0.6591	-0.228640505	0.263528315
STRG.3137	STRG.3137_ORF_4	1657	+	3	357	530	174	0.6222	0.060961098	0.938999803
STRG.3137	STRG.3137_ORF_5	1657	+	3	1473	1631	159	0.6599	-0.104576229	0.636136566
STRG.3138	STRG.3138_ORF_1	1329	+	1	430	1236	807	1.0822	0.140858075	0.982694603
STRG.3138	STRG.3138_ORF_2	1329	+	3	870	1319	450	0.5206	-0.151038588	0.579341846
STRG.3138	STRG.3138_ORF_3	1329	+	2	1040	1309	270	0.6123	-0.152528011	0.52735741
STRG.3138	STRG.3138_ORF_4	1329	+	2	101	283	183	0.6591	-0.236654166	0.254874994
STRG.3138	STRG.3138_ORF_5	1329	+	2	353	526	174	0.6222	0.060961098	0.942271885
STRG.3140	STRG.3140_ORF_1	2527	+	1	850	1818	969	1.0949	0.167762784	0.986473708
STRG.3140	STRG.3140_ORF_2	2527	+	3	204	626	423	0.8559	-0.200188978	0.321376785
STRG.3140	STRG.3140_ORF_3	2527	+	3	1290	1562	273	0.5857	-0.059337843	0.753815398
STRG.3140	STRG.3140_ORF_4	2527	+	1	265	528	264	0.7797	-0.093804621	0.634674414
STRG.3140	STRG.3140_ORF_5	2527	+	2	1460	1675	216	1.0438	-0.26024836	0.14272101
STRG.3141	STRG.3141_ORF_1	960	+	2	434	958	525	1.1735	0.241526805	0.994169311
STRG.3141	STRG.3141_ORF_2	960	+	3	105	287	183	0.741	-0.199768294	0.359458044
STRG.3141	STRG.3141_ORF_3	960	+	3	357	530	174	0.6222	0.060961098	0.945755749
STRG.3141	STRG.3141_ORF_4	960	+	1	40	210	171	1.0039	-0.168917086	0.415290238
STRG.3141	STRG.3141_ORF_5	960	+	1	367	462	96	0.9096	-0.23753174	0.225877852
STRG.3169	STRG.3169_ORF_1	3214	+	3	2856	3158	303	0.668	-0.086396393	0.650396994
STRG.3169	STRG.3169_ORF_2	3214	+	3	477	773	297	0.8025	0.023878642	0.876958536
STRG.3169	STRG.3169_ORF_3	3214	+	1	2329	2598	270	0.4452	-0.167628051	0.419575407
STRG.3169	STRG.3169_ORF_4	3214	+	2	323	553	231	0.8065	0.004843845	0.840899562
STRG.3169	STRG.3169_ORF_5	3214	+	3	1131	1352	222	0.9644	-0.030494765	0.751777911
STRG.3196	STRG.3196_ORF_1	262	+	3	18	170	153	1.0232	0.193300106	0.988385918
STRG.3196	STRG.3196_ORF_2	262	+	1	112	261	150	0.9606	-0.078814919	0.72266644
STRG.3209	STRG.3209_ORF_1	1586	+	1	760	1041	282	0.7391	-0.063048279	0.760602083
STRG.3209	STRG.3209_ORF_2	1586	+	2	896	1054	159	0.8453	-0.16146271	0.432032333
STRG.3209	STRG.3209_ORF_3	1586	+	1	1051	1167	117	0.8247	-0.062101691	0.729482806
STRG.3209	STRG.3209_ORF_4	1586	+	2	395	493	99	0.8233	-0.026587192	0.808232511
STRG.3209	STRG.3209_ORF_5	1586	+	1	649	735	87	0.5567	-0.375145066	0.05099786
STRG.3243	STRG.3243_ORF_1	383	+	3	57	278	222	0.6726	0.026107124	0.925372979
STRG.3251	STRG.3251_ORF_1	250	+	1	163	246	84	0.7898	-0.080768269	0.728007073
STRG.3261	STRG.3261_ORF_1	326	+	1	10	117	108	0.9372	-0.222251099	0.283372435
STRG.3262	STRG.3262_ORF_1	342	+	3	138	248	111	0.9078	-0.08332075	0.708141696
STRG.3263	STRG.3263_ORF_1	864	+	3	201	347	147	0.5021	-0.122208145	0.635466191
STRG.3263	STRG.3263_ORF_2	864	+	2	440	520	81	0.446	-0.201971022	0.379032018
STRG.3277	STRG.3277_ORF_1	1192	+	3	336	476	141	0.9373	-0.231828313	0.234814972
STRG.3277	STRG.3277_ORF_2	1192	+	1	601	723	123	1.0597	-0.136099249	0.492896863
STRG.3277	STRG.3277_ORF_3	1192	+	1	793	906	114	0.8303	0.019963346	0.89269578
STRG.3277	STRG.3277_ORF_4	1192	+	1	115	204	90	1.2283	-0.004444096	0.825016946
STRG.3277	STRG.3277_ORF_5	1192	+	1	256	339	84	0.9298	-0.01924641	0.821998104
STRG.3281	STRG.3281_ORF_1	1139	+	1	994	1137	144	0.6863	-0.013602156	0.858301991
STRG.3281	STRG.3281_ORF_2	1139	+	3	543	674	132	0.6746	-0.069744389	0.745092029
STRG.3281	STRG.3281_ORF_3	1139	+	1	229	333	105	1.2202	-0.095587551	0.598011281
STRG.3281	STRG.3281_ORF_4	1139	+	2	845	949	105	0.9123	-0.252684331	0.189313022
STRG.3281	STRG.3281_ORF_5	1139	+	3	933	1025	93	0.8312	-0.021581233	0.828351476
STRG.3293	STRG.3293_ORF_1	3319	+	2	1313	1717	405	0.8911	0.140213214	0.970133854
STRG.3293	STRG.3293_ORF_2	3319	+	2	881	1120	240	0.9248	-0.233390623	0.182619602
STRG.3293	STRG.3293_ORF_3	3319	+	3	744	935	192	0.5012	-0.179937745	0.355494371
STRG.3293	STRG.3293_ORF_4	3319	+	1	187	339	153	0.5438	-0.058750193	0.714665113
STRG.3293	STRG.3293_ORF_5	3319	+	3	1317	1469	153	0.5548	-0.199112705	0.288165455
STRG.3297	STRG.3297_ORF_1	1311	+	1	1051	1311	261	0.7124	0.018366638	0.9053483
STRG.3297	STRG.3297_ORF_2	1311	+	2	611	730	120	1.0016	0.053213067	0.919195415
STRG.3297	STRG.3297_ORF_3	1311	+	3	975	1076	102	0.7379	-0.162325845	0.446203598
STRG.3297	STRG.3297_ORF_4	1311	+	2	1028	1126	99	0.9658	0.009961814	0.867252293
STRG.3297	STRG.3297_ORF_5	1311	+	2	1211	1309	99	1.1339	0.154543543	0.974636078
STRG.3314	STRG.3314_ORF_1	321	+	1	190	282	93	0.9036	-0.059251767	0.76678713
STRG.3315	STRG.3315_ORF_1	2467	+	3	1050	1325	276	0.6706	0.016760954	0.88763154
STRG.3315	STRG.3315_ORF_2	2467	+	1	1582	1767	186	1.0455	0.036633633	0.884422081
STRG.3315	STRG.3315_ORF_3	2467	+	2	431	592	162	0.891	-0.038197752	0.75754181
STRG.3315	STRG.3315_ORF_4	2467	+	3	2211	2366	156	0.497	-0.060051191	0.747125981
STRG.3315	STRG.3315_ORF_5	2467	+	3	1782	1907	126	0.7277	-0.057787907	0.72196405
STRG.3336	STRG.3336_ORF_1	1807	+	3	630	869	240	0.5904	-0.1097092	0.638318306
STRG.3336	STRG.3336_ORF_2	1807	+	2	692	883	192	0.9683	-0.127291631	0.520487504
STRG.3336	STRG.3336_ORF_3	1807	+	3	213	353	141	0.8587	0.028687274	0.893355274
STRG.3336	STRG.3336_ORF_4	1807	+	3	27	155	129	1.1318	0.075394657	0.928256831
STRG.3336	STRG.3336_ORF_5	1807	+	1	1288	1395	108	0.6641	-0.115151341	0.58749335
STRG.3342	STRG.3342_ORF_1	292	+	2	86	292	207	1	0.038204122	0.923205615
STRG.3342	STRG.3342_ORF_2	292	+	3	132	281	150	1.0403	-0.107230563	0.631327369
STRG.3355	STRG.3355_ORF_1	2485	+	2	485	796	312	0.6731	-0.090571858	0.668388375
STRG.3355	STRG.3355_ORF_2	2485	+	2	8	205	198	0.8006	-0.081934411	0.657178853
STRG.3355	STRG.3355_ORF_3	2485	+	1	601	762	162	0.7953	-0.243209405	0.188438979
STRG.3355	STRG.3355_ORF_4	2485	+	2	1178	1318	141	0.6358	-0.088344129	0.650468893
STRG.3355	STRG.3355_ORF_5	2485	+	3	1611	1748	138	0.7899	0.132096954	0.967084859
STRG.3365	STRG.3365_ORF_1	283	+	3	126	212	87	0.9415	-0.039617589	0.806001205
STRG.3370	STRG.3370_ORF_1	15382	+	1	8350	8835	486	0.4782	0.031546334	0.555656376
STRG.3370	STRG.3370_ORF_2	15382	+	1	11299	11589	291	0.4174	-0.02550695	0.348022283
STRG.3370	STRG.3370_ORF_3	15382	+	3	4215	4493	279	0.4369	-0.150538943	0.093977176
STRG.3370	STRG.3370_ORF_4	15382	+	3	10536	10808	273	0.5481	0.043255186	0.542743004
STRG.3370	STRG.3370_ORF_5	15382	+	3	14781	15044	264	0.4622	0.040665271	0.54524201
STRG.3386	STRG.3386_ORF_1	593	+	2	104	385	282	0.7242	0.027027015	0.924670446
STRG.3386	STRG.3386_ORF_2	593	+	3	117	221	105	0.8274	-0.089542307	0.690759322
STRG.3386	STRG.3386_ORF_3	593	+	3	432	524	93	0.9506	-0.069646462	0.727021354
STRG.3388	STRG.3388_ORF_1	273	+	1	121	273	153	0.5319	-0.078346602	0.77134163
STRG.3400	STRG.3400_ORF_1	800	+	2	146	439	294	0.986	-0.138810614	0.544971789
STRG.3400	STRG.3400_ORF_2	800	+	3	624	800	177	0.4029	-0.120366159	0.661989361
STRG.3400	STRG.3400_ORF_3	800	+	2	641	799	159	0.7306	-0.051925456	0.794365269
STRG.3400	STRG.3400_ORF_4	800	+	3	306	452	147	1.1244	-0.17899191	0.369819961
STRG.3408	STRG.3408_ORF_1	2859	+	1	2257	2412	156	0.9847	0.072137109	0.919612432
STRG.3408	STRG.3408_ORF_2	2859	+	3	2628	2780	153	0.6177	-0.158833321	0.416313965
STRG.3408	STRG.3408_ORF_3	2859	+	2	1724	1867	144	0.7264	-0.05358843	0.721720853
STRG.3408	STRG.3408_ORF_4	2859	+	2	2102	2242	141	0.885	-0.194538757	0.275671742
STRG.3408	STRG.3408_ORF_5	2859	+	1	1864	2001	138	0.8934	-0.063574949	0.672858691
STRG.3434	STRG.3434_ORF_1	2244	+	2	1268	1459	192	0.7403	-0.182661776	0.359265172
STRG.3434	STRG.3434_ORF_2	2244	+	1	535	663	129	1.0948	0.06568168	0.915149193
STRG.3434	STRG.3434_ORF_3	2244	+	2	947	1045	99	0.9219	-0.108773636	0.549772588
STRG.3434	STRG.3434_ORF_4	2244	+	3	813	911	99	1.0233	0.02111223	0.86064412
STRG.3434	STRG.3434_ORF_5	2244	+	3	477	572	96	0.7885	-0.146416986	0.447391866
STRG.3465	STRG.3465_ORF_1	3520	+	2	2954	3256	303	0.7162	-0.055544	0.718485383
STRG.3465	STRG.3465_ORF_2	3520	+	3	2724	2984	261	0.7593	-0.100350312	0.574414345
STRG.3465	STRG.3465_ORF_3	3520	+	1	2515	2742	228	0.7572	-0.133408438	0.462128587
STRG.3465	STRG.3465_ORF_4	3520	+	2	2660	2857	198	0.6933	-0.0510567	0.716733309
STRG.3465	STRG.3465_ORF_5	3520	+	1	2914	3102	189	0.6115	-0.090451957	0.612965773
STRG.3478	STRG.3478_ORF_1	5127	+	1	2914	3150	237	0.6545	-0.075864673	0.592123509
STRG.3478	STRG.3478_ORF_2	5127	+	2	608	826	219	0.4639	-0.100509998	0.537951274
STRG.3478	STRG.3478_ORF_3	5127	+	3	2892	3065	174	0.7577	-0.024702695	0.716258227
STRG.3478	STRG.3478_ORF_4	5127	+	2	2228	2398	171	0.5913	-0.117539453	0.455196416
STRG.3478	STRG.3478_ORF_5	5127	+	3	3234	3398	165	0.8333	-0.195501317	0.208320712
STRG.3486	STRG.3486_ORF_1	490	+	1	208	408	201	1.0577	0.030513123	0.909977809
STRG.3486	STRG.3486_ORF_2	490	+	3	30	176	147	0.7205	0.007454075	0.897693634
STRG.3486	STRG.3486_ORF_3	490	+	2	371	481	111	0.6984	-0.054207161	0.795692645
STRG.3493	STRG.3493_ORF_1	2410	+	1	1768	2007	240	0.5225	-0.043172637	0.795929694
STRG.3493	STRG.3493_ORF_2	2410	+	3	804	1031	228	0.8146	0.000577474	0.851493146
STRG.3493	STRG.3493_ORF_3	2410	+	2	320	481	162	0.6277	0.030337984	0.89941956
STRG.3493	STRG.3493_ORF_4	2410	+	1	2266	2409	144	0.9044	0.152234117	0.973185152
STRG.3493	STRG.3493_ORF_5	2410	+	1	1411	1542	132	0.9509	-0.099079854	0.57533803
STRG.3498	STRG.3498_ORF_1	518	+	3	264	419	156	0.6875	-0.240552765	0.265887411
STRG.3498	STRG.3498_ORF_2	518	+	2	335	430	96	0.6504	-0.195080062	0.389056981
STRG.3500	STRG.3500_ORF_1	301	+	1	16	147	132	0.7861	-0.091810391	0.705031393
STRG.3500	STRG.3500_ORF_2	301	+	2	53	151	99	0.8932	-0.130852406	0.569094033
STRG.3500	STRG.3500_ORF_3	301	+	3	183	275	93	0.8151	-0.06254694	0.769089683
STRG.3500	STRG.3500_ORF_4	301	+	3	36	116	81	0.7662	-0.188558989	0.399488595
STRG.3501	STRG.3501_ORF_1	1613	+	2	380	697	318	0.6405	-0.026488034	0.846779836
STRG.3501	STRG.3501_ORF_2	1613	+	3	1215	1496	282	0.8174	-0.044551485	0.793225737
STRG.3501	STRG.3501_ORF_3	1613	+	2	1127	1273	147	0.6835	0.012083268	0.886231064
STRG.3501	STRG.3501_ORF_4	1613	+	3	486	608	123	0.8592	-0.215456586	0.266470816
STRG.3501	STRG.3501_ORF_5	1613	+	3	222	338	117	0.849	-0.162965802	0.417737094
STRG.3508	STRG.3508_ORF_1	524	+	1	136	366	231	1.0881	-0.099516158	0.652494944
STRG.3513	STRG.3513_ORF_1	467	+	3	183	260	78	1.0792	-0.101338932	0.623647841
STRG.3541	STRG.3541_ORF_1	742	+	3	417	524	108	0.9642	-0.121568147	0.570683501
STRG.3541	STRG.3541_ORF_2	742	+	3	234	332	99	0.5885	-0.002042725	0.885425687
STRG.3541	STRG.3541_ORF_3	742	+	2	515	604	90	0.7125	-0.232636205	0.265366896
STRG.3543	STRG.3543_ORF_1	1219	+	2	446	766	321	0.8341	-0.020438199	0.851551723
STRG.3543	STRG.3543_ORF_2	1219	+	2	956	1138	183	0.5413	-0.189240711	0.408419714
STRG.3543	STRG.3543_ORF_3	1219	+	1	1060	1218	159	0.9422	0.099263388	0.957236251
STRG.3543	STRG.3543_ORF_4	1219	+	3	318	449	132	0.7391	0.040245624	0.920082579
STRG.3543	STRG.3543_ORF_5	1219	+	1	112	210	99	0.7186	0.123498628	0.970898744
STRG.3551	STRG.3551_ORF_1	757	+	1	124	249	126	0.7174	0.037482303	0.924032335
STRG.3551	STRG.3551_ORF_2	757	+	3	18	101	84	0.8615	0.038141543	0.916082482
STRG.3551	STRG.3551_ORF_3	757	+	3	570	653	84	0.9136	-0.353158991	0.062799648
STRG.3551	STRG.3551_ORF_4	757	+	1	508	588	81	0.8431	-0.198959763	0.338763052
STRG.3551	STRG.3551_ORF_5	757	+	2	605	685	81	0.8356	-0.172516921	0.420117603
STRG.3583	STRG.3583_ORF_1	790	+	2	191	433	243	0.8587	0.070590784	0.949175703
STRG.3583	STRG.3583_ORF_2	790	+	2	5	136	132	0.8273	0.021386229	0.90241266
STRG.3583	STRG.3583_ORF_3	790	+	1	649	732	84	0.7001	-0.2515063	0.219553165
STRG.3613	STRG.3613_ORF_1	2210	+	1	364	723	360	0.5912	-0.147696187	0.523911511
STRG.3613	STRG.3613_ORF_2	2210	+	2	1838	2119	282	0.9341	-0.059103108	0.727304615
STRG.3613	STRG.3613_ORF_3	2210	+	1	1978	2187	210	0.9592	-0.179810068	0.342896665
STRG.3613	STRG.3613_ORF_4	2210	+	3	1779	1973	195	0.8631	-0.075663597	0.677437544
STRG.3613	STRG.3613_ORF_5	2210	+	3	513	653	141	0.5836	-0.054218294	0.758123368
STRG.3614	STRG.3614_ORF_1	1372	+	1	1051	1263	213	0.8979	0.007032414	0.875988841
STRG.3614	STRG.3614_ORF_2	1372	+	3	33	233	201	0.6484	0.078266025	0.953201627
STRG.3614	STRG.3614_ORF_3	1372	+	3	672	833	162	0.7942	-0.040528839	0.796021795
STRG.3614	STRG.3614_ORF_4	1372	+	3	297	404	108	1.1982	-0.106492723	0.557166738
STRG.3614	STRG.3614_ORF_5	1372	+	2	725	817	93	0.6052	-0.216244455	0.298710124
STRG.3619	STRG.3619_ORF_1	1657	+	2	311	505	195	0.853	0.023182327	0.893369605
STRG.3619	STRG.3619_ORF_2	1657	+	1	1489	1650	162	0.8112	-0.038578933	0.790166422
STRG.3619	STRG.3619_ORF_3	1657	+	1	526	678	153	0.6013	-0.07742715	0.719044198
STRG.3619	STRG.3619_ORF_4	1657	+	2	548	640	93	0.7622	-0.148451406	0.470164084
STRG.3619	STRG.3619_ORF_5	1657	+	1	1015	1098	84	0.7184	-0.133431756	0.52340608
STRG.3633	STRG.3633_ORF_1	2004	+	3	816	1013	198	0.8108	-0.083538837	0.670390099
STRG.3633	STRG.3633_ORF_2	2004	+	1	268	453	186	0.6562	-0.118492707	0.584035404
STRG.3633	STRG.3633_ORF_3	2004	+	3	363	461	99	0.9177	0.098771028	0.949324284
STRG.3633	STRG.3633_ORF_4	2004	+	2	1511	1588	78	0.6408	-0.186283547	0.351806209
STRG.3683	STRG.3683_ORF_1	2505	+	1	733	1074	342	0.6296	-0.02097842	0.838373567
STRG.3683	STRG.3683_ORF_2	2505	+	2	1868	2101	234	0.6022	-0.009477839	0.849235869
STRG.3683	STRG.3683_ORF_3	2505	+	2	134	319	186	0.7316	0.009961472	0.866166671
STRG.3683	STRG.3683_ORF_4	2505	+	3	1548	1733	186	0.7428	0.010427406	0.866102904
STRG.3683	STRG.3683_ORF_5	2505	+	3	363	512	150	0.8955	-0.019624364	0.795915195
STRG.3685	STRG.3685_ORF_1	2042	+	3	1743	1919	177	0.8857	0.067201137	0.930435659
STRG.3685	STRG.3685_ORF_2	2042	+	1	460	588	129	0.6226	-0.008554566	0.849561562
STRG.3685	STRG.3685_ORF_3	2042	+	1	1705	1827	123	0.9039	-0.215293863	0.247235563
STRG.3685	STRG.3685_ORF_4	2042	+	1	775	876	102	0.9306	-0.012353588	0.814648707
STRG.3685	STRG.3685_ORF_5	2042	+	2	566	664	99	0.7366	-0.089749659	0.643551587
STRG.3688	STRG.3688_ORF_1	1238	+	3	564	695	132	0.5946	-0.159152307	0.486290476
STRG.3688	STRG.3688_ORF_2	1238	+	1	595	708	114	0.5391	-0.109515372	0.647074456
STRG.3699	STRG.3699_ORF_1	368	+	3	252	368	117	0.8022	-0.07942434	0.730811628
STRG.3705	STRG.3705_ORF_1	593	+	1	1	243	243	0.9093	0.134256592	0.977166013
STRG.3705	STRG.3705_ORF_2	593	+	1	322	411	90	0.8808	0.024913782	0.903930653
STRG.3721	STRG.3721_ORF_1	437	+	2	32	190	159	0.8441	0.053885623	0.938116531
STRG.3721	STRG.3721_ORF_2	437	+	3	150	302	153	0.721	-0.142574217	0.560836705
STRG.3740	STRG.3740_ORF_1	609	+	2	260	481	222	1.1505	0.183128853	0.985630261
STRG.3740	STRG.3740_ORF_2	609	+	3	267	380	114	1.1133	0.070493157	0.937631134
STRG.3740	STRG.3740_ORF_3	609	+	1	160	237	78	0.5869	0.063623533	0.947999757
STRG.3766	STRG.3766_ORF_1	2511	+	2	467	730	264	0.7931	-0.132862762	0.510493554
STRG.3766	STRG.3766_ORF_2	2511	+	3	861	1082	222	0.418	-0.080654027	0.712120082
STRG.3766	STRG.3766_ORF_3	2511	+	2	2351	2473	123	0.9306	-0.100360519	0.568099134
STRG.3766	STRG.3766_ORF_4	2511	+	3	1785	1904	120	0.5492	-0.131132124	0.524405542
STRG.3766	STRG.3766_ORF_5	2511	+	3	1425	1532	108	0.6563	-0.199468162	0.297654638
STRG.3770	STRG.3770_ORF_1	3405	+	2	2948	3334	387	0.6906	-0.02706156	0.80300338
STRG.3770	STRG.3770_ORF_2	3405	+	2	50	322	273	0.646	-0.053165094	0.732358019
STRG.3770	STRG.3770_ORF_3	3405	+	2	2669	2848	180	0.6261	-0.069416813	0.676350781
STRG.3770	STRG.3770_ORF_4	3405	+	3	942	1115	174	0.6244	-0.031027568	0.773844357
STRG.3770	STRG.3770_ORF_5	3405	+	3	1350	1517	168	1.0753	-0.124163245	0.439240078
STRG.3771	STRG.3771_ORF_1	361	+	1	85	261	177	1.2265	-0.141474953	0.498445573
STRG.3771	STRG.3771_ORF_2	361	+	3	78	227	150	1.206	0.052264218	0.923564692
STRG.3817	STRG.3817_ORF_1	562	+	1	103	204	102	0.6864	-0.189802886	0.399528832
STRG.3817	STRG.3817_ORF_2	562	+	1	433	513	81	0.8317	0.044170286	0.925416822
STRG.3820	STRG.3820_ORF_1	703	+	3	291	563	273	0.8952	-0.128606009	0.59074214
STRG.3820	STRG.3820_ORF_2	703	+	2	425	667	243	0.6436	-0.097350725	0.710185795
STRG.3820	STRG.3820_ORF_3	703	+	2	263	400	138	0.7211	-0.022313452	0.850870195
STRG.3820	STRG.3820_ORF_4	703	+	1	211	294	84	0.9637	-0.047690397	0.773714899
STRG.3889	STRG.3889_ORF_1	369	+	2	53	304	252	0.6022	-0.009941902	0.892644767
STRG.3911	STRG.3911_ORF_1	338	+	1	169	255	87	0.644	-0.284915364	0.170158088
STRG.3911	STRG.3911_ORF_2	338	+	1	259	336	78	0.7278	0.104427829	0.967601208
STRG.3912	STRG.3912_ORF_1	3646	+	3	2970	3164	195	0.5472	-0.170373256	0.364846585
STRG.3912	STRG.3912_ORF_2	3646	+	3	87	245	159	0.6726	0.012062448	0.846162925
STRG.3912	STRG.3912_ORF_3	3646	+	1	214	369	156	0.6721	-0.024811619	0.773073388
STRG.3912	STRG.3912_ORF_4	3646	+	2	308	436	129	0.6439	0.120151917	0.956778252
STRG.3912	STRG.3912_ORF_5	3646	+	2	3302	3427	126	1.0576	-0.155097927	0.329773944
STRG.3913	STRG.3913_ORF_1	743	+	3	201	611	411	0.6026	-0.031320883	0.869410109
STRG.3913	STRG.3913_ORF_2	743	+	1	172	267	96	0.3808	-0.152788803	0.553302691
STRG.3913	STRG.3913_ORF_3	743	+	1	382	471	90	0.9898	0.004187644	0.867921534
STRG.3915	STRG.3915_ORF_1	389	+	3	6	236	231	0.7065	-0.178106614	0.465424831
STRG.3915	STRG.3915_ORF_2	389	+	3	240	329	90	0.6638	-0.083830542	0.730795367
STRG.3916	STRG.3916_ORF_1	261	+	1	55	168	114	0.6527	-0.08204296	0.744502203
STRG.3916	STRG.3916_ORF_2	261	+	2	59	151	93	0.7459	-0.14355153	0.550561083
STRG.3929	STRG.3929_ORF_1	2392	+	1	115	600	486	0.8947	0.111610265	0.965643767
STRG.3929	STRG.3929_ORF_2	2392	+	1	652	753	102	0.7634	-0.107520142	0.57074862
STRG.3929	STRG.3929_ORF_3	2392	+	3	2256	2336	81	0.7872	-0.02658856	0.786168736
STRG.3929	STRG.3929_ORF_4	2392	+	3	1011	1088	78	0.7755	-0.161816948	0.391024096
STRG.3930	STRG.3930_ORF_1	1083	+	1	568	993	426	0.5118	-0.092664579	0.751404611
STRG.3930	STRG.3930_ORF_2	1083	+	3	375	659	285	0.6789	0.003862027	0.895593499
STRG.3930	STRG.3930_ORF_3	1083	+	3	54	161	108	1.2007	0.068756449	0.927385648
STRG.3956	STRG.3956_ORF_1	2277	+	2	1988	2275	288	0.6614	0.054281018	0.930907963
STRG.3956	STRG.3956_ORF_2	2277	+	2	56	289	234	0.7982	-0.120445364	0.554422022
STRG.3956	STRG.3956_ORF_3	2277	+	2	1694	1912	219	0.4938	-0.029429536	0.826847262
STRG.3956	STRG.3956_ORF_4	2277	+	3	2136	2267	132	0.9965	-0.142340476	0.435595994
STRG.3956	STRG.3956_ORF_5	2277	+	3	195	320	126	0.8194	0.04489028	0.905745602
STRG.3974	STRG.3974_ORF_1	867	+	1	289	429	141	0.7703	-0.234672512	0.256935638
STRG.3974	STRG.3974_ORF_2	867	+	3	642	719	78	0.6582	-0.059284788	0.772932854
STRG.3978	STRG.3978_ORF_1	292	+	3	192	269	78	0.5274	-0.076565238	0.765117785
STRG.3980	STRG.3980_ORF_1	838	+	3	402	662	261	0.6023	-0.051302529	0.818457082
STRG.3980	STRG.3980_ORF_2	838	+	1	715	834	120	0.903	-0.048340526	0.779026989
STRG.3988	STRG.3988_ORF_1	1113	+	2	428	550	123	0.8357	-0.062264889	0.745077752
STRG.3988	STRG.3988_ORF_2	1113	+	1	769	858	90	1.036	0.167647314	0.980242823
STRG.3990	STRG.3990_ORF_1	781	+	2	608	781	174	0.3473	-0.102131297	0.719474129
STRG.3999	STRG.3999_ORF_1	375	+	2	20	166	147	0.7534	0.018693168	0.910397152
STRG.4027	STRG.4027_ORF_1	766	+	1	34	318	285	0.8913	-0.122334253	0.610251843
STRG.4027	STRG.4027_ORF_2	766	+	3	12	185	174	1.0194	-0.147680772	0.490118492
STRG.4027	STRG.4027_ORF_3	766	+	2	422	544	123	0.7098	-0.129345223	0.584336683
STRG.4027	STRG.4027_ORF_4	766	+	1	541	642	102	0.6467	-0.275676604	0.17776073
STRG.4099	STRG.4099_ORF_1	521	+	2	323	520	198	0.9553	0.033925919	0.91757401
STRG.4099	STRG.4099_ORF_2	521	+	1	190	276	87	0.6283	-0.048238504	0.810631995
STRG.4101	STRG.4101_ORF_1	521	+	2	323	520	198	0.9553	0.033925919	0.91757401
STRG.4101	STRG.4101_ORF_2	521	+	1	190	276	87	0.6283	-0.048238504	0.810631995
STRG.4104	STRG.4104_ORF_1	521	+	2	323	520	198	0.9999	0.028587603	0.910076583
STRG.4104	STRG.4104_ORF_2	521	+	1	190	276	87	0.6283	-0.048238504	0.810631995
STRG.4124	STRG.4124_ORF_1	546	+	3	165	338	174	0.6101	-0.024627993	0.862026853
STRG.4136	STRG.4136_ORF_1	620	+	2	269	412	144	0.7296	-0.119564547	0.621903108
STRG.4136	STRG.4136_ORF_2	620	+	3	453	581	129	0.7251	-0.114716002	0.634496669
STRG.4136	STRG.4136_ORF_3	620	+	3	165	251	87	1.0845	-0.150391757	0.461783617
STRG.4143	STRG.4143_ORF_1	1459	+	1	637	1437	801	1.1948	0.224788384	0.993511537
STRG.4143	STRG.4143_ORF_2	1459	+	2	1076	1459	384	0.7506	-0.107945344	0.661259071
STRG.4144	STRG.4144_ORF_1	1459	+	1	637	1437	801	1.1948	0.224788384	0.993511537
STRG.4144	STRG.4144_ORF_2	1459	+	2	1076	1459	384	0.7506	-0.107945344	0.661259071
STRG.4145	STRG.4145_ORF_1	1459	+	1	637	1437	801	1.1948	0.224788384	0.993511537
STRG.4145	STRG.4145_ORF_2	1459	+	2	1076	1459	384	0.7506	-0.107945344	0.661259071
STRG.4146	STRG.4146_ORF_1	1459	+	1	637	1437	801	1.1948	0.224788384	0.993511537
STRG.4146	STRG.4146_ORF_2	1459	+	2	1076	1459	384	0.7506	-0.107945344	0.661259071
STRG.4147	STRG.4147_ORF_1	1459	+	1	637	1437	801	1.1948	0.224788384	0.993511537
STRG.4147	STRG.4147_ORF_2	1459	+	2	1076	1459	384	0.7506	-0.107945344	0.661259071
STRG.4148	STRG.4148_ORF_1	1459	+	1	637	1437	801	1.1948	0.224788384	0.993511537
STRG.4148	STRG.4148_ORF_2	1459	+	2	1076	1459	384	0.7506	-0.107945344	0.661259071
STRG.4152	STRG.4152_ORF_1	582	+	2	482	580	99	0.9268	-0.005014889	0.862508811
STRG.4152	STRG.4152_ORF_2	582	+	3	21	104	84	0.8785	-0.194682486	0.354182959
STRG.4203	STRG.4203_ORF_1	3477	+	3	708	965	258	0.772	-0.067010811	0.674621671
STRG.4203	STRG.4203_ORF_2	3477	+	3	324	551	228	0.9925	-0.0689051	0.634656623
STRG.4203	STRG.4203_ORF_3	3477	+	3	2859	3026	168	1.1326	-0.046110298	0.672403624
STRG.4203	STRG.4203_ORF_4	3477	+	1	2113	2271	159	1.0419	0.022183743	0.838764168
STRG.4203	STRG.4203_ORF_5	3477	+	2	2135	2254	120	0.9702	-0.304172952	0.071692451
STRG.4204	STRG.4204_ORF_1	501	+	3	159	245	87	0.7518	-0.00263086	0.878171549
STRG.4206	STRG.4206_ORF_1	1191	+	2	599	796	198	1.0167	0.049409078	0.920880103
STRG.4206	STRG.4206_ORF_2	1191	+	2	1019	1186	168	0.7529	-0.08325547	0.704745679
STRG.4206	STRG.4206_ORF_3	1191	+	1	10	129	120	0.4706	-0.071149119	0.760567916
STRG.4206	STRG.4206_ORF_4	1191	+	2	32	118	87	0.7991	-0.15624386	0.45926902
STRG.4206	STRG.4206_ORF_5	1191	+	3	774	860	87	0.9334	0.184425334	0.984713629
STRG.4217	STRG.4217_ORF_1	1070	+	1	61	204	144	1.0064	0.145284334	0.975427385
STRG.4217	STRG.4217_ORF_2	1070	+	1	250	369	120	1.1516	0.002110476	0.848806081
STRG.4217	STRG.4217_ORF_3	1070	+	3	306	407	102	0.5569	-0.092932031	0.696600981
STRG.4217	STRG.4217_ORF_4	1070	+	2	956	1054	99	0.6845	-0.159018645	0.474747857
STRG.4233	STRG.4233_ORF_1	702	+	3	369	638	270	0.8956	-0.06972723	0.755184543
STRG.4233	STRG.4233_ORF_2	702	+	1	457	630	174	0.9297	0.051744485	0.931165994
STRG.4242	STRG.4242_ORF_1	2649	+	3	2079	2456	378	0.7609	-0.085849974	0.675135197
STRG.4242	STRG.4242_ORF_2	2649	+	1	1228	1503	276	0.6134	-0.144227887	0.496246204
STRG.4242	STRG.4242_ORF_3	2649	+	2	1826	2074	249	0.7452	-0.077332406	0.6797127
STRG.4242	STRG.4242_ORF_4	2649	+	1	685	882	198	0.9216	-0.087656986	0.61688216
STRG.4242	STRG.4242_ORF_5	2649	+	1	1771	1893	123	0.4554	-0.123639338	0.556597325
STRG.4253	STRG.4253_ORF_1	858	+	2	326	643	318	0.5014	-0.100409407	0.725077117
STRG.4253	STRG.4253_ORF_2	858	+	3	390	608	219	0.4689	0.00166868	0.903259946
STRG.4253	STRG.4253_ORF_3	858	+	3	666	857	192	0.5006	-0.024950856	0.864168412
STRG.4253	STRG.4253_ORF_4	858	+	1	223	396	174	0.923	-0.101520641	0.645167715
STRG.4253	STRG.4253_ORF_5	858	+	1	631	750	120	0.5062	-0.202308549	0.376943834
STRG.4256	STRG.4256_ORF_1	1749	+	3	15	1748	1734	1.0474	0.129226414	0.989458208
STRG.4256	STRG.4256_ORF_2	1749	+	1	1528	1749	222	1.0787	-0.10197811	0.593372114
STRG.4256	STRG.4256_ORF_3	1749	+	1	280	492	213	1.0175	-0.076898605	0.675128878
STRG.4256	STRG.4256_ORF_4	1749	+	1	79	279	201	1.1242	0.056746783	0.915964675
STRG.4256	STRG.4256_ORF_5	1749	+	1	1243	1338	96	0.9757	-0.134855796	0.479228701
STRG.4260	STRG.4260_ORF_1	908	+	1	145	534	390	0.5434	-0.313371912	0.146271591
STRG.4260	STRG.4260_ORF_2	908	+	3	786	875	90	0.7632	-0.213163514	0.304541788
STRG.4261	STRG.4261_ORF_1	861	+	2	98	487	390	0.5434	-0.313371912	0.147323493
STRG.4261	STRG.4261_ORF_2	861	+	1	739	828	90	0.7632	-0.213163514	0.306323488
STRG.4281	STRG.4281_ORF_1	257	+	2	125	208	84	0.8254	-0.070457434	0.749467718
STRG.4285	STRG.4285_ORF_1	495	+	3	102	284	183	0.8572	-0.069060772	0.755508655
STRG.4285	STRG.4285_ORF_2	495	+	2	134	250	117	0.9834	-0.077803473	0.70901299
STRG.4288	STRG.4288_ORF_1	1376	+	3	381	722	342	0.6963	-0.054143045	0.798936964
STRG.4288	STRG.4288_ORF_2	1376	+	2	254	418	165	0.7191	0.077906108	0.949769695
STRG.4288	STRG.4288_ORF_3	1376	+	2	884	1042	159	0.5605	-0.067163255	0.75974379
STRG.4288	STRG.4288_ORF_4	1376	+	2	1046	1201	156	0.4789	-0.033430911	0.836626515
STRG.4288	STRG.4288_ORF_5	1376	+	3	84	212	129	0.7179	-0.08983633	0.677560844
STRG.4290	STRG.4290_ORF_1	874	+	1	559	714	156	0.6297	-0.101823083	0.679095672
STRG.4308	STRG.4308_ORF_1	1652	+	3	396	596	201	0.7092	-0.023424659	0.833767434
STRG.4308	STRG.4308_ORF_2	1652	+	2	1199	1372	174	0.7575	-0.205436111	0.311897335
STRG.4308	STRG.4308_ORF_3	1652	+	3	636	767	132	0.417	-0.163176841	0.480862193
STRG.4308	STRG.4308_ORF_4	1652	+	1	229	309	81	0.9147	-0.111551575	0.564657411
STRG.4321	STRG.4321_ORF_1	950	+	2	62	253	192	0.815	-0.100935763	0.660643993
STRG.4321	STRG.4321_ORF_2	950	+	1	499	642	144	0.6806	-0.0121731	0.864931444
STRG.4321	STRG.4321_ORF_3	950	+	3	669	764	96	0.5816	-0.285666706	0.159752842
STRG.4321	STRG.4321_ORF_4	950	+	3	237	320	84	0.7982	-0.195932579	0.346270801
STRG.4322	STRG.4322_ORF_1	2445	+	2	119	310	192	1.0626	-0.092994687	0.588152983
STRG.4322	STRG.4322_ORF_2	2445	+	2	1994	2131	138	0.6844	-0.048361525	0.753005432
STRG.4322	STRG.4322_ORF_3	2445	+	1	1561	1692	132	0.6661	0.002340392	0.855307735
STRG.4322	STRG.4322_ORF_4	2445	+	1	1144	1269	126	1.0937	-0.064704525	0.657844563
STRG.4322	STRG.4322_ORF_5	2445	+	3	1224	1334	111	1.1942	-0.005219249	0.794593883
STRG.4323	STRG.4323_ORF_1	360	+	1	148	246	99	0.8732	-0.122042306	0.597087468
STRG.4379	STRG.4379_ORF_1	292	+	1	37	183	147	0.5351	-0.130452576	0.62992709
STRG.4392	STRG.4392_ORF_1	911	+	3	213	524	312	0.6095	-0.118113127	0.659977894
STRG.4392	STRG.4392_ORF_2	911	+	1	511	651	141	0.8391	-0.020622584	0.840121818
STRG.4392	STRG.4392_ORF_3	911	+	3	594	686	93	0.6213	-0.160967158	0.483667704
STRG.4392	STRG.4392_ORF_4	911	+	1	376	462	87	0.6635	0.029440047	0.914413633
STRG.4446	STRG.4446_ORF_1	479	+	2	338	478	141	0.8818	0.253914707	0.994847951
STRG.4446	STRG.4446_ORF_2	479	+	1	208	285	78	0.7597	-0.040889534	0.813461512
STRG.4446	STRG.4446_ORF_3	479	+	1	295	372	78	0.6138	-0.021799907	0.858797001
STRG.4475	STRG.4475_ORF_1	920	+	1	349	435	87	0.881	-0.046594008	0.778281424
STRG.4475	STRG.4475_ORF_2	920	+	3	168	251	84	0.8865	-0.195535116	0.336968977
STRG.4477	STRG.4477_ORF_1	1582	+	1	58	501	444	0.7977	-0.105413487	0.667705496
STRG.4477	STRG.4477_ORF_2	1582	+	2	209	514	306	0.6584	-0.126488147	0.5990807
STRG.4477	STRG.4477_ORF_3	1582	+	3	306	446	141	0.5431	-0.162515995	0.469357616
STRG.4477	STRG.4477_ORF_4	1582	+	3	1203	1301	99	0.9604	-0.043233341	0.758301517
STRG.4477	STRG.4477_ORF_5	1582	+	2	1181	1258	78	0.8397	-0.048628241	0.755553202
STRG.4509	STRG.4509_ORF_1	1793	+	1	1444	1572	129	0.6936	-0.117015557	0.581929495
STRG.4509	STRG.4509_ORF_2	1793	+	3	1347	1466	120	0.9212	-0.177456946	0.356213755
STRG.4509	STRG.4509_ORF_3	1793	+	3	1182	1298	117	0.7561	-0.192505999	0.333619466
STRG.4509	STRG.4509_ORF_4	1793	+	1	10	99	90	0.3791	-0.10248377	0.662321657
STRG.4509	STRG.4509_ORF_5	1793	+	3	549	632	84	0.3416	-0.290192029	0.149636625
STRG.4548	STRG.4548_ORF_1	443	+	2	215	376	162	0.7505	0.029083533	0.920848088
STRG.4558	STRG.4558_ORF_1	308	+	2	164	307	144	0.7643	0.073503191	0.953950835
STRG.4559	STRG.4559_ORF_1	402	+	1	301	402	102	0.8983	-0.128476792	0.572029904
STRG.4563	STRG.4563_ORF_1	3719	+	3	3309	3617	309	0.6613	-0.020616349	0.800611017
STRG.4563	STRG.4563_ORF_2	3719	+	3	624	890	267	0.7024	-0.078213833	0.64307249
STRG.4563	STRG.4563_ORF_3	3719	+	1	337	555	219	1.0126	-0.013485162	0.769829071
STRG.4563	STRG.4563_ORF_4	3719	+	3	72	272	201	0.8889	0.036269056	0.871016486
STRG.4563	STRG.4563_ORF_5	3719	+	2	341	532	192	1.1473	-0.007045445	0.766908746
STRG.4594	STRG.4594_ORF_1	675	+	1	58	210	153	0.5519	0.036276508	0.931840224
STRG.4594	STRG.4594_ORF_2	675	+	2	38	157	120	0.5775	-0.167302024	0.485303023
STRG.4594	STRG.4594_ORF_3	675	+	3	210	323	114	0.536	-0.056806186	0.800684356
STRG.4604	STRG.4604_ORF_1	420	+	2	128	418	291	0.6463	0.014334512	0.918854797
STRG.4604	STRG.4604_ORF_2	420	+	3	273	419	147	0.7548	-0.088626095	0.715274568
STRG.4620	STRG.4620_ORF_1	680	+	1	292	465	174	0.6736	-0.141151407	0.565475483
STRG.4620	STRG.4620_ORF_2	680	+	2	512	601	90	0.5964	-0.027881633	0.84685077
STRG.4620	STRG.4620_ORF_3	680	+	3	543	632	90	0.7408	-0.150033147	0.511226149
STRG.4628	STRG.4628_ORF_1	252	+	2	17	136	120	0.9495	-0.217490125	0.299215211
STRG.4628	STRG.4628_ORF_2	252	+	3	66	158	93	0.7516	-0.033262944	0.835909805
STRG.4658	STRG.4658_ORF_1	1525	+	1	289	591	303	0.5131	-0.07127936	0.770150173
STRG.4658	STRG.4658_ORF_2	1525	+	3	588	746	159	1.0108	-0.117701	0.55139723
STRG.4658	STRG.4658_ORF_3	1525	+	1	937	1056	120	0.903	-0.242247285	0.202376096
STRG.4658	STRG.4658_ORF_4	1525	+	2	635	751	117	0.4902	-0.097934089	0.67606976
STRG.4658	STRG.4658_ORF_5	1525	+	2	236	328	93	0.7673	0.024695483	0.894850071
STRG.4659	STRG.4659_ORF_1	946	+	1	211	342	132	0.9549	0.002724048	0.867617282
STRG.4659	STRG.4659_ORF_2	946	+	2	590	670	81	0.9268	-0.029914961	0.807732822
STRG.4663	STRG.4663_ORF_1	2323	+	2	1244	1483	240	0.6599	-0.134165744	0.529622706
STRG.4663	STRG.4663_ORF_2	2323	+	3	1878	2078	201	0.6879	-0.06464776	0.725484552
STRG.4663	STRG.4663_ORF_3	2323	+	2	881	1078	198	0.4284	-0.061921947	0.760827737
STRG.4663	STRG.4663_ORF_4	2323	+	2	653	811	159	1.0996	-0.032393571	0.753109641
STRG.4663	STRG.4663_ORF_5	2323	+	1	1414	1563	150	0.74	-0.094261386	0.626951721
STRG.4682	STRG.4682_ORF_1	4331	+	1	3616	3954	339	0.7166	-0.102992921	0.551169196
STRG.4682	STRG.4682_ORF_2	4331	+	3	894	1142	249	0.7996	-0.190812348	0.259559941
STRG.4682	STRG.4682_ORF_3	4331	+	2	1502	1711	210	0.6957	-0.073718384	0.621977496
STRG.4682	STRG.4682_ORF_4	4331	+	2	839	967	129	1.1489	0.169906528	0.965173819
STRG.4682	STRG.4682_ORF_5	4331	+	2	620	712	93	0.7745	-0.01678977	0.750052758
STRG.4696	STRG.4696_ORF_1	321	+	2	83	217	135	0.6943	-0.058250814	0.795466795
STRG.4702	STRG.4702_ORF_1	299	+	1	199	297	99	1.0855	0.145045773	0.976686191
STRG.4723	STRG.4723_ORF_1	265	+	2	20	151	132	1.0622	-0.096837762	0.657145298
STRG.4724	STRG.4724_ORF_1	1241	+	3	342	545	204	1.0174	-0.015740925	0.832951824
STRG.4724	STRG.4724_ORF_2	1241	+	2	383	583	201	0.6235	0.021838521	0.910679208
STRG.4724	STRG.4724_ORF_3	1241	+	1	82	264	183	0.8594	0.040301257	0.917475635
STRG.4724	STRG.4724_ORF_4	1241	+	1	766	924	159	0.6911	-0.186579898	0.390238036
STRG.4724	STRG.4724_ORF_5	1241	+	2	89	175	87	0.7143	-0.093040912	0.667145181
STRG.4732	STRG.4732_ORF_1	252	+	1	49	252	204	0.5164	-0.070701062	0.796831455
STRG.4734	STRG.4734_ORF_1	1252	+	3	105	866	762	1.3306	0.408566171	0.999349021
STRG.4734	STRG.4734_ORF_2	1252	+	1	817	1128	312	0.6854	-0.110701665	0.657814798
STRG.4734	STRG.4734_ORF_3	1252	+	2	881	1153	273	0.6294	-0.138568768	0.573500771
STRG.4734	STRG.4734_ORF_4	1252	+	1	181	294	114	1.2993	-0.324949612	0.067228341
STRG.4734	STRG.4734_ORF_5	1252	+	1	484	567	84	1.0398	-0.111827428	0.563851525
STRG.4777	STRG.4777_ORF_1	3979	+	1	2950	3327	378	0.752	-0.037156698	0.755665285
STRG.4777	STRG.4777_ORF_2	3979	+	3	3360	3566	207	0.5645	-0.182606517	0.315794157
STRG.4777	STRG.4777_ORF_3	3979	+	3	1749	1925	177	0.9723	-0.064080631	0.621964324
STRG.4777	STRG.4777_ORF_4	3979	+	2	203	373	171	0.4554	-0.118061944	0.524605812
STRG.4777	STRG.4777_ORF_5	3979	+	3	2538	2705	168	0.5087	-0.001484043	0.828237102
STRG.4780	STRG.4780_ORF_1	592	+	2	158	403	246	0.7186	0.052996841	0.943723046
STRG.4780	STRG.4780_ORF_2	592	+	1	445	588	144	0.8722	-0.116912689	0.611397964
STRG.4780	STRG.4780_ORF_3	592	+	3	3	92	90	0.7492	-0.241056783	0.245649015
STRG.4780	STRG.4780_ORF_4	592	+	1	151	237	87	0.6271	-0.027777126	0.846429533
STRG.4780	STRG.4780_ORF_5	592	+	3	264	350	87	1.0533	-0.208033994	0.294088909
STRG.4794	STRG.4794_ORF_1	288	+	3	111	287	177	0.6368	0.016332145	0.916435872
STRG.4810	STRG.4810_ORF_1	297	+	1	73	174	102	0.8673	-0.2375697	0.252687803
STRG.4818	STRG.4818_ORF_1	472	+	2	209	298	90	1.1498	0.170510731	0.981819063
STRG.4818	STRG.4818_ORF_2	472	+	3	276	356	81	0.7198	0.007866012	0.893826074
STRG.4853	STRG.4853_ORF_1	1809	+	3	87	239	153	1.2578	0.423984532	0.999101788
STRG.4853	STRG.4853_ORF_2	1809	+	1	1624	1770	147	0.5481	-0.134317898	0.55062142
STRG.4853	STRG.4853_ORF_3	1809	+	1	133	267	135	1.2804	-0.212698195	0.222671515
STRG.4853	STRG.4853_ORF_4	1809	+	3	663	791	129	0.5251	0.018810622	0.898814062
STRG.4853	STRG.4853_ORF_5	1809	+	2	275	397	123	0.6447	-0.127295487	0.554527234
STRG.4861	STRG.4861_ORF_1	1527	+	1	925	1125	201	0.7382	-0.106335307	0.633016195
STRG.4861	STRG.4861_ORF_2	1527	+	2	1163	1315	153	0.5582	-0.100632597	0.665530639
STRG.4861	STRG.4861_ORF_3	1527	+	2	488	589	102	0.868	-0.040838452	0.775696842
STRG.4861	STRG.4861_ORF_4	1527	+	3	726	806	81	0.8065	-0.266701688	0.159581012
STRG.4867	STRG.4867_ORF_1	1072	+	3	456	713	258	0.9569	-0.114407178	0.607570367
STRG.4867	STRG.4867_ORF_2	1072	+	3	72	245	174	0.9201	-0.070536481	0.723561851
STRG.4867	STRG.4867_ORF_3	1072	+	3	912	1049	138	1.233	-0.306527421	0.0909331
STRG.4867	STRG.4867_ORF_4	1072	+	1	106	237	132	0.6482	-0.307304322	0.122018734
STRG.4867	STRG.4867_ORF_5	1072	+	2	167	253	87	1.03	0.014225097	0.873014345
STRG.4868	STRG.4868_ORF_1	2110	+	1	1153	1875	723	0.4794	-0.121343877	0.689395679
STRG.4868	STRG.4868_ORF_2	2110	+	1	682	1041	360	0.7218	-0.18310253	0.396228954
STRG.4868	STRG.4868_ORF_3	2110	+	3	966	1226	261	0.7658	-0.065694041	0.730351151
STRG.4868	STRG.4868_ORF_4	2110	+	3	1569	1829	261	0.5455	-0.014409536	0.856842778
STRG.4877	STRG.4877_ORF_1	1663	+	2	1148	1312	165	0.8303	-0.29300126	0.121770492
STRG.4877	STRG.4877_ORF_2	1663	+	1	73	204	132	0.9018	0.034910005	0.900208009
STRG.4877	STRG.4877_ORF_3	1663	+	1	1093	1194	102	0.7412	-0.126041847	0.547005747
STRG.4877	STRG.4877_ORF_4	1663	+	3	975	1061	87	0.9196	-0.077019823	0.669647654
STRG.4878	STRG.4878_ORF_1	288	+	3	198	287	90	0.713	-0.069641817	0.763395335
STRG.4883	STRG.4883_ORF_1	2626	+	3	1479	2624	1146	0.5607	-0.14263609	0.669242685
STRG.4883	STRG.4883_ORF_2	2626	+	3	390	932	543	0.7267	-0.201751988	0.350264293
STRG.4883	STRG.4883_ORF_3	2626	+	1	1771	2223	453	0.5324	-0.175430114	0.442281134
STRG.4883	STRG.4883_ORF_4	2626	+	1	2224	2625	402	0.9164	-0.198980121	0.309797362
STRG.4883	STRG.4883_ORF_5	2626	+	2	947	1246	300	0.6631	-0.184876964	0.36640036
STRG.4884	STRG.4884_ORF_1	1608	+	1	484	906	423	0.6179	-0.139068358	0.585969508
STRG.4891	STRG.4891_ORF_1	1608	+	1	484	906	423	0.6179	-0.139068358	0.585969508
STRG.4895	STRG.4895_ORF_1	1647	+	2	1175	1396	222	0.76	-0.223734295	0.270529381
STRG.4895	STRG.4895_ORF_2	1647	+	2	686	877	192	0.788	-0.129445571	0.547014808
STRG.4895	STRG.4895_ORF_3	1647	+	3	519	638	120	0.9199	-0.238779053	0.20450629
STRG.4895	STRG.4895_ORF_4	1647	+	1	931	1047	117	1.2014	0.08935207	0.938158702
STRG.4895	STRG.4895_ORF_5	1647	+	1	1540	1647	108	0.4057	0.027171518	0.914927042
STRG.4896	STRG.4896_ORF_1	475	+	1	226	399	174	0.5824	-0.047114598	0.827819772
STRG.4896	STRG.4896_ORF_2	475	+	3	111	224	114	0.8889	-0.209858096	0.318400745
STRG.4896	STRG.4896_ORF_3	475	+	2	344	451	108	0.8566	-0.124709069	0.587808226
STRG.4911	STRG.4911_ORF_1	770	+	3	99	473	375	0.7863	-0.176486577	0.469390768
STRG.4911	STRG.4911_ORF_2	770	+	1	313	519	207	0.74	-0.066933708	0.767410565
STRG.4911	STRG.4911_ORF_3	770	+	2	218	370	153	1.0673	0.016122461	0.884409352
STRG.4911	STRG.4911_ORF_4	770	+	3	618	716	99	0.6619	-0.11934136	0.617542227
STRG.4911	STRG.4911_ORF_5	770	+	1	160	249	90	0.5047	-0.18098631	0.442019629
STRG.4912	STRG.4912_ORF_1	770	+	3	99	473	375	0.6446	-0.173509373	0.499788626
STRG.4912	STRG.4912_ORF_2	770	+	1	313	519	207	0.7555	-0.064710134	0.770902076
STRG.4912	STRG.4912_ORF_3	770	+	2	218	370	153	0.9647	0.010096792	0.882587671
STRG.4912	STRG.4912_ORF_4	770	+	3	618	716	99	0.6619	-0.11934136	0.617542227
STRG.4912	STRG.4912_ORF_5	770	+	1	160	249	90	0.4474	-0.168546276	0.490409504
STRG.4936	STRG.4936_ORF_1	278	+	1	73	192	120	0.4922	-0.23003298	0.320958056
STRG.4936	STRG.4936_ORF_2	278	+	2	179	268	90	0.8111	-0.062463339	0.770020867
STRG.4947	STRG.4947_ORF_1	371	+	1	55	210	156	0.6239	-0.232231435	0.30062866
STRG.4947	STRG.4947_ORF_2	371	+	2	44	121	78	0.5959	-0.325533132	0.109629296
STRG.4951	STRG.4951_ORF_1	661	+	2	104	280	177	0.4774	-0.045082206	0.835795632
STRG.4955	STRG.4955_ORF_1	814	+	2	665	814	150	0.5861	0.004661684	0.896512459
STRG.4957	STRG.4957_ORF_1	634	+	1	322	474	153	0.8591	-0.0226772	0.842833515
STRG.4957	STRG.4957_ORF_2	634	+	2	422	544	123	0.8228	-0.002247953	0.874593163
STRG.4957	STRG.4957_ORF_3	634	+	1	97	195	99	0.5569	-0.140188569	0.57331329
STRG.4965	STRG.4965_ORF_1	291	+	3	147	254	108	0.833	-0.170716827	0.451752485
STRG.4965	STRG.4965_ORF_2	291	+	2	17	97	81	0.9383	-0.033854668	0.816777188
STRG.4974	STRG.4974_ORF_1	869	+	2	140	343	204	0.6915	-0.254823436	0.226417449
STRG.4974	STRG.4974_ORF_2	869	+	1	238	420	183	1.2072	-0.017746011	0.820497013
STRG.4974	STRG.4974_ORF_3	869	+	1	646	732	87	0.9967	0.003900904	0.864143218
STRG.4979	STRG.4979_ORF_1	508	+	1	298	504	207	0.6593	-0.068317787	0.780752309
STRG.4992	STRG.4992_ORF_1	577	+	2	500	577	78	0.7027	-0.205260104	0.345701567
STRG.5033	STRG.5033_ORF_1	284	+	2	170	268	99	0.4913	-0.168003194	0.50914663
STRG.5034	STRG.5034_ORF_1	1038	+	1	277	570	294	0.6749	-0.051491555	0.810043772
STRG.5034	STRG.5034_ORF_2	1038	+	3	777	953	177	0.6308	-0.141686152	0.554767399
STRG.5034	STRG.5034_ORF_3	1038	+	2	383	490	108	1.0371	-0.302948972	0.103608082
STRG.5034	STRG.5034_ORF_4	1038	+	1	916	996	81	0.7161	-0.237740726	0.241187961
STRG.5034	STRG.5034_ORF_5	1038	+	2	665	742	78	0.833	-0.288077734	0.13372879
STRG.5061	STRG.5061_ORF_1	318	+	2	56	190	135	0.7509	0.067147265	0.950163346
STRG.5061	STRG.5061_ORF_2	318	+	1	187	318	132	0.5359	-0.025879155	0.866261624
STRG.5061	STRG.5061_ORF_3	318	+	2	239	316	78	0.5275	0.032367393	0.929929293
STRG.5061	STRG.5061_ORF_4	318	+	3	30	107	78	0.6531	-0.288030947	0.163357254
STRG.5083	STRG.5083_ORF_1	253	+	1	13	129	117	0.8545	-0.026126504	0.842658074
STRG.5146	STRG.5146_ORF_1	262	+	3	144	260	117	0.819	-0.113774659	0.637238052
STRG.5165	STRG.5165_ORF_1	648	+	2	215	358	144	0.7646	0.010042875	0.89556832
STRG.5165	STRG.5165_ORF_2	648	+	2	383	490	108	0.6985	-0.03404061	0.830604651
STRG.5170	STRG.5170_ORF_1	493	+	2	32	184	153	0.8542	-0.04091774	0.813291747
STRG.5201	STRG.5201_ORF_1	2477	+	1	1792	2016	225	0.6532	-0.090527865	0.656600141
STRG.5201	STRG.5201_ORF_2	2477	+	2	146	334	189	0.8795	0.054692834	0.914247769
STRG.5201	STRG.5201_ORF_3	2477	+	1	1135	1287	153	0.6839	-0.09206095	0.635376352
STRG.5201	STRG.5201_ORF_4	2477	+	2	1250	1399	150	0.4828	-0.041887958	0.789233311
STRG.5201	STRG.5201_ORF_5	2477	+	3	312	431	120	0.956	0.013339778	0.849925077
STRG.5235	STRG.5235_ORF_1	419	+	1	88	333	246	0.8435	0.006635545	0.898190953
STRG.5235	STRG.5235_ORF_2	419	+	2	299	418	120	0.7656	0.058832367	0.942793155
STRG.5236	STRG.5236_ORF_1	1272	+	2	29	658	630	0.6682	-0.079064636	0.787875163
STRG.5236	STRG.5236_ORF_2	1272	+	1	304	492	189	0.9329	-0.074846051	0.705709393
STRG.5236	STRG.5236_ORF_3	1272	+	1	103	240	138	0.8502	-0.198057861	0.329636763
STRG.5236	STRG.5236_ORF_4	1272	+	1	1141	1272	132	0.9438	-0.074818615	0.695313078
STRG.5255	STRG.5255_ORF_1	1149	+	3	888	1010	123	0.6371	-0.063164666	0.763344008
STRG.5255	STRG.5255_ORF_2	1149	+	1	616	729	114	0.7748	-0.10678101	0.626925421
STRG.5255	STRG.5255_ORF_3	1149	+	1	166	261	96	0.9817	0.090554956	0.949641044
STRG.5255	STRG.5255_ORF_4	1149	+	3	48	128	81	0.9014	-0.119844698	0.562295708
STRG.5269	STRG.5269_ORF_1	702	+	2	473	634	162	1.1539	-0.022026962	0.818979414
STRG.5269	STRG.5269_ORF_2	702	+	3	408	542	135	1.2496	-0.214759371	0.257131899
STRG.5269	STRG.5269_ORF_3	702	+	3	84	179	96	0.5929	-0.312342586	0.122655523
STRG.5269	STRG.5269_ORF_4	702	+	2	176	259	84	0.7163	-0.127459645	0.584881432
STRG.5314	STRG.5314_ORF_1	1507	+	1	856	1029	174	0.7606	-0.141725155	0.514274557
STRG.5314	STRG.5314_ORF_2	1507	+	3	180	317	138	1.1852	-0.011747131	0.81182244
STRG.5314	STRG.5314_ORF_3	1507	+	3	1137	1226	90	0.4956	-0.152354279	0.502779382
STRG.5316	STRG.5316_ORF_1	2432	+	1	1318	1587	270	0.5895	-0.092777141	0.667940384
STRG.5316	STRG.5316_ORF_2	2432	+	1	199	360	162	0.6044	-0.108549545	0.599559083
STRG.5316	STRG.5316_ORF_3	2432	+	2	1910	2056	147	0.7334	-0.137651999	0.484975959
STRG.5316	STRG.5316_ORF_4	2432	+	3	1758	1892	135	0.5884	-0.053293809	0.751627269
STRG.5316	STRG.5316_ORF_5	2432	+	1	853	960	108	0.8649	-0.070697497	0.667995417
STRG.5336	STRG.5336_ORF_1	4978	+	3	3792	4025	234	0.8202	0.002809636	0.788789934
STRG.5336	STRG.5336_ORF_2	4978	+	2	4271	4483	213	0.616	-0.18626538	0.264115119
STRG.5336	STRG.5336_ORF_3	4978	+	1	649	798	150	1.03	-0.083195618	0.504392693
STRG.5336	STRG.5336_ORF_4	4978	+	2	1793	1939	147	0.5671	-0.196352623	0.235617724
STRG.5336	STRG.5336_ORF_5	4978	+	1	2506	2646	141	0.6472	-0.223460541	0.170908291
STRG.5399	STRG.5399_ORF_1	694	+	1	259	360	102	0.5637	-0.200030055	0.379594864
STRG.5411	STRG.5411_ORF_1	740	+	1	340	492	153	0.7404	0.035350976	0.922799349
STRG.5411	STRG.5411_ORF_2	740	+	1	166	309	144	1.0666	-0.162180007	0.432146618
STRG.5412	STRG.5412_ORF_1	1484	+	2	824	973	150	0.9297	0.005884735	0.864520039
STRG.5412	STRG.5412_ORF_2	1484	+	3	1032	1142	111	0.6793	-0.302864913	0.116713005
STRG.5412	STRG.5412_ORF_3	1484	+	2	44	130	87	1.1199	0.01901654	0.86569809
STRG.5432	STRG.5432_ORF_1	826	+	2	401	520	120	0.6363	-0.150696533	0.523611841
STRG.5432	STRG.5432_ORF_2	826	+	1	268	372	105	0.9429	0.00430502	0.870838021
STRG.5432	STRG.5432_ORF_3	826	+	2	599	682	84	0.6433	-0.229267891	0.278156322
STRG.5432	STRG.5432_ORF_4	826	+	2	719	796	78	1.0196	-0.328509846	0.07847813
STRG.5437	STRG.5437_ORF_1	3854	+	3	3342	3854	513	0.745	-0.008852337	0.83545061
STRG.5437	STRG.5437_ORF_2	3854	+	2	2486	2800	315	1.0238	0.191828014	0.980280958
STRG.5437	STRG.5437_ORF_3	3854	+	1	2677	2865	189	1.1218	-0.070236142	0.589511038
STRG.5437	STRG.5437_ORF_4	3854	+	1	1237	1395	159	1.0135	0.025994302	0.838576615
STRG.5437	STRG.5437_ORF_5	3854	+	3	999	1154	156	1.0526	0.060451594	0.887776377
STRG.5443	STRG.5443_ORF_1	814	+	2	509	616	108	0.7021	0.102839559	0.965413307
STRG.5443	STRG.5443_ORF_2	814	+	3	111	218	108	0.6498	-0.07725814	0.736860347
STRG.5443	STRG.5443_ORF_3	814	+	1	703	789	87	0.7583	-0.165249455	0.453021782
STRG.5443	STRG.5443_ORF_4	814	+	1	310	387	78	1.0777	-0.051484102	0.748184584
STRG.5448	STRG.5448_ORF_1	793	+	3	72	221	150	0.6436	-0.016673006	0.864480687
STRG.5448	STRG.5448_ORF_2	793	+	3	408	500	93	0.785	0.099983045	0.962157369
STRG.5453	STRG.5453_ORF_1	1091	+	3	858	1028	171	0.3928	-0.023906697	0.866401597
STRG.5453	STRG.5453_ORF_2	1091	+	2	359	511	153	0.6317	-0.057788793	0.781954095
STRG.5453	STRG.5453_ORF_3	1091	+	3	501	617	117	0.8577	-0.112766266	0.600026691
STRG.5454	STRG.5454_ORF_1	872	+	2	572	766	195	0.5176	0.0177777	0.91629001
STRG.5454	STRG.5454_ORF_2	872	+	3	252	338	87	0.8422	0.043534532	0.920789466
STRG.5483	STRG.5483_ORF_1	480	+	2	167	415	249	0.8033	-0.116817179	0.644525689
STRG.5483	STRG.5483_ORF_2	480	+	1	280	480	201	0.6096	0.01935315	0.919379822
STRG.5486	STRG.5486_ORF_1	823	+	2	146	415	270	0.9594	0.052503262	0.933935328
STRG.5486	STRG.5486_ORF_2	823	+	1	559	654	96	0.8774	-0.189352101	0.362391995
STRG.5486	STRG.5486_ORF_3	823	+	1	667	753	87	0.6318	-0.252196953	0.224314266
STRG.5523	STRG.5523_ORF_1	239	+	1	43	132	90	1.0073	-0.125297874	0.571313786
STRG.5554	STRG.5554_ORF_1	999	+	1	637	822	186	0.7677	-0.250485449	0.221964773
STRG.5587	STRG.5587_ORF_1	2317	+	1	1852	2181	330	0.8392	-0.089929192	0.658231623
STRG.5587	STRG.5587_ORF_2	2317	+	3	402	545	144	1.0505	-0.042443562	0.731785522
STRG.5587	STRG.5587_ORF_3	2317	+	3	1581	1715	135	0.8677	-0.099803513	0.589543054
STRG.5587	STRG.5587_ORF_4	2317	+	1	1360	1467	108	1.1874	-0.050883735	0.687103971
STRG.5587	STRG.5587_ORF_5	2317	+	3	2046	2132	87	1.1147	-0.069591596	0.639049869
STRG.5607	STRG.5607_ORF_1	2432	+	3	405	683	279	0.5302	-0.017378678	0.847623729
STRG.5607	STRG.5607_ORF_2	2432	+	3	1200	1346	147	0.9006	-0.000535191	0.834199943
STRG.5607	STRG.5607_ORF_3	2432	+	2	710	820	111	0.6509	-0.273779305	0.141809031
STRG.5607	STRG.5607_ORF_4	2432	+	2	1178	1279	102	0.9734	-0.126364733	0.4776667
STRG.5607	STRG.5607_ORF_5	2432	+	2	74	151	78	1.1545	-0.06177775	0.650569098
STRG.5636	STRG.5636_ORF_1	410	+	2	41	295	255	0.7482	-0.043495388	0.831058119
STRG.5636	STRG.5636_ORF_2	410	+	3	6	125	120	0.693	-0.262543878	0.212232389
STRG.5636	STRG.5636_ORF_3	410	+	3	312	410	99	1.0262	-0.104752485	0.626736402
STRG.5651	STRG.5651_ORF_1	257	+	3	153	257	105	1.1112	0.019139378	0.891208186
STRG.5656	STRG.5656_ORF_1	1709	+	3	1101	1319	219	0.6726	-0.150021149	0.499930386
STRG.5656	STRG.5656_ORF_2	1709	+	2	1571	1708	138	0.8007	-0.269805518	0.156156244
STRG.5656	STRG.5656_ORF_3	1709	+	1	286	420	135	0.7741	-0.045478418	0.773564932
STRG.5656	STRG.5656_ORF_4	1709	+	1	1414	1539	126	0.8982	-0.13619256	0.493785109
STRG.5656	STRG.5656_ORF_5	1709	+	3	666	782	117	0.9959	-0.109426153	0.563944891
STRG.5659	STRG.5659_ORF_1	851	+	1	619	813	195	0.5884	-0.015582208	0.872532157
STRG.5659	STRG.5659_ORF_2	851	+	3	270	383	114	0.7399	-0.196357464	0.362128891
STRG.5659	STRG.5659_ORF_3	851	+	1	433	531	99	0.938	-0.161694056	0.438939939
STRG.5659	STRG.5659_ORF_4	851	+	2	644	721	78	0.7222	-0.243874399	0.231832655
STRG.5671	STRG.5671_ORF_1	2943	+	3	549	896	348	0.5246	-0.053534072	0.770821626
STRG.5671	STRG.5671_ORF_2	2943	+	3	2286	2600	315	1.206	0.094408843	0.937122661
STRG.5671	STRG.5671_ORF_3	2943	+	2	1190	1420	231	0.7918	-0.104296065	0.57687346
STRG.5671	STRG.5671_ORF_4	2943	+	2	1436	1597	162	0.9285	0.081529697	0.92964126
STRG.5671	STRG.5671_ORF_5	2943	+	1	1267	1407	141	0.5824	-0.03884644	0.770479553
STRG.5709	STRG.5709_ORF_1	256	+	1	112	201	90	0.5463	-0.066340699	0.788802543
STRG.5710	STRG.5710_ORF_1	2576	+	2	2252	2575	324	0.7286	-0.19966394	0.320773585
STRG.5710	STRG.5710_ORF_2	2576	+	1	208	318	111	0.9696	-0.045380224	0.719452928
STRG.5710	STRG.5710_ORF_3	2576	+	2	716	826	111	0.8046	0.01144127	0.854931214
STRG.5710	STRG.5710_ORF_4	2576	+	1	2467	2574	108	1.1232	0.014321949	0.835024887
STRG.5710	STRG.5710_ORF_5	2576	+	3	630	719	90	0.652	-0.154214692	0.426575962
STRG.5751	STRG.5751_ORF_1	2943	+	2	446	751	306	0.8764	-0.113860404	0.548291936
STRG.5751	STRG.5751_ORF_2	2943	+	1	1117	1407	291	0.8229	-0.030173327	0.785242259
STRG.5751	STRG.5751_ORF_3	2943	+	1	2059	2325	267	0.7845	-0.006606711	0.832802138
STRG.5751	STRG.5751_ORF_4	2943	+	3	1185	1430	246	0.8527	0.142351604	0.970018761
STRG.5751	STRG.5751_ORF_5	2943	+	2	1970	2170	201	0.9605	-0.074797214	0.638675729
STRG.5757	STRG.5757_ORF_1	349	+	3	63	146	84	0.7857	-0.244831626	0.239870755
STRG.5763	STRG.5763_ORF_1	258	+	1	22	105	84	0.7518	-0.212203694	0.332904305
STRG.5765	STRG.5765_ORF_1	287	+	1	166	285	120	0.8741	-0.087285358	0.705073026
STRG.5772	STRG.5772_ORF_1	977	+	1	76	210	135	1.0095	-0.039116612	0.786407298
STRG.5772	STRG.5772_ORF_2	977	+	1	778	909	132	0.5017	-0.060910162	0.788748961
STRG.5772	STRG.5772_ORF_3	977	+	2	404	523	120	0.4936	-0.167438157	0.483692344
STRG.5772	STRG.5772_ORF_4	977	+	1	655	735	81	0.7879	-0.101498964	0.642271852
STRG.5772	STRG.5772_ORF_5	977	+	3	756	836	81	0.6076	-0.153367565	0.505015603
STRG.5795	STRG.5795_ORF_1	1884	+	1	475	681	207	0.9701	0.036668976	0.900244185
STRG.5795	STRG.5795_ORF_2	1884	+	1	1675	1830	156	0.3977	-0.089747858	0.70300106
STRG.5795	STRG.5795_ORF_3	1884	+	3	330	458	129	1.126	0.114464192	0.955012594
STRG.5795	STRG.5795_ORF_4	1884	+	1	313	405	93	1.011	-0.076507459	0.651270158
STRG.5795	STRG.5795_ORF_5	1884	+	1	742	834	93	0.613	-0.184619009	0.3681057
STRG.5799	STRG.5799_ORF_1	262	+	3	42	167	126	0.8077	0.013512147	0.902360458
STRG.5799	STRG.5799_ORF_2	262	+	2	53	151	99	0.7709	-0.154834646	0.511666822
STRG.5799	STRG.5799_ORF_3	262	+	1	172	261	90	0.8036	-0.06587084	0.763435394
STRG.5802	STRG.5802_ORF_1	255	+	2	167	253	87	1.0533	-0.132174377	0.541424562
STRG.5822	STRG.5822_ORF_1	1295	+	1	382	516	135	0.7995	-0.076074148	0.709254588
STRG.5822	STRG.5822_ORF_2	1295	+	1	1057	1170	114	0.7323	-0.115825821	0.598904065
STRG.5822	STRG.5822_ORF_3	1295	+	3	219	332	114	0.8669	-0.290588914	0.125732715
STRG.5822	STRG.5822_ORF_4	1295	+	1	817	918	102	0.5888	-0.081382739	0.715377331
STRG.5822	STRG.5822_ORF_5	1295	+	3	621	701	81	0.8359	-0.087057171	0.665314497
STRG.5828	STRG.5828_ORF_1	765	+	2	308	454	147	0.4933	-0.014168914	0.878297186
STRG.5835	STRG.5835_ORF_1	283	+	1	172	282	111	1.0269	-0.013693373	0.84913091
STRG.5860	STRG.5860_ORF_1	1200	+	3	471	731	261	0.5173	-0.015557544	0.87584212
STRG.5860	STRG.5860_ORF_2	1200	+	2	932	1108	177	0.5749	-0.243105089	0.251935671
STRG.5860	STRG.5860_ORF_3	1200	+	3	189	365	177	0.6529	-0.040686693	0.81528861
STRG.5860	STRG.5860_ORF_4	1200	+	3	885	1037	153	0.8597	-0.083643024	0.687659403
STRG.5860	STRG.5860_ORF_5	1200	+	3	1074	1184	111	0.522	-0.173355899	0.448875218
STRG.5865	STRG.5865_ORF_1	5254	+	1	4183	4542	360	0.5959	-0.055769181	0.676637514
STRG.5865	STRG.5865_ORF_2	5254	+	2	5006	5197	192	0.6995	-0.15663293	0.319580872
STRG.5865	STRG.5865_ORF_3	5254	+	2	401	583	183	0.6165	-0.052523763	0.65320054
STRG.5865	STRG.5865_ORF_4	5254	+	1	3718	3885	168	0.4937	-0.168636523	0.308221626
STRG.5865	STRG.5865_ORF_5	5254	+	2	722	874	153	0.8566	-0.145265485	0.325047901
STRG.5899	STRG.5899_ORF_1	260	+	2	116	259	144	0.9494	-0.028709573	0.833181031
STRG.5899	STRG.5899_ORF_2	260	+	3	165	260	96	1.0296	-0.074568537	0.717334079
STRG.5900	STRG.5900_ORF_1	254	+	2	32	130	99	0.6064	0.061894242	0.950204182
STRG.5913	STRG.5913_ORF_1	2181	+	3	1803	1910	108	0.7177	0.001344919	0.853525063
STRG.5913	STRG.5913_ORF_2	2181	+	2	1967	2071	105	0.9302	-0.23895859	0.186394662
STRG.5913	STRG.5913_ORF_3	2181	+	3	1203	1304	102	0.7506	-0.231065439	0.219549744
STRG.5913	STRG.5913_ORF_4	2181	+	2	1004	1090	87	0.7168	-0.122895156	0.534845717
STRG.5913	STRG.5913_ORF_5	2181	+	2	728	805	78	1.0851	-0.090358207	0.583554679
STRG.5937	STRG.5937_ORF_1	823	+	3	39	182	144	0.7504	-0.11039281	0.638256712
STRG.5937	STRG.5937_ORF_2	823	+	2	431	523	93	0.8342	-0.164758774	0.444300271
STRG.5937	STRG.5937_ORF_3	823	+	3	381	461	81	0.82	0.003066416	0.87509327
STRG.5938	STRG.5938_ORF_1	256	+	2	125	256	132	0.9925	0.080215725	0.951839165
STRG.5939	STRG.5939_ORF_1	758	+	2	512	619	108	0.9218	-0.17633176	0.40086952
STRG.5939	STRG.5939_ORF_2	758	+	1	220	324	105	0.9332	-0.221236286	0.270556531
STRG.5941	STRG.5941_ORF_1	442	+	3	189	434	246	0.9181	-7.16E-05	0.885195949
STRG.5941	STRG.5941_ORF_2	442	+	3	63	188	126	1.313	0.05498763	0.919189954
STRG.5958	STRG.5958_ORF_1	505	+	3	54	155	102	0.9563	0.018668523	0.894864549
STRG.5967	STRG.5967_ORF_1	1971	+	1	1309	1563	255	0.6206	-0.010878619	0.859499937
STRG.5967	STRG.5967_ORF_2	1971	+	3	1797	1922	126	0.6741	-0.103257865	0.619175689
STRG.5967	STRG.5967_ORF_3	1971	+	3	1152	1268	117	0.7685	-0.12908341	0.522386732
STRG.5967	STRG.5967_ORF_4	1971	+	3	732	833	102	1.0437	-0.031354816	0.76511439
STRG.5967	STRG.5967_ORF_5	1971	+	1	1018	1113	96	0.8378	-0.214508572	0.254956235
STRG.5980	STRG.5980_ORF_1	1024	+	1	1	306	306	0.7319	0.07706048	0.956548065
STRG.5980	STRG.5980_ORF_2	1024	+	1	685	888	204	0.8798	-0.096060297	0.665326233
STRG.5980	STRG.5980_ORF_3	1024	+	2	215	334	120	0.4989	-0.055226998	0.798189193
STRG.5980	STRG.5980_ORF_4	1024	+	1	928	1023	96	0.8428	-0.085820652	0.681112721
STRG.5980	STRG.5980_ORF_5	1024	+	2	362	439	78	0.434	-0.046183958	0.817286525
STRG.6002	STRG.6002_ORF_1	268	+	2	2	196	195	0.7961	-0.122085107	0.628968953
STRG.6002	STRG.6002_ORF_2	268	+	1	148	243	96	0.6663	-0.248053233	0.249495176
STRG.6008	STRG.6008_ORF_1	271	+	2	68	271	204	0.8628	0.057172154	0.943436911
STRG.6008	STRG.6008_ORF_2	271	+	3	144	230	87	0.7787	0.083051005	0.957265496
STRG.6012	STRG.6012_ORF_1	326	+	2	194	310	117	1.2058	0.119277842	0.965775668
STRG.6039	STRG.6039_ORF_1	725	+	1	169	294	126	0.6202	0.017072587	0.908643821
STRG.6039	STRG.6039_ORF_2	725	+	3	324	446	123	0.8766	-0.196468859	0.350127028
STRG.6039	STRG.6039_ORF_3	725	+	2	56	166	111	0.676	-0.189703873	0.395967436
STRG.6039	STRG.6039_ORF_4	725	+	2	536	643	108	0.5958	-0.17723124	0.446181403
STRG.6043	STRG.6043_ORF_1	586	+	3	243	419	177	1.1071	0.00576903	0.873109561
STRG.6043	STRG.6043_ORF_2	586	+	2	152	271	120	0.7106	-0.075789067	0.743246715
STRG.6043	STRG.6043_ORF_3	586	+	1	466	579	114	0.8292	-0.072787099	0.736433489
STRG.6044	STRG.6044_ORF_1	357	+	2	215	319	105	0.9173	0.070131566	0.945776454
STRG.6044	STRG.6044_ORF_2	357	+	1	40	117	78	0.8373	-0.288921082	0.146773944
STRG.6044	STRG.6044_ORF_3	357	+	3	108	185	78	0.9403	0.021548351	0.899908229
STRG.6056	STRG.6056_ORF_1	710	+	1	340	447	108	0.6353	-0.062161128	0.777669756
STRG.6096	STRG.6096_ORF_1	361	+	2	119	361	243	0.6683	-0.123562691	0.646516927
STRG.6096	STRG.6096_ORF_2	361	+	3	168	359	192	0.8581	-0.145846518	0.54116887
STRG.6099	STRG.6099_ORF_1	399	+	2	152	397	246	0.7587	-0.056134691	0.805110517
STRG.6099	STRG.6099_ORF_2	399	+	3	21	182	162	0.9007	-0.045023723	0.804518126
STRG.6107	STRG.6107_ORF_1	5804	+	2	3905	4291	387	0.5402	-0.018923704	0.76316492
STRG.6107	STRG.6107_ORF_2	5804	+	2	4904	5137	234	0.5558	-0.077422276	0.571335889
STRG.6107	STRG.6107_ORF_3	5804	+	1	3457	3660	204	0.7315	-0.061945992	0.589388644
STRG.6107	STRG.6107_ORF_4	5804	+	2	3212	3376	165	0.4927	-0.162355104	0.304245492
STRG.6107	STRG.6107_ORF_5	5804	+	2	4355	4498	144	0.6746	-0.19899191	0.194029991
STRG.6111	STRG.6111_ORF_1	2134	+	2	236	454	219	0.6454	-0.020097122	0.834891735
STRG.6111	STRG.6111_ORF_2	2134	+	1	463	624	162	0.8115	-0.04522734	0.760331785
STRG.6111	STRG.6111_ORF_3	2134	+	1	1426	1584	159	1.0185	0.048043881	0.90355524
STRG.6111	STRG.6111_ORF_4	2134	+	1	1966	2124	159	0.8119	-0.140719933	0.47913657
STRG.6111	STRG.6111_ORF_5	2134	+	2	890	1045	156	0.4753	-0.098455838	0.658971856
STRG.6128	STRG.6128_ORF_1	695	+	1	208	423	216	0.3564	-0.045862493	0.847087783
STRG.6128	STRG.6128_ORF_2	695	+	2	38	163	126	0.9107	-0.080211783	0.705425194
STRG.6128	STRG.6128_ORF_3	695	+	1	547	663	117	0.4141	-0.015594312	0.880174771
STRG.6128	STRG.6128_ORF_4	695	+	1	439	546	108	0.8039	0.007539953	0.886711398
STRG.6129	STRG.6129_ORF_1	1332	+	1	349	495	147	0.5207	0.008130751	0.895435147
STRG.6129	STRG.6129_ORF_2	1332	+	2	836	931	96	0.7721	-0.04565176	0.779899329
STRG.6129	STRG.6129_ORF_3	1332	+	1	895	984	90	0.5633	-0.082347737	0.712665669
STRG.6129	STRG.6129_ORF_4	1332	+	2	698	778	81	0.8988	-0.063306415	0.721275826
STRG.6129	STRG.6129_ORF_5	1332	+	2	476	553	78	0.8952	-0.165534498	0.40805867
STRG.6142	STRG.6142_ORF_1	272	+	2	41	232	192	1.1518	0.032633256	0.910325068
STRG.6142	STRG.6142_ORF_2	272	+	3	81	272	192	1.0973	0.107638288	0.965109614
STRG.6156	STRG.6156_ORF_1	973	+	3	480	722	243	0.6754	-0.029122851	0.847107115
STRG.6156	STRG.6156_ORF_2	973	+	2	125	229	105	0.6263	-0.173129954	0.443351951
STRG.6156	STRG.6156_ORF_3	973	+	1	244	342	99	0.502	-0.047463935	0.81255758
STRG.6158	STRG.6158_ORF_1	341	+	3	165	341	177	0.5444	-0.071573435	0.78623203
STRG.6158	STRG.6158_ORF_2	341	+	1	178	273	96	0.9718	-0.201413988	0.333951281
STRG.6158	STRG.6158_ORF_3	341	+	2	254	340	87	0.7112	-0.193376227	0.391696772
STRG.6172	STRG.6172_ORF_1	3302	+	1	1627	1770	144	0.8561	4.35E-05	0.816312436
STRG.6172	STRG.6172_ORF_2	3302	+	1	2275	2400	126	0.7799	-0.203357226	0.248055733
STRG.6172	STRG.6172_ORF_3	3302	+	3	210	311	102	1.036	0.013239613	0.821210192
STRG.6172	STRG.6172_ORF_4	3302	+	3	441	542	102	0.5653	-0.056054118	0.711875629
STRG.6172	STRG.6172_ORF_5	3302	+	2	323	421	99	0.8422	-0.155548951	0.36640506
STRG.6208	STRG.6208_ORF_1	2760	+	1	382	492	111	0.6026	0.037761725	0.900259215
STRG.6208	STRG.6208_ORF_2	2760	+	2	992	1096	105	0.8958	-0.069286415	0.654377855
STRG.6208	STRG.6208_ORF_3	2760	+	2	2129	2224	96	0.506	-0.133738334	0.506634287
STRG.6208	STRG.6208_ORF_4	2760	+	2	1544	1630	87	0.8102	-0.091509924	0.59564421
STRG.6208	STRG.6208_ORF_5	2760	+	2	1700	1786	87	0.7138	-0.205162723	0.263770154
STRG.6209	STRG.6209_ORF_1	6512	+	3	708	1031	324	0.7308	-0.058614217	0.591469623
STRG.6209	STRG.6209_ORF_2	6512	+	2	2828	3064	237	0.6308	0.023719522	0.806526175
STRG.6209	STRG.6209_ORF_3	6512	+	2	6323	6511	189	0.8496	-0.159194153	0.248975992
STRG.6209	STRG.6209_ORF_4	6512	+	2	806	991	186	0.4866	0.015927853	0.797791686
STRG.6209	STRG.6209_ORF_5	6512	+	2	3101	3256	156	0.6203	-0.093846979	0.462784464
STRG.6230	STRG.6230_ORF_1	251	+	3	18	134	117	1.0221	-0.154309851	0.480418051
STRG.6230	STRG.6230_ORF_2	251	+	3	138	251	114	0.772	0.059226879	0.944220795
STRG.6264	STRG.6264_ORF_1	886	+	3	312	599	288	0.6375	-0.066947789	0.78497045
STRG.6264	STRG.6264_ORF_2	886	+	2	698	862	165	0.8877	-0.053655969	0.773116719
STRG.6264	STRG.6264_ORF_3	886	+	3	21	176	156	0.587	-0.160942541	0.501917631
STRG.6264	STRG.6264_ORF_4	886	+	2	506	634	129	0.6816	0.086680499	0.958322682
STRG.6264	STRG.6264_ORF_5	886	+	1	295	399	105	0.7595	-0.053448793	0.778710952
STRG.6325	STRG.6325_ORF_1	744	+	2	269	547	279	0.9351	0.040093446	0.925771206
STRG.6325	STRG.6325_ORF_2	744	+	3	165	269	105	1.1701	-0.226509047	0.232070235
STRG.6325	STRG.6325_ORF_3	744	+	3	648	743	96	1.1059	-0.005605608	0.844514858
STRG.6326	STRG.6326_ORF_1	430	+	1	151	264	114	0.9592	0.066434714	0.941600706
STRG.6326	STRG.6326_ORF_2	430	+	3	255	356	102	0.9452	0.203131835	0.989521727
STRG.6331	STRG.6331_ORF_1	736	+	1	79	507	429	1.0081	-0.012039169	0.872366206
STRG.6331	STRG.6331_ORF_2	736	+	2	305	658	354	1.1069	0.047560227	0.929422774
STRG.6331	STRG.6331_ORF_3	736	+	3	528	632	105	0.6822	-0.149663287	0.521376696
STRG.6337	STRG.6337_ORF_1	4252	+	1	46	1179	1134	1.0136	0.197353371	0.989416309
STRG.6337	STRG.6337_ORF_2	4252	+	2	1505	1903	399	0.9083	-0.004185546	0.807070188
STRG.6337	STRG.6337_ORF_3	4252	+	1	2548	2889	342	0.7693	-0.108309085	0.530479602
STRG.6337	STRG.6337_ORF_4	4252	+	3	1749	2048	300	0.8072	-0.08904847	0.578578614
STRG.6337	STRG.6337_ORF_5	4252	+	2	638	934	297	1.2939	-0.199087615	0.198628972
STRG.6338	STRG.6338_ORF_1	933	+	3	30	350	321	0.9634	0.195236487	0.989146676
STRG.6338	STRG.6338_ORF_2	933	+	1	829	933	105	0.8007	0.005508828	0.87956983
STRG.6361	STRG.6361_ORF_1	379	+	1	70	147	78	1.1533	0.012119504	0.874920247
STRG.6374	STRG.6374_ORF_1	362	+	3	174	362	189	0.9139	0.064875648	0.945633953
STRG.6374	STRG.6374_ORF_2	362	+	1	148	261	114	1.0842	-0.123236991	0.565877752
STRG.6374	STRG.6374_ORF_3	362	+	1	262	360	99	0.5882	0.12373383	0.976801887
STRG.6374	STRG.6374_ORF_4	362	+	2	62	148	87	0.9805	-0.007328104	0.858752788
STRG.6393	STRG.6393_ORF_1	404	+	3	30	176	147	0.361	-0.140128232	0.619862127
STRG.6393	STRG.6393_ORF_2	404	+	2	290	403	114	0.8523	-0.084092395	0.710990739
STRG.6393	STRG.6393_ORF_3	404	+	1	244	339	96	0.8552	0.168329039	0.98448892
STRG.6441	STRG.6441_ORF_1	2522	+	2	242	475	234	0.663	-0.131745873	0.526968062
STRG.6441	STRG.6441_ORF_2	2522	+	3	1179	1394	216	0.5959	-0.000472627	0.862005905
STRG.6441	STRG.6441_ORF_3	2522	+	1	292	465	174	0.8735	-0.024212065	0.790808524
STRG.6441	STRG.6441_ORF_4	2522	+	3	582	686	105	0.9722	-0.090438371	0.589604972
STRG.6441	STRG.6441_ORF_5	2522	+	3	1548	1652	105	0.7382	-0.283289671	0.119694432
STRG.6451	STRG.6451_ORF_1	312	+	2	107	310	204	1.0668	0.200134776	0.989404459
STRG.6451	STRG.6451_ORF_2	312	+	1	16	141	126	0.8819	-0.123509683	0.59831216
STRG.6452	STRG.6452_ORF_1	255	+	1	49	255	207	0.9809	0.246570935	0.994515805
STRG.6470	STRG.6470_ORF_1	1781	+	3	1428	1742	315	0.8887	0.070303154	0.941791615
STRG.6470	STRG.6470_ORF_2	1781	+	1	388	516	129	0.521	-0.001876078	0.872571011
STRG.6470	STRG.6470_ORF_3	1781	+	3	549	659	111	0.9726	-0.00518345	0.832313322
STRG.6470	STRG.6470_ORF_4	1781	+	1	1699	1779	81	1.0732	0.316043702	0.996584941
STRG.6470	STRG.6470_ORF_5	1781	+	2	1406	1486	81	0.7156	-0.239159133	0.214669641
STRG.6477	STRG.6477_ORF_1	363	+	2	116	301	186	1.1493	0.166464173	0.982531494
STRG.6477	STRG.6477_ORF_2	363	+	3	159	248	90	0.7326	-0.089098549	0.709867721
STRG.6485	STRG.6485_ORF_1	845	+	1	217	321	105	0.6985	-0.183071902	0.407157037
STRG.6485	STRG.6485_ORF_2	845	+	3	393	488	96	0.8879	0.060581342	0.934534553
STRG.6489	STRG.6489_ORF_1	331	+	2	92	286	195	0.6262	-0.077627558	0.767012091
STRG.6524	STRG.6524_ORF_1	3454	+	1	1960	2262	303	0.4457	-0.21174278	0.286333363
STRG.6524	STRG.6524_ORF_2	3454	+	1	589	819	231	0.5069	-0.050302622	0.747351349
STRG.6524	STRG.6524_ORF_3	3454	+	3	2829	3005	177	0.864	0.046951249	0.890107503
STRG.6524	STRG.6524_ORF_4	3454	+	2	2441	2614	174	0.6456	0.10936416	0.953704904
STRG.6524	STRG.6524_ORF_5	3454	+	2	599	751	153	0.6943	-0.138547166	0.443547914
STRG.6559	STRG.6559_ORF_1	259	+	1	13	153	141	0.5489	-0.355533745	0.084171779
STRG.6571	STRG.6571_ORF_1	335	+	1	136	237	102	0.8206	-0.200457734	0.358118939
STRG.6571	STRG.6571_ORF_2	335	+	3	141	224	84	0.8383	-0.021561638	0.84643002
STRG.6576	STRG.6576_ORF_1	725	+	2	119	205	87	0.7112	-0.134082379	0.564227212
STRG.6576	STRG.6576_ORF_2	725	+	3	369	452	84	1.1723	0.03848228	0.901841372
STRG.6581	STRG.6581_ORF_1	2267	+	3	360	1214	855	1.2083	0.321329605	0.997911402
STRG.6581	STRG.6581_ORF_2	2267	+	1	1069	1260	192	0.9851	-0.001178339	0.835012204
STRG.6581	STRG.6581_ORF_3	2267	+	2	1790	1927	138	0.9058	-0.104749967	0.571243635
STRG.6581	STRG.6581_ORF_4	2267	+	1	1354	1488	135	0.9218	-0.102141263	0.576638884
STRG.6581	STRG.6581_ORF_5	2267	+	3	1665	1772	108	0.8689	-0.037800672	0.759854945
STRG.6596	STRG.6596_ORF_1	358	+	2	194	358	165	0.5809	0.118665783	0.976569944
STRG.6695	STRG.6695_ORF_1	584	+	2	335	583	249	0.9528	0.074220845	0.950748384
STRG.6695	STRG.6695_ORF_2	584	+	3	375	509	135	1.0652	0.042638227	0.91672461
STRG.6695	STRG.6695_ORF_3	584	+	3	141	272	132	0.574	0.049605749	0.941310377
STRG.6695	STRG.6695_ORF_4	584	+	2	149	241	93	0.4856	-0.083572884	0.745376573
STRG.6705	STRG.6705_ORF_1	898	+	3	276	365	90	0.611	-0.163536727	0.476887779
STRG.6749	STRG.6749_ORF_1	357	+	3	99	191	93	0.9058	0.0344373	0.916420356
STRG.6771	STRG.6771_ORF_1	373	+	3	177	329	153	1.2829	-0.034953527	0.788908452
STRG.6771	STRG.6771_ORF_2	373	+	1	271	363	93	0.4434	-0.069731942	0.788459898
STRG.6794	STRG.6794_ORF_1	1566	+	1	454	588	135	0.7296	0.056812635	0.931097764
STRG.6794	STRG.6794_ORF_2	1566	+	1	1441	1566	126	0.7592	-0.102194476	0.627661402
STRG.6794	STRG.6794_ORF_3	1566	+	2	485	592	108	0.6081	-0.016495785	0.846312505
STRG.6794	STRG.6794_ORF_4	1566	+	1	829	930	102	0.6931	-0.080835909	0.694031542
STRG.6794	STRG.6794_ORF_5	1566	+	1	268	366	99	0.857	-0.152005429	0.450090315
STRG.6797	STRG.6797_ORF_1	1251	+	2	440	682	243	0.4269	-0.173152558	0.486233503
STRG.6797	STRG.6797_ORF_2	1251	+	2	1055	1183	129	0.5558	-0.29211498	0.147174238
STRG.6797	STRG.6797_ORF_3	1251	+	2	47	127	81	0.8308	-0.272785041	0.15381234
STRG.6797	STRG.6797_ORF_4	1251	+	1	1174	1251	78	1.173	-0.041209245	0.747972211
STRG.6797	STRG.6797_ORF_5	1251	+	3	1014	1091	78	0.6045	-0.354556309	0.067086213
STRG.6799	STRG.6799_ORF_1	946	+	3	507	827	321	0.5354	0.014662131	0.918726657
STRG.6799	STRG.6799_ORF_2	946	+	1	7	204	198	0.8375	-0.084066978	0.706094823
STRG.6799	STRG.6799_ORF_3	946	+	1	313	489	177	0.7119	0.116996934	0.971683421
STRG.6799	STRG.6799_ORF_4	946	+	1	529	612	84	0.8916	-0.081439545	0.688193716
STRG.6803	STRG.6803_ORF_1	482	+	1	85	378	294	0.947	-0.086545087	0.718354307
STRG.6811	STRG.6811_ORF_1	836	+	2	224	433	210	1.059	0.062517515	0.935336741
STRG.6811	STRG.6811_ORF_2	836	+	3	309	479	171	0.998	-0.071160583	0.720763545
STRG.6811	STRG.6811_ORF_3	836	+	3	603	746	144	0.8125	-0.019669056	0.845898342
STRG.6811	STRG.6811_ORF_4	836	+	1	46	138	93	0.7987	-0.092154076	0.67571631
STRG.6819	STRG.6819_ORF_1	688	+	2	566	655	90	0.7632	-0.213163514	0.312931407
STRG.6819	STRG.6819_ORF_1	433	+	2	311	400	90	0.7632	-0.213163514	0.32281101
STRG.6820	STRG.6820_ORF_1	812	+	3	27	221	195	0.5352	-0.099279951	0.706589084
STRG.6820	STRG.6820_ORF_2	812	+	1	94	261	168	0.676	-0.197325463	0.379201521
STRG.6820	STRG.6820_ORF_3	812	+	2	368	514	147	0.7253	-0.082838769	0.719764939
STRG.6820	STRG.6820_ORF_4	812	+	3	690	779	90	0.7632	-0.213163514	0.308187187
STRG.6821	STRG.6821_ORF_1	434	+	1	13	237	225	0.6342	-0.060840213	0.803530209
STRG.6828	STRG.6828_ORF_1	738	+	3	210	422	213	0.7724	-0.008730781	0.874136784
STRG.6828	STRG.6828_ORF_2	738	+	3	60	206	147	1.0179	-0.061720206	0.742287971
STRG.6837	STRG.6837_ORF_1	1414	+	1	1006	1206	201	0.6771	0.090077325	0.958609407
STRG.6837	STRG.6837_ORF_2	1414	+	2	1247	1387	141	0.705	-0.281410937	0.151093842
STRG.6837	STRG.6837_ORF_3	1414	+	3	132	251	120	0.6601	0.010534359	0.887100633
STRG.6837	STRG.6837_ORF_4	1414	+	2	224	310	87	0.7429	-0.112647881	0.597225007
STRG.6837	STRG.6837_ORF_5	1414	+	2	926	1006	81	0.79	-0.150023235	0.46956575
STRG.6851	STRG.6851_ORF_1	310	+	2	95	214	120	1.3214	0.003099086	0.854971124
STRG.6869	STRG.6869_ORF_1	404	+	3	276	404	129	1.0302	0.164196528	0.982355141
STRG.6882	STRG.6882_ORF_1	356	+	1	67	354	288	0.9452	-0.221887422	0.31093658
STRG.6884	STRG.6884_ORF_1	631	+	1	319	630	312	1.3002	0.527559463	0.999826858
STRG.6899	STRG.6899_ORF_1	986	+	2	347	658	312	0.8149	0.015207754	0.904999371
STRG.6899	STRG.6899_ORF_2	986	+	3	237	455	219	0.6721	-0.152357578	0.524725274
STRG.6920	STRG.6920_ORF_1	2074	+	1	838	1122	285	0.7715	-0.115143615	0.593399178
STRG.6920	STRG.6920_ORF_2	2074	+	2	848	1072	225	0.8573	-0.273910494	0.145259695
STRG.6920	STRG.6920_ORF_3	2074	+	3	1332	1499	168	0.4385	-0.080408258	0.717827374
STRG.6920	STRG.6920_ORF_4	2074	+	2	1583	1732	150	1.0931	0.052406836	0.904982144
STRG.6920	STRG.6920_ORF_5	2074	+	3	1926	2063	138	0.7433	-0.106725169	0.596596147
STRG.6935	STRG.6935_ORF_1	478	+	3	336	476	141	0.748	0.128922122	0.976450386
STRG.6935	STRG.6935_ORF_2	478	+	1	367	477	111	0.7448	0.032164381	0.920703813
STRG.6935	STRG.6935_ORF_3	478	+	1	181	270	90	0.8986	0.006699433	0.882479363
STRG.6941	STRG.6941_ORF_1	2802	+	3	2055	2285	231	0.593	-0.006740367	0.847364624
STRG.6941	STRG.6941_ORF_2	2802	+	1	421	594	174	0.5934	-0.204595761	0.29121168
STRG.6941	STRG.6941_ORF_3	2802	+	1	211	342	132	0.7639	-0.032406623	0.769601511
STRG.6941	STRG.6941_ORF_4	2802	+	3	1356	1487	132	0.7981	-0.070076493	0.667878485
STRG.6941	STRG.6941_ORF_5	2802	+	2	842	949	108	0.6543	-0.281892664	0.121775943
STRG.6955	STRG.6955_ORF_1	253	+	1	40	198	159	0.6494	-0.160675352	0.522454975
STRG.6965	STRG.6965_ORF_1	346	+	2	2	124	123	1.0629	-0.177337356	0.398275607
STRG.6974	STRG.6974_ORF_1	1875	+	1	844	1065	222	0.4454	0.021747244	0.91117926
STRG.6974	STRG.6974_ORF_2	1875	+	3	678	830	153	0.781	-0.169669494	0.401745012
STRG.6974	STRG.6974_ORF_3	1875	+	3	1656	1787	132	1.0015	-0.008642974	0.823408299
STRG.6974	STRG.6974_ORF_4	1875	+	1	1066	1185	120	0.4245	-0.05602711	0.778387356
STRG.6974	STRG.6974_ORF_5	1875	+	1	133	240	108	1.2125	0.000164756	0.819256261
STRG.6978	STRG.6978_ORF_1	848	+	2	572	754	183	0.6135	0.042787779	0.93434033
STRG.6978	STRG.6978_ORF_2	848	+	2	200	349	150	0.9605	-0.074287142	0.713337967
STRG.6978	STRG.6978_ORF_3	848	+	3	204	332	129	1.0896	-0.084009614	0.666857671
STRG.6978	STRG.6978_ORF_4	848	+	1	334	444	111	0.6209	-0.270484266	0.188919824
STRG.6992	STRG.6992_ORF_1	458	+	1	163	324	162	0.7757	-0.017698084	0.861903129
STRG.6992	STRG.6992_ORF_2	458	+	3	327	428	102	0.5318	-0.296962757	0.156504595
STRG.7006	STRG.7006_ORF_1	521	+	1	142	351	210	0.4594	-0.12744566	0.650773182
STRG.7006	STRG.7006_ORF_2	521	+	3	420	521	102	0.7007	0.174716257	0.986713383
STRG.7006	STRG.7006_ORF_3	521	+	3	45	140	96	0.6728	-0.091124263	0.706822761
STRG.7008	STRG.7008_ORF_1	614	+	3	72	296	225	0.7671	0.082268419	0.958901378
STRG.7017	STRG.7017_ORF_1	2515	+	2	1490	1663	174	0.6439	-0.086502099	0.659261624
STRG.7017	STRG.7017_ORF_2	2515	+	2	2279	2452	174	0.474	-0.024344723	0.826924025
STRG.7017	STRG.7017_ORF_3	2515	+	1	574	684	111	0.4833	-0.074229893	0.703707901
STRG.7017	STRG.7017_ORF_4	2515	+	3	2067	2177	111	0.7547	0.063488902	0.923254498
STRG.7017	STRG.7017_ORF_5	2515	+	2	125	220	96	0.6595	-0.068753491	0.694434032
STRG.7027	STRG.7027_ORF_1	573	+	1	271	411	141	0.6872	-0.211992709	0.339127745
STRG.7027	STRG.7027_ORF_2	573	+	2	284	397	114	0.8327	-0.222730328	0.286555043
STRG.7031	STRG.7031_ORF_1	1945	+	2	704	868	165	0.7755	-0.106204043	0.604151699
STRG.7031	STRG.7031_ORF_2	1945	+	1	454	600	147	1.0118	-0.018123445	0.803741724
STRG.7031	STRG.7031_ORF_3	1945	+	1	1180	1314	135	0.835	-0.075787368	0.681022716
STRG.7031	STRG.7031_ORF_4	1945	+	1	841	954	114	1.071	-0.179451431	0.323580593
STRG.7031	STRG.7031_ORF_5	1945	+	2	935	1045	111	0.7285	-0.041338487	0.777023467
STRG.7071	STRG.7071_ORF_1	662	+	3	318	494	177	0.6807	0.039126761	0.930679708
STRG.7071	STRG.7071_ORF_2	662	+	2	89	238	150	1.2474	-0.120131954	0.54568321
STRG.7071	STRG.7071_ORF_3	662	+	2	353	475	123	0.8018	-0.096249447	0.675538121
STRG.7072	STRG.7072_ORF_1	298	+	3	108	296	189	0.8523	-0.039286825	0.825790894
STRG.7073	STRG.7073_ORF_1	877	+	2	506	748	243	0.8983	-0.0215794	0.845001505
STRG.7073	STRG.7073_ORF_2	877	+	1	178	411	234	1.1955	0.280958163	0.995630405
STRG.7073	STRG.7073_ORF_3	877	+	3	423	581	159	0.7529	-0.112882998	0.630862901
STRG.7073	STRG.7073_ORF_4	877	+	3	756	851	96	0.8643	-0.237270599	0.233810474
STRG.7077	STRG.7077_ORF_1	1203	+	2	611	832	222	0.7108	-0.030512495	0.834268841
STRG.7077	STRG.7077_ORF_2	1203	+	2	845	1033	189	0.8398	-0.133481914	0.545627728
STRG.7077	STRG.7077_ORF_3	1203	+	3	567	734	168	0.6365	-0.074184908	0.741461016
STRG.7077	STRG.7077_ORF_4	1203	+	3	93	236	144	0.8163	-0.160486411	0.453407863
STRG.7077	STRG.7077_ORF_5	1203	+	2	1037	1141	105	0.738	-0.206227428	0.318106506
STRG.7103	STRG.7103_ORF_1	627	+	1	19	147	129	0.5448	-0.227471935	0.309464167
STRG.7103	STRG.7103_ORF_2	627	+	3	78	197	120	0.3528	-0.239710691	0.298370196
STRG.7103	STRG.7103_ORF_3	627	+	2	191	292	102	0.8929	-0.188267009	0.372745122
STRG.7113	STRG.7113_ORF_1	2141	+	1	1288	2037	750	0.6614	-0.084526357	0.765273741
STRG.7113	STRG.7113_ORF_2	2141	+	3	1299	1475	177	0.6936	-0.030466664	0.806108353
STRG.7113	STRG.7113_ORF_3	2141	+	2	716	868	153	0.6437	-0.26972607	0.159813638
STRG.7113	STRG.7113_ORF_4	2141	+	1	442	540	99	1.086	-0.090978263	0.587104998
STRG.7113	STRG.7113_ORF_5	2141	+	3	1863	1949	87	1.1121	-0.073486045	0.635024568
STRG.7119	STRG.7119_ORF_1	286	+	2	176	271	96	0.9299	0.046621728	0.927784105
STRG.7126	STRG.7126_ORF_1	517	+	1	214	351	138	0.627	-0.186268035	0.427689282
STRG.7126	STRG.7126_ORF_2	517	+	2	284	382	99	0.875	-0.047384634	0.790865096
STRG.7126	STRG.7126_ORF_3	517	+	2	185	262	78	0.6369	-0.179934069	0.435129522
STRG.7138	STRG.7138_ORF_1	1471	+	2	179	289	111	0.8619	-0.285037822	0.130311026
STRG.7138	STRG.7138_ORF_2	1471	+	2	344	451	108	0.9125	0.06782142	0.933083403
STRG.7144	STRG.7144_ORF_1	1407	+	1	37	249	213	0.7278	-0.114329195	0.617385506
STRG.7144	STRG.7144_ORF_2	1407	+	2	1187	1390	204	0.511	-0.065555265	0.773812313
STRG.7144	STRG.7144_ORF_3	1407	+	3	345	476	132	0.4807	-0.141891562	0.551112135
STRG.7144	STRG.7144_ORF_4	1407	+	1	382	498	117	0.6345	-0.012002806	0.856174559
STRG.7144	STRG.7144_ORF_5	1407	+	2	326	439	114	0.7165	-0.07934509	0.703110131
STRG.7197	STRG.7197_ORF_1	596	+	2	272	505	234	0.6544	-0.088286865	0.734867572
STRG.7201	STRG.7201_ORF_1	668	+	2	155	268	114	1.0126	-0.373923008	0.047837168
STRG.7202	STRG.7202_ORF_1	4849	+	2	2555	2764	210	0.9598	-0.094500423	0.495348737
STRG.7202	STRG.7202_ORF_2	4849	+	2	14	187	174	0.5897	-0.06681944	0.629348344
STRG.7202	STRG.7202_ORF_3	4849	+	3	1467	1634	168	1.0901	0.338147039	0.995807957
STRG.7202	STRG.7202_ORF_4	4849	+	3	3603	3761	159	0.9557	-0.083267318	0.522535837
STRG.7202	STRG.7202_ORF_5	4849	+	3	1188	1343	156	0.631	0.058447218	0.892075235
STRG.7203	STRG.7203_ORF_1	9299	+	3	1935	2177	243	0.8248	-0.063967558	0.422071184
STRG.7203	STRG.7203_ORF_2	9299	+	1	4144	4383	240	0.5605	-0.197748726	0.130995569
STRG.7203	STRG.7203_ORF_3	9299	+	3	1023	1256	234	0.7452	-0.034729195	0.525948952
STRG.7203	STRG.7203_ORF_4	9299	+	3	9078	9299	222	0.6231	0.014361741	0.690311939
STRG.7203	STRG.7203_ORF_5	9299	+	1	3871	4077	207	0.4812	-0.234279602	0.087589131
STRG.7259	STRG.7259_ORF_1	528	+	1	16	201	186	0.8249	0.048116827	0.934600909
STRG.7259	STRG.7259_ORF_2	528	+	2	290	409	120	0.7316	-0.203710351	0.355695998
STRG.7259	STRG.7259_ORF_3	528	+	3	306	425	120	0.6792	0.009522524	0.899842384
STRG.7259	STRG.7259_ORF_4	528	+	1	391	495	105	1.0485	0.138819009	0.974417941
STRG.7259	STRG.7259_ORF_5	528	+	1	226	309	84	0.9973	0.060949202	0.933795938
STRG.7276	STRG.7276_ORF_1	416	+	1	82	231	150	1.1348	-0.029102047	0.813220783
STRG.7288	STRG.7288_ORF_1	462	+	2	224	460	237	0.8791	-0.153190192	0.518493085
STRG.7288	STRG.7288_ORF_2	462	+	1	19	102	84	0.981	-0.122268723	0.573812332
STRG.7288	STRG.7288_ORF_3	462	+	3	99	176	78	1.1109	-0.135858673	0.510178934
STRG.7309	STRG.7309_ORF_1	994	+	3	513	692	180	0.7745	-0.019563106	0.848864609
STRG.7309	STRG.7309_ORF_2	994	+	1	451	591	141	0.7272	-0.256633724	0.20694009
STRG.7309	STRG.7309_ORF_3	994	+	3	27	152	126	0.6782	-0.235685119	0.258245319
STRG.7319	STRG.7319_ORF_1	318	+	2	152	316	165	0.8351	-0.081214433	0.731419514
STRG.7319	STRG.7319_ORF_2	318	+	3	210	302	93	0.9726	-0.212115893	0.304178555
STRG.7321	STRG.7321_ORF_1	3418	+	3	297	602	306	0.8153	-0.318269227	0.075868813
STRG.7321	STRG.7321_ORF_2	3418	+	1	3166	3330	165	1.0563	-0.018205434	0.75642426
STRG.7321	STRG.7321_ORF_3	3418	+	3	1920	2072	153	0.8078	-0.00702736	0.804488734
STRG.7321	STRG.7321_ORF_4	3418	+	3	681	827	147	0.7445	-0.016406783	0.790151197
STRG.7321	STRG.7321_ORF_5	3418	+	3	2952	3089	138	0.7438	-0.196869881	0.265916361
STRG.7334	STRG.7334_ORF_1	336	+	2	17	145	129	1.0244	-0.030537193	0.819891815
STRG.7334	STRG.7334_ORF_2	336	+	1	256	336	81	0.8996	0.055260501	0.934766162
STRG.7353	STRG.7353_ORF_1	1540	+	2	1304	1528	225	0.5122	-0.075883668	0.747985233
STRG.7353	STRG.7353_ORF_2	1540	+	1	115	273	159	0.8931	-0.051804059	0.754977351
STRG.7353	STRG.7353_ORF_3	1540	+	3	288	413	126	1.0352	0.025305436	0.882292703
STRG.7353	STRG.7353_ORF_4	1540	+	1	1435	1539	105	1.2119	-0.097140027	0.57696305
STRG.7355	STRG.7355_ORF_1	279	+	1	109	189	81	0.4858	-0.157003564	0.542220836
STRG.7398	STRG.7398_ORF_1	15802	+	2	5273	5845	573	1.0178	0.135587429	0.776270165
STRG.7398	STRG.7398_ORF_2	15802	+	1	34	408	375	0.709	0.073562766	0.615813522
STRG.7398	STRG.7398_ORF_3	15802	+	1	3610	3858	249	1.0135	0.152015045	0.770617074
STRG.7398	STRG.7398_ORF_4	15802	+	2	10202	10450	249	0.5695	-0.117616961	0.11754328
STRG.7398	STRG.7398_ORF_5	15802	+	2	14897	15118	222	0.6402	-0.201072819	0.040785632
STRG.7402	STRG.7402_ORF_1	585	+	1	22	123	102	0.6067	-0.160070815	0.504985767
STRG.7402	STRG.7402_ORF_2	585	+	3	474	569	96	0.832	-0.359578216	0.063081027
STRG.7402	STRG.7402_ORF_3	585	+	1	349	432	84	0.8041	-0.086075096	0.700066424
STRG.7402	STRG.7402_ORF_4	585	+	3	309	392	84	0.6544	0.033854624	0.923238274
STRG.7403	STRG.7403_ORF_1	562	+	1	160	360	201	0.8153	-0.033389274	0.834257144
STRG.7403	STRG.7403_ORF_2	562	+	3	447	548	102	1.0926	-0.105328669	0.609905728
STRG.7430	STRG.7430_ORF_1	444	+	3	273	353	81	0.6478	-0.046791312	0.813144274
STRG.7480	STRG.7480_ORF_1	3711	+	2	131	346	216	0.6772	-0.164876938	0.364654823
STRG.7480	STRG.7480_ORF_2	3711	+	3	525	740	216	0.9385	0.026720814	0.854481261
STRG.7480	STRG.7480_ORF_3	3711	+	3	990	1142	153	1.1481	0.111412616	0.936714884
STRG.7480	STRG.7480_ORF_4	3711	+	2	1997	2143	147	0.4111	-0.155550914	0.418012272
STRG.7480	STRG.7480_ORF_5	3711	+	2	3467	3607	141	0.5203	-0.032863626	0.766322938
STRG.7484	STRG.7484_ORF_1	1212	+	2	8	1210	1203	0.9921	0.178848369	0.992658993
STRG.7484	STRG.7484_ORF_2	1212	+	3	546	668	123	0.9246	-0.008056667	0.846052164
STRG.7484	STRG.7484_ORF_3	1212	+	1	361	465	105	0.9634	-0.03049351	0.798533165
STRG.7484	STRG.7484_ORF_4	1212	+	3	942	1019	78	0.9909	-0.01136422	0.83031801
STRG.7488	STRG.7488_ORF_1	326	+	1	40	222	183	0.5376	-0.08189491	0.764961591
STRG.7488	STRG.7488_ORF_2	326	+	3	99	260	162	0.6638	0.00452762	0.900970328
STRG.7488	STRG.7488_ORF_3	326	+	3	9	89	81	0.8041	-0.023505972	0.845681042
STRG.7489	STRG.7489_ORF_1	270	+	3	129	206	78	0.7597	-0.299138583	0.138095327
STRG.7502	STRG.7502_ORF_1	2693	+	1	1999	2277	279	0.6959	-0.049626914	0.760404333
STRG.7502	STRG.7502_ORF_2	2693	+	3	492	758	267	0.9501	-0.063402291	0.693856435
STRG.7502	STRG.7502_ORF_3	2693	+	3	1602	1841	240	0.6027	-0.096783317	0.638707863
STRG.7502	STRG.7502_ORF_4	2693	+	1	997	1206	210	0.801	0.03850765	0.898509817
STRG.7502	STRG.7502_ORF_5	2693	+	3	1206	1403	198	0.9007	-0.080593675	0.639255188
STRG.7527	STRG.7527_ORF_1	1105	+	2	326	454	129	0.576	-0.050906001	0.798674746
STRG.7527	STRG.7527_ORF_2	1105	+	2	1004	1105	102	1.0778	0.116071502	0.961692104
STRG.7527	STRG.7527_ORF_3	1105	+	1	715	798	84	0.621	-0.359779354	0.064228074
STRG.7527	STRG.7527_ORF_4	1105	+	3	429	506	78	0.7027	0.055226654	0.933256427
STRG.7538	STRG.7538_ORF_1	2199	+	1	1270	1503	234	0.6818	-0.082304973	0.68875729
STRG.7538	STRG.7538_ORF_2	2199	+	2	842	1033	192	1.033	0.039791943	0.894321431
STRG.7538	STRG.7538_ORF_3	2199	+	3	759	902	144	0.7881	0.085746823	0.944664872
STRG.7538	STRG.7538_ORF_4	2199	+	1	1789	1881	93	0.9075	-0.019423885	0.797003696
STRG.7538	STRG.7538_ORF_5	2199	+	1	589	672	84	0.7105	-0.048656887	0.749940029
STRG.7544	STRG.7544_ORF_1	314	+	3	84	185	102	0.7564	0.001357801	0.88785316
STRG.7559	STRG.7559_ORF_1	698	+	1	397	552	156	0.7486	-0.010806943	0.868618073
STRG.7559	STRG.7559_ORF_2	698	+	3	555	698	144	0.8834	-0.254077709	0.206367996
STRG.7559	STRG.7559_ORF_3	698	+	2	443	571	129	0.8297	-0.076681387	0.724774974
STRG.7559	STRG.7559_ORF_4	698	+	1	586	696	111	0.992	-0.026342284	0.819133897
STRG.7559	STRG.7559_ORF_5	698	+	2	263	346	84	1.0101	-0.195650646	0.32932252
STRG.7560	STRG.7560_ORF_1	2253	+	2	1517	1654	138	0.9919	-0.071632868	0.660904047
STRG.7560	STRG.7560_ORF_2	2253	+	3	1446	1565	120	0.6343	-0.509036564	0.008199235
STRG.7560	STRG.7560_ORF_3	2253	+	2	1175	1291	117	0.4295	-0.124513194	0.573819583
STRG.7560	STRG.7560_ORF_4	2253	+	2	1724	1813	90	0.9017	-0.260110276	0.147437106
STRG.7560	STRG.7560_ORF_5	2253	+	1	655	741	87	0.4393	-0.067802514	0.731552675
STRG.7562	STRG.7562_ORF_1	1863	+	1	349	492	144	0.6024	-0.012900925	0.849442378
STRG.7562	STRG.7562_ORF_2	1863	+	2	1097	1210	114	0.9302	-0.090454181	0.625140537
STRG.7562	STRG.7562_ORF_3	1863	+	1	973	1074	102	0.8338	-0.034040101	0.783938236
STRG.7562	STRG.7562_ORF_4	1863	+	3	1686	1784	99	0.4952	-0.271005128	0.170726312
STRG.7562	STRG.7562_ORF_5	1863	+	3	1284	1367	84	0.8123	-0.166337842	0.395558605
STRG.7572	STRG.7572_ORF_1	250	+	3	18	248	231	0.4908	-0.022401822	0.883654648
STRG.7578	STRG.7578_ORF_1	468	+	2	332	466	135	0.681	-0.230916524	0.290244976
STRG.7578	STRG.7578_ORF_2	468	+	1	349	444	96	0.9195	-0.228521763	0.262490815
STRG.7611	STRG.7611_ORF_1	3607	+	3	288	809	522	1.2167	-0.076233021	0.628772322
STRG.7611	STRG.7611_ORF_2	3607	+	1	1240	1518	279	0.6006	-0.055650141	0.725043194
STRG.7611	STRG.7611_ORF_3	3607	+	3	891	1028	138	0.7004	-0.083033864	0.610420203
STRG.7611	STRG.7611_ORF_4	3607	+	3	1524	1643	120	0.852	-0.036227024	0.721493424
STRG.7611	STRG.7611_ORF_5	3607	+	1	1012	1122	111	0.9183	-0.008306636	0.780280698
STRG.7654	STRG.7654_ORF_1	309	+	1	214	309	96	1.0787	0.139740373	0.975068984
STRG.7677	STRG.7677_ORF_1	5172	+	3	4620	5171	552	0.5092	-0.110910814	0.558994588
STRG.7677	STRG.7677_ORF_2	5172	+	2	4835	5170	336	0.5515	-0.033237756	0.741212846
STRG.7677	STRG.7677_ORF_3	5172	+	2	767	1030	264	0.8653	0.031461467	0.838902874
STRG.7677	STRG.7677_ORF_4	5172	+	2	3974	4234	261	0.4941	-0.042434963	0.712949119
STRG.7677	STRG.7677_ORF_5	5172	+	2	1688	1858	171	1.1423	0.056145916	0.850148758
STRG.7678	STRG.7678_ORF_1	811	+	3	444	809	366	0.9074	-0.041196571	0.823821937
STRG.7678	STRG.7678_ORF_2	811	+	1	70	336	267	0.992	-0.084046077	0.703248271
STRG.7678	STRG.7678_ORF_3	811	+	1	358	447	90	1.0242	-0.187883769	0.346455297
STRG.7679	STRG.7679_ORF_1	811	+	3	444	809	366	0.8744	-0.035426653	0.837057062
STRG.7679	STRG.7679_ORF_2	811	+	1	70	336	267	0.992	-0.084046077	0.703248271
STRG.7679	STRG.7679_ORF_3	811	+	1	358	447	90	1.0242	-0.187883769	0.346455297
STRG.7680	STRG.7680_ORF_1	811	+	3	444	809	366	0.8744	-0.035426653	0.837057062
STRG.7680	STRG.7680_ORF_2	811	+	1	70	336	267	0.992	-0.084046077	0.703248271
STRG.7680	STRG.7680_ORF_3	811	+	1	358	447	90	1.0242	-0.187883769	0.346455297
STRG.7681	STRG.7681_ORF_1	811	+	3	444	809	366	0.9074	-0.041196571	0.823821937
STRG.7681	STRG.7681_ORF_2	811	+	1	70	336	267	0.992	-0.084046077	0.703248271
STRG.7681	STRG.7681_ORF_3	811	+	1	358	447	90	1.0242	-0.187883769	0.346455297
STRG.7682	STRG.7682_ORF_1	811	+	3	444	809	366	0.9074	-0.046504177	0.813632728
STRG.7682	STRG.7682_ORF_2	811	+	1	70	336	267	0.992	-0.084046077	0.703248271
STRG.7682	STRG.7682_ORF_3	811	+	1	358	447	90	1.049	-0.20171366	0.304035686
STRG.7683	STRG.7683_ORF_1	811	+	3	444	809	366	0.9074	-0.041196571	0.823821937
STRG.7683	STRG.7683_ORF_2	811	+	1	70	336	267	0.992	-0.084046077	0.703248271
STRG.7683	STRG.7683_ORF_3	811	+	1	358	447	90	1.0242	-0.187883769	0.346455297
STRG.7694	STRG.7694_ORF_1	1837	+	2	1196	1294	99	0.7032	-0.224724878	0.249882661
STRG.7695	STRG.7695_ORF_1	618	+	3	309	452	144	0.4332	-0.048978821	0.829955456
STRG.7695	STRG.7695_ORF_2	618	+	3	165	263	99	0.7146	-0.154384584	0.505487534
STRG.7705	STRG.7705_ORF_1	342	+	3	102	194	93	0.9478	0.080272416	0.95100024
STRG.7718	STRG.7718_ORF_1	437	+	2	119	277	159	0.7614	-0.033371216	0.837299538
STRG.7726	STRG.7726_ORF_1	272	+	3	111	272	162	0.9343	0.005087808	0.887561841
STRG.7739	STRG.7739_ORF_1	433	+	2	203	346	144	0.7133	0.027331717	0.919912354
STRG.7739	STRG.7739_ORF_2	433	+	1	343	432	90	0.5189	-0.110349743	0.675419617
STRG.7739	STRG.7739_ORF_3	433	+	1	49	135	87	0.7958	-0.232020766	0.267705653
STRG.7764	STRG.7764_ORF_1	733	+	3	351	440	90	1.0601	-0.10194516	0.615398733
STRG.7782	STRG.7782_ORF_1	616	+	3	195	599	405	0.6361	-0.066373193	0.808560989
STRG.7782	STRG.7782_ORF_2	616	+	2	146	433	288	0.8031	-0.110418463	0.664504684
STRG.7782	STRG.7782_ORF_3	616	+	1	157	306	150	1.0492	-0.12086414	0.574051654
STRG.7824	STRG.7824_ORF_1	1141	+	3	666	869	204	0.5622	-0.008022487	0.879931325
STRG.7824	STRG.7824_ORF_2	1141	+	2	62	223	162	0.6091	-0.055450241	0.788941336
STRG.7824	STRG.7824_ORF_3	1141	+	1	58	195	138	0.62	-0.138138871	0.555770351
STRG.7824	STRG.7824_ORF_4	1141	+	1	814	951	138	0.975	-0.042165546	0.778544517
STRG.7839	STRG.7839_ORF_1	280	+	2	2	280	279	1.072	0.266589875	0.995749153
STRG.7859	STRG.7859_ORF_1	686	+	2	224	352	129	0.6052	-0.200555844	0.377445458
STRG.7859	STRG.7859_ORF_2	686	+	3	48	176	129	0.4974	-0.155226719	0.53727447
STRG.7859	STRG.7859_ORF_3	686	+	3	477	575	99	1.0837	-0.184042479	0.356474585
STRG.7860	STRG.7860_ORF_1	561	+	1	193	336	144	0.6998	0.120062529	0.974066853
STRG.7861	STRG.7861_ORF_1	775	+	3	126	677	552	1.1253	0.1667907	0.985989247
STRG.7861	STRG.7861_ORF_2	775	+	1	343	468	126	1.2013	0.054185517	0.918871703
STRG.7877	STRG.7877_ORF_1	436	+	1	139	435	297	0.5127	0.028818058	0.936699217
STRG.7877	STRG.7877_ORF_2	436	+	2	158	238	81	0.9278	-0.02892409	0.823277322
STRG.7881	STRG.7881_ORF_1	980	+	2	209	466	258	0.5097	-0.044611313	0.834687863
STRG.7881	STRG.7881_ORF_2	980	+	2	77	166	90	0.772	-0.090454644	0.677826644
STRG.7881	STRG.7881_ORF_3	980	+	1	700	780	81	0.9658	-0.1688056	0.403574344
STRG.7885	STRG.7885_ORF_1	639	+	1	61	228	168	1.0888	0.323331397	0.997604451
STRG.7929	STRG.7929_ORF_1	1434	+	1	1132	1290	159	0.9926	-0.068526215	0.704639209
STRG.7929	STRG.7929_ORF_2	1434	+	1	484	630	147	0.8292	-0.083876025	0.680855114
STRG.7929	STRG.7929_ORF_3	1434	+	2	1148	1264	117	0.9055	-0.234329633	0.221565142
STRG.7929	STRG.7929_ORF_4	1434	+	1	853	966	114	0.6634	-0.149463695	0.495331527
STRG.7929	STRG.7929_ORF_5	1434	+	1	223	306	84	0.665	-0.159185827	0.458024247
STRG.7960	STRG.7960_ORF_1	2003	+	2	1274	1603	330	0.7163	-0.18758497	0.382311987
STRG.7960	STRG.7960_ORF_2	2003	+	2	362	646	285	0.9878	0.017945831	0.879275093
STRG.7960	STRG.7960_ORF_3	2003	+	1	298	447	150	0.8712	-0.155669191	0.426730015
STRG.7960	STRG.7960_ORF_4	2003	+	2	173	301	129	0.8907	0.017256548	0.871536444
STRG.7960	STRG.7960_ORF_5	2003	+	1	58	162	105	0.5704	0.040106874	0.915293494
STRG.7967	STRG.7967_ORF_1	588	+	1	142	291	150	0.5889	-0.13827039	0.586267313
STRG.7967	STRG.7967_ORF_2	588	+	2	374	481	108	0.8588	-0.015467916	0.851546466
STRG.7967	STRG.7967_ORF_3	588	+	1	313	408	96	0.6933	-0.121706404	0.613090108
STRG.7972	STRG.7972_ORF_1	830	+	3	303	830	528	0.4831	-0.101692934	0.7556982
STRG.7972	STRG.7972_ORF_2	830	+	1	508	645	138	0.7233	-0.307119952	0.12267375
STRG.7972	STRG.7972_ORF_3	830	+	3	195	299	105	0.6993	-0.10298569	0.659850891
STRG.7972	STRG.7972_ORF_4	830	+	2	734	829	96	0.8451	-0.047523189	0.7837569
STRG.7980	STRG.7980_ORF_1	404	+	2	296	403	108	1.2004	0.050071313	0.918860825
STRG.7984	STRG.7984_ORF_1	318	+	3	99	317	219	0.8454	-0.031131581	0.843562404
STRG.7984	STRG.7984_ORF_2	318	+	1	202	318	117	0.9703	-0.113399105	0.615237999
STRG.7991	STRG.7991_ORF_1	580	+	3	96	287	192	0.8936	-0.006853014	0.870270568
STRG.7991	STRG.7991_ORF_2	580	+	3	420	572	153	0.6071	-0.049235919	0.81660417
STRG.7991	STRG.7991_ORF_3	580	+	1	4	96	93	0.6684	-0.121260926	0.617711949
STRG.7994	STRG.7994_ORF_1	1982	+	3	1458	1646	189	0.7328	-0.141066577	0.502133354
STRG.7994	STRG.7994_ORF_2	1982	+	1	406	510	105	0.7346	-0.28767786	0.124173055
STRG.7994	STRG.7994_ORF_3	1982	+	3	798	893	96	0.8105	-0.267869263	0.148216382
STRG.8005	STRG.8005_ORF_1	11536	+	1	8014	8292	279	0.6833	0.007306355	0.579010522
STRG.8005	STRG.8005_ORF_2	11536	+	3	5856	6119	264	0.6604	-0.144647631	0.16175092
STRG.8005	STRG.8005_ORF_3	11536	+	1	5548	5808	261	0.9802	-0.157402487	0.119160926
STRG.8005	STRG.8005_ORF_4	11536	+	2	9596	9838	243	0.8195	-0.030454504	0.431113164
STRG.8005	STRG.8005_ORF_5	11536	+	2	3878	4108	231	1.2897	0.257016293	0.959169543
STRG.8012	STRG.8012_ORF_1	818	+	2	434	817	384	0.7337	-0.091536155	0.732173754
STRG.8049	STRG.8049_ORF_1	424	+	1	28	249	222	0.7506	-0.23454644	0.287457934
STRG.8061	STRG.8061_ORF_1	374	+	1	43	186	144	0.8424	-0.030969172	0.835013109
STRG.8061	STRG.8061_ORF_2	374	+	3	138	278	141	0.687	-0.018877605	0.866111189
STRG.8082	STRG.8082_ORF_1	267	+	2	185	265	81	0.9358	0.184955812	0.987021213
STRG.8084	STRG.8084_ORF_1	2731	+	2	335	2272	1938	0.9852	0.150143404	0.992070569
STRG.8084	STRG.8084_ORF_2	2731	+	1	2503	2730	228	0.7877	-0.142054587	0.464916617
STRG.8084	STRG.8084_ORF_3	2731	+	1	2245	2460	216	0.3528	-0.056261612	0.77130459
STRG.8084	STRG.8084_ORF_4	2731	+	1	1150	1317	168	0.8386	-0.171358587	0.355398051
STRG.8084	STRG.8084_ORF_5	2731	+	3	2097	2261	165	1.2198	-0.042201507	0.700451187
STRG.8087	STRG.8087_ORF_1	1470	+	3	42	221	180	0.9963	-0.19513459	0.3183993
STRG.8087	STRG.8087_ORF_2	1470	+	3	495	665	171	0.75	0.110952283	0.965669397
STRG.8087	STRG.8087_ORF_3	1470	+	3	1323	1469	147	0.8619	-0.112768142	0.588619458
STRG.8087	STRG.8087_ORF_4	1470	+	1	1327	1446	120	1.081	-0.035086151	0.771007517
STRG.8097	STRG.8097_ORF_1	1997	+	1	1657	1848	192	0.4733	-0.047284637	0.798009811
STRG.8097	STRG.8097_ORF_2	1997	+	3	1290	1448	159	0.5938	0.032491296	0.909707787
STRG.8097	STRG.8097_ORF_3	1997	+	2	1754	1888	135	0.6403	-0.129547274	0.541900648
STRG.8097	STRG.8097_ORF_4	1997	+	2	179	301	123	0.8779	-0.017009675	0.81385986
STRG.8097	STRG.8097_ORF_5	1997	+	2	1613	1726	114	1.0393	-0.100152985	0.573933796
STRG.8099	STRG.8099_ORF_1	1089	+	2	776	1042	267	0.4097	-0.034246189	0.858082235
STRG.8099	STRG.8099_ORF_2	1089	+	2	212	442	231	0.7709	-0.105940795	0.65299829
STRG.8099	STRG.8099_ORF_3	1089	+	1	553	711	159	0.6887	-0.078546664	0.727105387
STRG.8099	STRG.8099_ORF_4	1089	+	1	226	330	105	0.5003	-0.220014009	0.314131193
STRG.8101	STRG.8101_ORF_1	261	+	3	48	260	213	0.64	-0.10185186	0.710177717
STRG.8101	STRG.8101_ORF_2	261	+	1	109	192	84	0.5223	-0.055457605	0.812623777
STRG.8103	STRG.8103_ORF_1	262	+	3	39	146	108	1.0786	-0.29092343	0.131485764
STRG.8120	STRG.8120_ORF_1	400	+	2	296	400	105	0.7561	-0.130910429	0.585360568
STRG.8125	STRG.8125_ORF_1	1216	+	1	343	552	210	1.1278	0.077193202	0.940097996
STRG.8125	STRG.8125_ORF_2	1216	+	3	759	947	189	0.8021	-0.101632358	0.649059362
STRG.8125	STRG.8125_ORF_3	1216	+	2	170	346	177	0.9039	-0.025664479	0.82183403
STRG.8125	STRG.8125_ORF_4	1216	+	2	809	925	117	1.1761	-0.299413274	0.098093034
STRG.8125	STRG.8125_ORF_5	1216	+	1	949	1029	81	0.6038	-0.102525793	0.654159752
STRG.8128	STRG.8128_ORF_1	740	+	2	344	667	324	0.4757	-0.102605006	0.727532912
STRG.8129	STRG.8129_ORF_1	776	+	1	532	696	165	0.9819	-0.068549293	0.730593236
STRG.8129	STRG.8129_ORF_2	776	+	2	404	535	132	0.6181	-0.021173795	0.858034277
STRG.8129	STRG.8129_ORF_3	776	+	1	136	216	81	0.9327	-0.01322757	0.842660498
STRG.8137	STRG.8137_ORF_1	497	+	3	51	203	153	0.9054	0.18018167	0.986630572
STRG.8137	STRG.8137_ORF_2	497	+	2	200	340	141	0.6546	0.02712574	0.921234694
STRG.8137	STRG.8137_ORF_3	497	+	2	416	496	81	0.9557	-0.021778582	0.832558918
STRG.8137	STRG.8137_ORF_4	497	+	3	330	407	78	1.0179	-0.211365567	0.291561271
STRG.8164	STRG.8164_ORF_1	982	+	1	121	624	504	1.2561	0.335036082	0.998130313
STRG.8164	STRG.8164_ORF_2	982	+	1	652	894	243	0.8141	0.001490844	0.883406852
STRG.8164	STRG.8164_ORF_3	982	+	3	75	281	207	0.9084	-0.161507234	0.458438773
STRG.8164	STRG.8164_ORF_4	982	+	2	548	697	150	1.1079	-0.234819924	0.218261014
STRG.8164	STRG.8164_ORF_5	982	+	2	164	289	126	1.0949	-0.228735317	0.230091931
STRG.8169	STRG.8169_ORF_1	2044	+	3	1521	1985	465	0.635	0.035608995	0.927667439
STRG.8169	STRG.8169_ORF_2	2044	+	1	181	462	282	1.0895	-0.026989809	0.791643454
STRG.8169	STRG.8169_ORF_3	2044	+	2	341	607	267	0.7737	-0.024976624	0.822727646
STRG.8169	STRG.8169_ORF_4	2044	+	3	114	335	222	0.752	-0.062017887	0.737708997
STRG.8169	STRG.8169_ORF_5	2044	+	3	819	992	174	0.569	-0.030094597	0.820237591
STRG.8171	STRG.8171_ORF_1	4766	+	2	4445	4732	288	0.6221	0.013005941	0.838217109
STRG.8171	STRG.8171_ORF_2	4766	+	3	3087	3353	267	0.6529	0.020243432	0.846126694
STRG.8171	STRG.8171_ORF_3	4766	+	3	4548	4766	219	0.5944	-0.029365224	0.742771634
STRG.8171	STRG.8171_ORF_4	4766	+	1	4402	4614	213	0.4958	-0.151298149	0.386083808
STRG.8171	STRG.8171_ORF_5	4766	+	1	1516	1722	207	0.4526	-0.128175202	0.464099889
STRG.8180	STRG.8180_ORF_1	782	+	1	151	486	336	0.4652	-0.050283038	0.841162292
STRG.8180	STRG.8180_ORF_2	782	+	3	81	206	126	0.979	0.028236831	0.902093647
STRG.8186	STRG.8186_ORF_1	863	+	1	352	555	204	0.6331	-0.195848837	0.394061872
STRG.8186	STRG.8186_ORF_2	863	+	3	306	440	135	1.1668	-0.016891563	0.820381266
STRG.8188	STRG.8188_ORF_1	710	+	1	520	708	189	0.6303	-0.082570153	0.741322971
STRG.8188	STRG.8188_ORF_2	710	+	3	570	710	141	0.6959	0.01091345	0.89909144
STRG.8189	STRG.8189_ORF_1	263	+	2	68	154	87	0.8257	-0.289145553	0.15026111
STRG.8192	STRG.8192_ORF_1	772	+	3	45	134	90	0.7947	-0.213345958	0.305270998
STRG.8213	STRG.8213_ORF_1	745	+	3	438	632	195	0.3918	-0.01034398	0.893377957
STRG.8213	STRG.8213_ORF_2	745	+	1	595	690	96	0.8666	-0.170918391	0.42403722
STRG.8213	STRG.8213_ORF_3	745	+	2	254	346	93	1.0227	-0.141746497	0.49430738
STRG.8231	STRG.8231_ORF_1	834	+	1	355	447	93	0.716	-0.181451326	0.408000652
STRG.8231	STRG.8231_ORF_2	834	+	3	216	308	93	0.6923	-0.082280523	0.716008587
STRG.8248	STRG.8248_ORF_1	275	+	3	21	122	102	1.0523	0.069585701	0.941854412
STRG.8248	STRG.8248_ORF_2	275	+	3	126	215	90	0.884	-0.008320368	0.866069733
STRG.8248	STRG.8248_ORF_3	275	+	2	191	274	84	0.66	0.125463022	0.976443385
STRG.8263	STRG.8263_ORF_1	1344	+	1	244	627	384	0.5046	-0.0609957	0.808667697
STRG.8263	STRG.8263_ORF_2	1344	+	2	413	691	279	0.4989	-0.041912192	0.833615774
STRG.8263	STRG.8263_ORF_3	1344	+	3	600	848	249	0.797	-0.092226339	0.681901817
STRG.8263	STRG.8263_ORF_4	1344	+	1	760	945	186	0.705	-0.222229072	0.286284759
STRG.8263	STRG.8263_ORF_5	1344	+	2	5	139	135	0.5599	-0.011092726	0.865816186
STRG.8264	STRG.8264_ORF_1	274	+	2	170	274	105	0.9958	0.210198968	0.990432775
STRG.8270	STRG.8270_ORF_1	290	+	3	72	290	219	0.4731	-0.095445817	0.745841137
STRG.8270	STRG.8270_ORF_2	290	+	2	50	151	102	1.1668	-0.076764086	0.694556056
STRG.8279	STRG.8279_ORF_1	1150	+	3	789	1148	360	0.9318	-0.056558012	0.779752689
STRG.8279	STRG.8279_ORF_2	1150	+	1	958	1149	192	0.7506	-0.06873728	0.747407513
STRG.8279	STRG.8279_ORF_3	1150	+	1	331	504	174	0.6888	-0.035274676	0.823512265
STRG.8279	STRG.8279_ORF_4	1150	+	2	692	826	135	0.7297	-0.059328264	0.764107152
STRG.8279	STRG.8279_ORF_5	1150	+	2	347	478	132	0.6711	-0.151586457	0.503456996
STRG.8288	STRG.8288_ORF_1	364	+	1	250	363	114	0.9058	-0.224077106	0.281873624
STRG.8288	STRG.8288_ORF_2	364	+	3	270	362	93	0.8321	0.045649772	0.929679554
STRG.8305	STRG.8305_ORF_1	305	+	2	80	160	81	0.5044	-0.082365965	0.75387222
STRG.8316	STRG.8316_ORF_1	1447	+	3	306	821	516	0.4553	-0.195427777	0.45348907
STRG.8316	STRG.8316_ORF_2	1447	+	1	94	468	375	0.7295	-0.134450527	0.582648387
STRG.8316	STRG.8316_ORF_3	1447	+	3	1299	1442	144	0.8442	-0.241687108	0.214591507
STRG.8316	STRG.8316_ORF_4	1447	+	2	1196	1318	123	0.7533	0.080569322	0.948300451
STRG.8316	STRG.8316_ORF_5	1447	+	3	162	275	114	0.6919	-0.072270222	0.723319423
STRG.8331	STRG.8331_ORF_1	795	+	1	190	279	90	0.8388	-0.08779307	0.683966578
STRG.8331	STRG.8331_ORF_2	795	+	1	550	636	87	0.7475	-0.226858459	0.273721302
STRG.8332	STRG.8332_ORF_1	1368	+	2	557	697	141	0.8383	0.072486504	0.941727232
STRG.8332	STRG.8332_ORF_2	1368	+	1	961	1068	108	1.2332	0.137652685	0.966707557
STRG.8332	STRG.8332_ORF_3	1368	+	2	857	937	81	1.117	-0.06405847	0.69135863
STRG.8340	STRG.8340_ORF_1	1690	+	2	1451	1690	240	0.6885	-0.204789115	0.33208374
STRG.8340	STRG.8340_ORF_2	1690	+	2	638	844	207	0.5839	-0.021677844	0.846388292
STRG.8340	STRG.8340_ORF_3	1690	+	1	631	744	114	0.8626	0.118398094	0.963881376
STRG.8340	STRG.8340_ORF_4	1690	+	1	1582	1689	108	0.8971	-0.056309956	0.730853189
STRG.8353	STRG.8353_ORF_1	697	+	2	323	619	297	0.7192	-0.093679137	0.719438872
STRG.8353	STRG.8353_ORF_2	697	+	3	216	326	111	0.6903	0.14298178	0.979738682
STRG.8370	STRG.8370_ORF_1	2501	+	3	2025	2360	336	0.6465	-0.010195838	0.854692428
STRG.8370	STRG.8370_ORF_2	2501	+	1	1432	1695	264	0.8401	-0.105644031	0.591052113
STRG.8370	STRG.8370_ORF_3	2501	+	3	1131	1304	174	0.4746	-0.084158671	0.688316976
STRG.8370	STRG.8370_ORF_4	2501	+	3	1593	1712	120	1.0953	-0.365214842	0.037333899
STRG.8370	STRG.8370_ORF_5	2501	+	2	638	751	114	0.7865	0.057780991	0.916802594
STRG.8383	STRG.8383_ORF_1	2506	+	3	2262	2483	222	0.5978	-0.143108864	0.49823919
STRG.8383	STRG.8383_ORF_2	2506	+	3	69	257	189	0.7856	-0.094409385	0.619525403
STRG.8383	STRG.8383_ORF_3	2506	+	2	1970	2080	111	0.7952	-0.186365165	0.317049711
STRG.8383	STRG.8383_ORF_4	2506	+	3	1365	1475	111	0.9726	0.118685732	0.955856837
STRG.8395	STRG.8395_ORF_1	1164	+	2	413	532	120	0.7479	0.066150483	0.941261417
STRG.8395	STRG.8395_ORF_2	1164	+	3	630	749	120	0.6764	0.033535703	0.916380203
STRG.8395	STRG.8395_ORF_3	1164	+	1	1036	1134	99	0.888	-0.237283013	0.222701157
STRG.8422	STRG.8422_ORF_1	1043	+	3	480	722	243	0.8305	-0.164002482	0.465908352
STRG.8422	STRG.8422_ORF_2	1043	+	1	523	708	186	0.9436	-0.040415537	0.794528505
STRG.8422	STRG.8422_ORF_3	1043	+	1	307	480	174	0.8693	-0.026830714	0.826737582
STRG.8422	STRG.8422_ORF_4	1043	+	3	798	959	162	0.8587	-0.15449282	0.477031681
STRG.8439	STRG.8439_ORF_1	1867	+	1	466	753	288	0.7573	0.003448539	0.876532115
STRG.8439	STRG.8439_ORF_2	1867	+	1	1366	1587	222	0.9725	-0.082969545	0.660415032
STRG.8439	STRG.8439_ORF_3	1867	+	2	965	1162	198	0.7422	-0.007341237	0.853279986
STRG.8439	STRG.8439_ORF_4	1867	+	3	1425	1598	174	0.7214	0.007190907	0.874623642
STRG.8439	STRG.8439_ORF_5	1867	+	3	1077	1220	144	0.7758	-0.173825898	0.388324345
STRG.8441	STRG.8441_ORF_1	399	+	2	2	181	180	0.5919	-0.0396022	0.842908462
STRG.8441	STRG.8441_ORF_2	399	+	1	217	387	171	0.6429	-0.208735608	0.367017989
STRG.8441	STRG.8441_ORF_3	399	+	3	141	296	156	0.5644	-0.035716728	0.849173187
STRG.8442	STRG.8442_ORF_1	352	+	2	188	352	165	0.6211	0.012343343	0.911484385
STRG.8447	STRG.8447_ORF_1	2554	+	3	1578	1964	387	0.7251	-0.09800433	0.650019385
STRG.8447	STRG.8447_ORF_2	2554	+	2	41	223	183	1.0032	-0.003194326	0.821523874
STRG.8447	STRG.8447_ORF_3	2554	+	2	1904	2074	171	0.6558	0.085932892	0.946581962
STRG.8447	STRG.8447_ORF_4	2554	+	3	642	788	147	0.6582	-0.184057092	0.345668729
STRG.8447	STRG.8447_ORF_5	2554	+	2	272	415	144	0.6571	-0.198380617	0.304683494
STRG.8449	STRG.8449_ORF_1	5727	+	2	2732	2950	219	0.5841	-0.040001472	0.680732205
STRG.8449	STRG.8449_ORF_2	5727	+	3	4443	4634	192	1.0746	-0.061872474	0.541274131
STRG.8449	STRG.8449_ORF_3	5727	+	2	818	1006	189	0.4513	-0.172249697	0.289300906
STRG.8449	STRG.8449_ORF_4	5727	+	1	4339	4479	141	1.0335	0.042930319	0.818558682
STRG.8449	STRG.8449_ORF_5	5727	+	3	78	218	141	0.5543	-0.119938061	0.420891583
STRG.8451	STRG.8451_ORF_1	446	+	2	83	250	168	0.5946	-0.024310419	0.865148737
STRG.8452	STRG.8452_ORF_1	685	+	2	263	391	129	0.8147	-0.238658078	0.246709767
STRG.8452	STRG.8452_ORF_2	685	+	1	595	681	87	0.6955	-0.067081309	0.757965978
STRG.8468	STRG.8468_ORF_1	781	+	1	244	534	291	0.9939	-0.019851187	0.847603671
STRG.8468	STRG.8468_ORF_2	781	+	2	314	502	189	0.9066	-0.12284409	0.588271842
STRG.8468	STRG.8468_ORF_3	781	+	1	118	216	99	0.7064	-0.141809391	0.53999864
STRG.8516	STRG.8516_ORF_1	576	+	1	343	477	135	1.0338	-0.123395023	0.56719093
STRG.8516	STRG.8516_ORF_2	576	+	1	25	153	129	0.9646	-0.263658688	0.181197008
STRG.8517	STRG.8517_ORF_1	3875	+	3	2400	2627	228	0.4715	-0.15019984	0.434219555
STRG.8517	STRG.8517_ORF_2	3875	+	2	992	1111	120	0.4965	-0.208436749	0.246894006
STRG.8517	STRG.8517_ORF_3	3875	+	3	3084	3197	114	0.3969	-0.333569971	0.06414628
STRG.8517	STRG.8517_ORF_4	3875	+	2	1532	1630	99	0.9962	0.074552069	0.903481364
STRG.8517	STRG.8517_ORF_5	3875	+	3	1281	1379	99	0.645	-0.097033011	0.555479799
STRG.8531	STRG.8531_ORF_1	1793	+	3	1536	1727	192	0.5668	-0.105114601	0.647310709
STRG.8531	STRG.8531_ORF_2	1793	+	3	288	470	183	1.0861	0.096392413	0.947967301
STRG.8531	STRG.8531_ORF_3	1793	+	2	230	367	138	0.7955	0.057627193	0.926711287
STRG.8531	STRG.8531_ORF_4	1793	+	3	1215	1346	132	0.831	-0.093170013	0.636637846
STRG.8531	STRG.8531_ORF_5	1793	+	1	691	801	111	0.6251	-0.0789445	0.700515157
STRG.8559	STRG.8559_ORF_1	279	+	2	8	211	204	0.7825	-0.009932521	0.879924031
STRG.8560	STRG.8560_ORF_1	1086	+	1	439	606	168	0.777	0.022399396	0.903920305
STRG.8560	STRG.8560_ORF_2	1086	+	2	26	142	117	0.9327	-0.184754945	0.361475644
STRG.8560	STRG.8560_ORF_3	1086	+	3	891	989	99	0.6331	-0.148629413	0.515158029
STRG.8565	STRG.8565_ORF_1	1040	+	1	577	777	201	0.8094	0.077903269	0.951387898
STRG.8565	STRG.8565_ORF_2	1040	+	1	844	984	141	0.6202	-0.160356959	0.489196191
STRG.8565	STRG.8565_ORF_3	1040	+	2	422	535	114	0.741	-0.12969599	0.565104875
STRG.8568	STRG.8568_ORF_1	1853	+	2	452	742	291	0.4458	-0.043074479	0.824310407
STRG.8568	STRG.8568_ORF_2	1853	+	1	1177	1260	84	0.7811	-0.021416497	0.813222776
STRG.8568	STRG.8568_ORF_3	1853	+	1	1771	1851	81	1.052	-0.230574556	0.198390525
STRG.8568	STRG.8568_ORF_4	1853	+	3	564	641	78	0.5156	-0.060167986	0.754189482
STRG.8569	STRG.8569_ORF_1	286	+	3	135	260	126	0.3918	-0.132071345	0.641106017
STRG.8569	STRG.8569_ORF_2	286	+	1	154	240	87	0.6099	-0.130097708	0.610123921
STRG.8609	STRG.8609_ORF_1	3280	+	3	273	1118	846	1.1587	0.459183848	0.999587955
STRG.8609	STRG.8609_ORF_2	3280	+	3	2070	2237	168	0.5407	-0.196940255	0.299537162
STRG.8609	STRG.8609_ORF_3	3280	+	1	3064	3201	138	0.4732	-0.161353107	0.407977141
STRG.8609	STRG.8609_ORF_4	3280	+	2	1289	1426	138	0.7669	-0.021217321	0.780439891
STRG.8609	STRG.8609_ORF_5	3280	+	2	2477	2614	138	0.6954	-0.152951715	0.402720092
STRG.8634	STRG.8634_ORF_1	728	+	3	141	389	249	0.9823	0.037913038	0.920378515
STRG.8634	STRG.8634_ORF_2	728	+	3	444	554	111	0.5767	-0.134883216	0.585345438
STRG.8650	STRG.8650_ORF_1	1341	+	2	377	1063	687	0.6335	-0.168168576	0.552531971
STRG.8650	STRG.8650_ORF_2	1341	+	1	934	1170	237	0.9049	-0.152882339	0.476458529
STRG.8650	STRG.8650_ORF_3	1341	+	3	501	668	168	1.1173	-0.222139355	0.237270907
STRG.8679	STRG.8679_ORF_1	1509	+	2	377	784	408	0.6986	-0.11914699	0.637357096
STRG.8679	STRG.8679_ORF_2	1509	+	2	1181	1384	204	0.5973	-0.112404926	0.635274584
STRG.8679	STRG.8679_ORF_3	1509	+	3	450	596	147	0.8024	-0.228244709	0.248283311
STRG.8680	STRG.8680_ORF_1	311	+	2	56	229	174	0.6315	-0.128832006	0.625618839
STRG.8680	STRG.8680_ORF_2	311	+	1	127	297	171	0.6515	-0.190316822	0.426521843
STRG.8685	STRG.8685_ORF_1	1110	+	1	4	330	327	0.7053	-0.176547206	0.456808662
STRG.8685	STRG.8685_ORF_2	1110	+	3	822	989	168	0.842	-0.03500478	0.810982409
STRG.8685	STRG.8685_ORF_3	1110	+	1	712	825	114	0.718	-0.080912124	0.709729151
STRG.8685	STRG.8685_ORF_4	1110	+	1	529	630	102	0.6773	-0.021451811	0.842653676
STRG.8685	STRG.8685_ORF_5	1110	+	1	1030	1110	81	0.6891	-0.119273008	0.596172398
STRG.8696	STRG.8696_ORF_1	1159	+	3	225	776	552	1.0394	0.205074148	0.991259103
STRG.8696	STRG.8696_ORF_2	1159	+	1	694	936	243	0.5766	-0.119246597	0.638963181
STRG.8696	STRG.8696_ORF_3	1159	+	2	968	1081	114	0.4972	-0.191403252	0.397826596
STRG.8696	STRG.8696_ORF_4	1159	+	1	256	366	111	1.339	-0.406402252	0.024295157
STRG.8696	STRG.8696_ORF_5	1159	+	1	403	504	102	0.7542	-0.152337218	0.482706435
STRG.8697	STRG.8697_ORF_1	1106	+	1	220	771	552	1.0394	0.211707265	0.992047248
STRG.8697	STRG.8697_ORF_2	1106	+	2	689	931	243	0.7044	-0.095028128	0.693941762
STRG.8697	STRG.8697_ORF_3	1106	+	3	963	1076	114	0.5793	-0.170769301	0.453554694
STRG.8697	STRG.8697_ORF_4	1106	+	2	251	361	111	1.339	-0.406402252	0.024520674
STRG.8697	STRG.8697_ORF_5	1106	+	2	398	499	102	0.7542	-0.152337218	0.485071657
STRG.8729	STRG.8729_ORF_1	321	+	2	134	319	186	0.6555	0.045473753	0.940581908
STRG.8729	STRG.8729_ORF_2	321	+	3	141	224	84	0.4679	-0.199266099	0.40800833
STRG.8749	STRG.8749_ORF_1	311	+	2	23	199	177	0.7991	0.063530769	0.948146928
STRG.8756	STRG.8756_ORF_1	1281	+	3	1104	1280	177	0.9424	-0.053902753	0.755700555
STRG.8776	STRG.8776_ORF_1	1731	+	1	1435	1695	261	0.6375	-0.236871335	0.254416422
STRG.8776	STRG.8776_ORF_2	1731	+	1	526	753	228	1.1666	-0.105720632	0.570936312
STRG.8776	STRG.8776_ORF_3	1731	+	2	155	376	222	0.5242	0.04284927	0.9296016
STRG.8776	STRG.8776_ORF_4	1731	+	1	1120	1317	198	0.7912	-0.123929709	0.561603102
STRG.8776	STRG.8776_ORF_5	1731	+	3	813	995	183	0.8386	-0.209789564	0.288543514
STRG.8790	STRG.8790_ORF_1	2145	+	3	1875	2066	192	0.9218	-0.079132654	0.661947801
STRG.8790	STRG.8790_ORF_2	2145	+	1	1231	1416	186	0.5218	-0.031748684	0.819858955
STRG.8790	STRG.8790_ORF_3	2145	+	3	1260	1367	108	0.8956	-0.354941923	0.049966305
STRG.8790	STRG.8790_ORF_4	2145	+	2	1604	1705	102	0.9528	-0.092977453	0.600117272
STRG.8796	STRG.8796_ORF_1	1489	+	2	332	793	462	0.8008	-0.183612914	0.429136498
STRG.8796	STRG.8796_ORF_2	1489	+	3	459	878	420	0.6158	-0.093713943	0.721984792
STRG.8796	STRG.8796_ORF_3	1489	+	2	983	1399	417	0.6411	-0.088619204	0.731666442
STRG.8796	STRG.8796_ORF_4	1489	+	1	997	1095	99	0.8466	-0.152644793	0.452961973
STRG.8796	STRG.8796_ORF_5	1489	+	1	595	678	84	1.204	-0.13875612	0.442657258
STRG.8816	STRG.8816_ORF_1	943	+	3	711	941	231	0.7469	0.070059594	0.950240373
STRG.8816	STRG.8816_ORF_2	943	+	3	69	263	195	0.8907	-0.125047463	0.577687931
STRG.8816	STRG.8816_ORF_3	943	+	1	841	942	102	0.6965	-0.058821865	0.770861214
STRG.8816	STRG.8816_ORF_4	943	+	3	288	377	90	1.2638	-0.342976754	0.057024824
STRG.8816	STRG.8816_ORF_5	943	+	1	415	492	78	1.0636	-0.081192043	0.665927804
STRG.8845	STRG.8845_ORF_1	247	+	1	64	213	150	1.158	0.300336535	0.996827007
STRG.8847	STRG.8847_ORF_1	946	+	2	668	865	198	0.633	0.040980867	0.931786643
STRG.8847	STRG.8847_ORF_2	946	+	1	442	585	144	0.9346	-0.093570046	0.658201671
STRG.8847	STRG.8847_ORF_3	946	+	3	858	944	87	1.1028	-0.130705517	0.508132454
STRG.8847	STRG.8847_ORF_4	946	+	1	868	945	78	1.0596	-0.067512292	0.704459526
STRG.8852	STRG.8852_ORF_1	1093	+	1	379	465	87	0.9492	0.048179074	0.917652937
STRG.8873	STRG.8873_ORF_1	570	+	1	250	432	183	0.853	-0.188264276	0.395327957
STRG.8873	STRG.8873_ORF_2	570	+	3	342	521	180	1.0888	-0.073453587	0.71497236
STRG.8884	STRG.8884_ORF_1	374	+	1	271	354	84	0.925	-0.007747182	0.86148874
STRG.8897	STRG.8897_ORF_1	224	+	1	67	189	123	0.9307	0.037721545	0.921954844
STRG.8909	STRG.8909_ORF_1	543	+	1	421	543	123	0.8002	0.073714469	0.95047702
STRG.8909	STRG.8909_ORF_2	543	+	2	431	532	102	0.7481	-0.042918028	0.811550085
STRG.8909	STRG.8909_ORF_3	543	+	3	180	272	93	1.0968	0.091764078	0.952163438
STRG.8918	STRG.8918_ORF_1	1330	+	3	840	1019	180	0.7026	-0.056819182	0.773099441
STRG.8918	STRG.8918_ORF_2	1330	+	2	473	613	141	0.818	0.009476914	0.879327842
STRG.8918	STRG.8918_ORF_3	1330	+	2	1040	1159	120	0.8124	-0.062447621	0.739386884
STRG.8918	STRG.8918_ORF_4	1330	+	1	151	246	96	0.7121	-0.148763953	0.491655543
STRG.8918	STRG.8918_ORF_5	1330	+	3	516	602	87	0.8688	-0.064521738	0.722647617
STRG.8938	STRG.8938_ORF_1	1174	+	1	31	639	609	0.5395	-0.05422429	0.846916593
STRG.8938	STRG.8938_ORF_2	1174	+	1	895	1011	117	0.8967	-0.039664624	0.788118714
STRG.8938	STRG.8938_ORF_3	1174	+	1	781	879	99	0.3863	-0.216249182	0.335150936
STRG.8938	STRG.8938_ORF_4	1174	+	2	785	868	84	0.4226	-0.161672397	0.497090253
STRG.8942	STRG.8942_ORF_1	6554	+	1	6250	6531	282	0.8647	-0.271392157	0.075782995
STRG.8942	STRG.8942_ORF_2	6554	+	1	3592	3819	228	0.9236	-0.02122559	0.659204076
STRG.8942	STRG.8942_ORF_3	6554	+	2	1718	1906	189	0.6558	-0.076014053	0.519594544
STRG.8942	STRG.8942_ORF_4	6554	+	3	3063	3251	189	0.8234	-0.188197299	0.186724038
STRG.8942	STRG.8942_ORF_5	6554	+	2	5519	5704	186	0.6411	-0.20161461	0.176499053
STRG.8943	STRG.8943_ORF_1	1168	+	1	289	447	159	0.844	-0.0381197	0.801818116
STRG.8943	STRG.8943_ORF_2	1168	+	3	165	284	120	0.7881	-0.211521193	0.300966723
STRG.8943	STRG.8943_ORF_3	1168	+	1	601	690	90	0.7182	-0.177586621	0.404800759
STRG.8943	STRG.8943_ORF_4	1168	+	2	566	655	90	0.3773	-0.091787537	0.716016102
STRG.8943	STRG.8943_ORF_5	1168	+	3	870	956	87	0.6514	0.001579536	0.877555496
STRG.8954	STRG.8954_ORF_1	2301	+	3	957	1235	279	0.6058	-0.108943032	0.624908823
STRG.8954	STRG.8954_ORF_2	2301	+	2	1919	2128	210	1.0228	-0.005766317	0.8245868
STRG.8954	STRG.8954_ORF_3	2301	+	1	961	1119	159	0.8231	-0.322311218	0.078035874
STRG.8954	STRG.8954_ORF_4	2301	+	1	184	321	138	0.6516	0.01493707	0.878537762
STRG.8954	STRG.8954_ORF_5	2301	+	3	1896	2018	123	0.7858	-0.113726427	0.555704021
STRG.8957	STRG.8957_ORF_1	316	+	3	216	314	99	1.232	-0.155055172	0.441112408
STRG.8967	STRG.8967_ORF_1	1334	+	1	1129	1332	204	0.6796	-0.04819187	0.797158712
STRG.8967	STRG.8967_ORF_2	1334	+	2	683	814	132	1.048	0.175821942	0.981935342
STRG.8967	STRG.8967_ORF_3	1334	+	3	345	464	120	0.6827	-0.035296304	0.812985818
STRG.8967	STRG.8967_ORF_4	1334	+	2	1043	1135	93	0.8745	0.088256873	0.949539656
STRG.8967	STRG.8967_ORF_5	1334	+	2	566	646	81	0.9153	-0.272875954	0.145462043
STRG.8974	STRG.8974_ORF_1	283	+	1	49	135	87	0.6067	-0.192164967	0.412710089
STRG.8979	STRG.8979_ORF_1	426	+	2	143	232	90	0.7758	-0.109532692	0.644221775
STRG.8979	STRG.8979_ORF_2	426	+	2	341	424	84	0.8159	-0.017337177	0.853011949
STRG.8986	STRG.8986_ORF_1	1166	+	1	823	1020	198	0.6365	-0.095663859	0.691084696
STRG.8986	STRG.8986_ORF_2	1166	+	2	989	1111	123	0.8009	-0.001142352	0.866954785
STRG.8993	STRG.8993_ORF_1	681	+	2	323	565	243	1.3134	0.038819051	0.906240662
STRG.8993	STRG.8993_ORF_2	681	+	3	267	458	192	1.3274	-0.070532449	0.691392526
STRG.9017	STRG.9017_ORF_1	393	+	1	19	393	375	0.7873	-0.087847305	0.748569709
STRG.9017	STRG.9017_ORF_2	393	+	3	123	233	111	0.8316	-0.052630619	0.789029339
STRG.9072	STRG.9072_ORF_1	521	+	1	43	135	93	1.0051	-0.072313336	0.716245673
STRG.9072	STRG.9072_ORF_2	521	+	1	256	345	90	0.6492	-0.278658722	0.176968281
STRG.9073	STRG.9073_ORF_1	434	+	2	71	325	255	0.8038	-0.014626924	0.873216046
STRG.9073	STRG.9073_ORF_2	434	+	1	256	432	177	0.9987	-0.027098282	0.831224554
STRG.9101	STRG.9101_ORF_1	1078	+	2	410	709	300	0.701	-0.07234402	0.761806595
STRG.9101	STRG.9101_ORF_2	1078	+	1	754	921	168	0.857	-0.207335942	0.3151191
STRG.9101	STRG.9101_ORF_3	1078	+	1	403	564	162	0.8623	-0.137888576	0.52859823
STRG.9101	STRG.9101_ORF_4	1078	+	3	147	239	93	0.8259	-0.205753017	0.311138944
STRG.9102	STRG.9102_ORF_1	3462	+	1	2806	3204	399	0.6525	0.08556175	0.947031618
STRG.9102	STRG.9102_ORF_2	3462	+	2	1475	1855	381	0.7303	-0.10521614	0.588055039
STRG.9102	STRG.9102_ORF_3	3462	+	2	518	862	345	0.6847	0.016450877	0.873177687
STRG.9102	STRG.9102_ORF_4	3462	+	3	804	1109	306	0.6511	-0.106930992	0.580057551
STRG.9102	STRG.9102_ORF_5	3462	+	1	970	1242	273	0.4613	0.018247731	0.883792961
STRG.9103	STRG.9103_ORF_1	536	+	1	415	516	102	0.9322	-0.050827289	0.777456687
STRG.9103	STRG.9103_ORF_2	536	+	1	61	138	78	1.0861	-0.362898178	0.052383542
STRG.9104	STRG.9104_ORF_1	538	+	2	68	451	384	0.8467	-0.053205469	0.815366364
STRG.9104	STRG.9104_ORF_2	538	+	3	138	287	150	0.8274	-0.046987729	0.80193288
STRG.9120	STRG.9120_ORF_1	714	+	1	199	315	117	0.8411	0.100300743	0.962288156
STRG.9120	STRG.9120_ORF_2	714	+	1	628	714	87	0.7894	-0.113700327	0.617292826
STRG.9123	STRG.9123_ORF_1	3110	+	3	1434	1580	147	0.7502	-0.016250808	0.798917865
STRG.9123	STRG.9123_ORF_2	3110	+	1	2140	2271	132	0.5022	-0.182738033	0.345190952
STRG.9123	STRG.9123_ORF_3	3110	+	1	2005	2127	123	0.787	0.130596757	0.96229447
STRG.9123	STRG.9123_ORF_4	3110	+	2	671	784	114	0.5843	-0.001044838	0.838691895
STRG.9133	STRG.9133_ORF_1	268	+	1	94	234	141	0.9982	-0.187622448	0.382241781
STRG.9145	STRG.9145_ORF_1	3409	+	3	1008	1376	369	0.7418	0.004835197	0.85487049
STRG.9145	STRG.9145_ORF_2	3409	+	1	1075	1416	342	0.8222	-0.022228709	0.795001262
STRG.9145	STRG.9145_ORF_3	3409	+	1	715	1038	324	0.954	-0.075820288	0.638953309
STRG.9145	STRG.9145_ORF_4	3409	+	2	2237	2545	309	0.5378	-0.115010828	0.573655062
STRG.9145	STRG.9145_ORF_5	3409	+	2	254	514	261	0.611	-0.077297224	0.669313391
STRG.9159	STRG.9159_ORF_1	4154	+	1	721	981	261	0.5734	-0.026817464	0.776804809
STRG.9159	STRG.9159_ORF_2	4154	+	3	3123	3347	225	0.6969	-0.000780422	0.8151746
STRG.9159	STRG.9159_ORF_3	4154	+	3	2373	2582	210	0.9061	-0.093288644	0.538126886
STRG.9159	STRG.9159_ORF_4	4154	+	2	815	1009	195	0.6049	0.013604328	0.845695845
STRG.9159	STRG.9159_ORF_5	4154	+	3	1896	2012	117	0.6219	-0.203385968	0.235826601
STRG.9161	STRG.9161_ORF_1	936	+	1	148	483	336	0.5235	-0.110132468	0.696526861
STRG.9161	STRG.9161_ORF_2	936	+	1	703	936	234	0.5396	0.002934994	0.900818633
STRG.9161	STRG.9161_ORF_3	936	+	2	737	859	123	0.8333	0.056422213	0.933462422
STRG.9161	STRG.9161_ORF_4	936	+	3	594	683	90	0.8769	0.096854009	0.957443695
STRG.9161	STRG.9161_ORF_5	936	+	1	535	612	78	0.6634	-0.04843566	0.794117807
STRG.9235	STRG.9235_ORF_1	353	+	3	150	353	204	1.0216	0.570347709	0.999912666
STRG.9239	STRG.9239_ORF_1	5798	+	2	185	610	426	0.9153	0.24790915	0.988259577
STRG.9239	STRG.9239_ORF_2	5798	+	1	3820	4056	237	0.4345	-0.232395426	0.162040713
STRG.9239	STRG.9239_ORF_3	5798	+	2	3407	3631	225	0.6913	-0.014007447	0.735435525
STRG.9239	STRG.9239_ORF_4	5798	+	3	189	350	162	0.9632	-0.306401741	0.048874599
STRG.9239	STRG.9239_ORF_5	5798	+	1	5506	5637	132	0.8179	-0.364351625	0.025192342
STRG.9306	STRG.9306_ORF_1	553	+	3	426	551	126	0.6435	-0.075150388	0.754185843
STRG.9306	STRG.9306_ORF_2	553	+	1	406	522	117	0.4847	-0.135713883	0.604415116
STRG.9306	STRG.9306_ORF_3	553	+	3	282	395	114	1.0044	0.141493578	0.975940154
STRG.9306	STRG.9306_ORF_4	553	+	2	116	220	105	0.7878	-0.031477158	0.829956756
STRG.9320	STRG.9320_ORF_1	1219	+	1	613	1146	534	0.6645	-0.131879425	0.638119676
STRG.9320	STRG.9320_ORF_2	1219	+	3	72	605	534	0.499	-0.094632144	0.758838029
STRG.9320	STRG.9320_ORF_3	1219	+	3	609	860	252	0.8678	-0.021750687	0.839885699
STRG.9320	STRG.9320_ORF_4	1219	+	1	175	393	219	0.5418	-0.134094016	0.591499871
STRG.9320	STRG.9320_ORF_5	1219	+	3	864	1022	159	0.472	-0.115064769	0.6482973
STRG.9327	STRG.9327_ORF_1	277	+	3	141	275	135	0.9076	0.086090268	0.957232053
STRG.9327	STRG.9327_ORF_2	277	+	1	172	276	105	0.9552	-0.029254254	0.827081012
STRG.9338	STRG.9338_ORF_1	277	+	3	141	275	135	0.9076	0.086090268	0.957232053
STRG.9338	STRG.9338_ORF_2	277	+	1	172	276	105	0.9552	-0.029254254	0.827081012
STRG.9350	STRG.9350_ORF_1	1224	+	2	413	574	162	0.6208	-0.046342816	0.804503633
STRG.9350	STRG.9350_ORF_2	1224	+	1	46	162	117	0.5195	-0.232192748	0.275941451
STRG.9350	STRG.9350_ORF_3	1224	+	3	504	608	105	0.7874	-0.164742072	0.435727649
STRG.9350	STRG.9350_ORF_4	1224	+	3	1128	1223	96	0.7067	-0.11264883	0.612061786
STRG.9371	STRG.9371_ORF_1	727	+	2	404	556	153	0.801	0.042704181	0.927093017
STRG.9371	STRG.9371_ORF_2	727	+	3	321	431	111	0.7148	-0.217223831	0.309706121
STRG.9373	STRG.9373_ORF_1	435	+	3	60	299	240	0.6236	-0.042956285	0.8398866
STRG.9387	STRG.9387_ORF_1	544	+	1	364	501	138	0.7857	-0.071135525	0.750308072
STRG.9417	STRG.9417_ORF_1	269	+	3	78	245	168	0.6812	-0.005692984	0.888980091
STRG.9417	STRG.9417_ORF_2	269	+	1	154	267	114	0.8349	0.095474353	0.962951177
STRG.9420	STRG.9420_ORF_1	511	+	3	351	503	153	0.8591	-0.010311038	0.865464192
STRG.9434	STRG.9434_ORF_1	352	+	2	203	316	114	0.7747	-0.20297914	0.358224583
STRG.9509	STRG.9509_ORF_1	464	+	3	48	332	285	0.7743	0.065717256	0.952756863
STRG.9509	STRG.9509_ORF_2	464	+	1	202	423	222	0.7573	-0.12371235	0.6260056
STRG.9509	STRG.9509_ORF_3	464	+	1	25	150	126	1.1755	-0.221449017	0.255726711
STRG.9525	STRG.9525_ORF_1	540	+	1	259	540	282	0.7398	-0.198214929	0.399801655
STRG.9525	STRG.9525_ORF_2	540	+	3	357	539	183	0.767	-0.037125893	0.830097627
STRG.9525	STRG.9525_ORF_3	540	+	1	13	141	129	0.5068	-0.151132539	0.55549874
STRG.9554	STRG.9554_ORF_1	1449	+	3	330	536	207	0.6715	-0.072320468	0.739419507
STRG.9554	STRG.9554_ORF_2	1449	+	3	1032	1208	177	0.6493	-0.205601753	0.333745675
STRG.9554	STRG.9554_ORF_3	1449	+	1	292	420	129	0.4924	-0.283909373	0.161255172
STRG.9554	STRG.9554_ORF_4	1449	+	2	704	832	129	0.7185	-0.240875521	0.227067089
STRG.9557	STRG.9557_ORF_1	665	+	3	39	575	537	0.5321	-0.041325126	0.871898185
STRG.9557	STRG.9557_ORF_2	665	+	1	79	177	99	1.1281	-0.19698595	0.31421524
STRG.9557	STRG.9557_ORF_3	665	+	2	137	235	99	0.8288	-0.117123896	0.605528464
STRG.9557	STRG.9557_ORF_4	665	+	1	565	654	90	0.7632	-0.159975349	0.476468556
STRG.9581	STRG.9581_ORF_1	3689	+	3	15	2066	2052	0.8372	0.00310779	0.949292205
STRG.9581	STRG.9581_ORF_2	3689	+	3	2109	3209	1101	1.1393	0.247759665	0.994467343
STRG.9581	STRG.9581_ORF_3	3689	+	1	2269	2619	351	1.1183	-0.180743106	0.286471512
STRG.9581	STRG.9581_ORF_4	3689	+	1	2989	3333	345	0.6913	-0.081737607	0.64897949
STRG.9581	STRG.9581_ORF_5	3689	+	1	1243	1581	339	0.8797	-0.155988989	0.386668575
STRG.9600	STRG.9600_ORF_1	741	+	3	33	110	78	1.1399	0.062639628	0.92703358
STRG.9606	STRG.9606_ORF_1	422	+	1	100	198	99	1.1351	-0.043415416	0.776556437
STRG.9622	STRG.9622_ORF_1	3730	+	3	3102	3686	585	0.5033	-0.089412713	0.690307061
STRG.9622	STRG.9622_ORF_2	3730	+	2	551	1129	579	1.2054	0.378967094	0.998413236
STRG.9622	STRG.9622_ORF_3	3730	+	1	1159	1500	342	0.989	-0.031747769	0.745898239
STRG.9622	STRG.9622_ORF_4	3730	+	2	2354	2680	327	0.5492	-0.057870028	0.728247161
STRG.9622	STRG.9622_ORF_5	3730	+	1	2797	3105	309	0.63	-0.173859819	0.359826386
STRG.9625	STRG.9625_ORF_1	838	+	2	410	559	150	0.9014	-0.062964282	0.749255283
STRG.9647	STRG.9647_ORF_1	610	+	3	426	545	120	0.4435	-0.150676956	0.561341329
STRG.9673	STRG.9673_ORF_1	368	+	3	33	227	195	0.7854	-0.009489128	0.877929802
STRG.9673	STRG.9673_ORF_2	368	+	2	227	316	90	0.4589	-0.16306765	0.524379566
STRG.9701	STRG.9701_ORF_1	691	+	2	77	436	360	0.6503	-0.047444569	0.836099875
STRG.9701	STRG.9701_ORF_2	691	+	3	258	518	261	0.593	-0.186494175	0.447335771
STRG.9718	STRG.9718_ORF_1	1389	+	3	528	767	240	0.7329	0.016962737	0.900064669
STRG.9718	STRG.9718_ORF_2	1389	+	2	314	511	198	0.4364	-0.197409835	0.393288656
STRG.9718	STRG.9718_ORF_3	1389	+	2	86	187	102	0.3987	-0.228726847	0.291145698
STRG.9718	STRG.9718_ORF_4	1389	+	3	1038	1127	90	0.9524	-0.10507802	0.592802792
STRG.9718	STRG.9718_ORF_5	1389	+	1	292	375	84	1.0154	-0.235530867	0.205248472
STRG.9720	STRG.9720_ORF_1	1302	+	1	901	1191	291	0.9705	-0.009724376	0.8541581
STRG.9720	STRG.9720_ORF_2	1302	+	2	668	901	234	0.6674	0.020988868	0.908833133
STRG.9720	STRG.9720_ORF_3	1302	+	2	299	511	213	0.7829	-0.188461826	0.378891306
STRG.9720	STRG.9720_ORF_4	1302	+	1	286	447	162	0.7952	-0.27832636	0.154064301
STRG.9720	STRG.9720_ORF_5	1302	+	2	1061	1183	123	1.1337	-0.004012707	0.834435252
STRG.9723	STRG.9723_ORF_1	1952	+	3	1014	1280	267	0.7236	-0.096880969	0.657125364
STRG.9723	STRG.9723_ORF_2	1952	+	1	127	390	264	0.4917	-0.071965556	0.751527861
STRG.9723	STRG.9723_ORF_3	1952	+	3	141	380	240	0.6562	0.005526363	0.880210486
STRG.9723	STRG.9723_ORF_4	1952	+	3	819	932	114	0.8992	-0.120115399	0.532447907
STRG.9723	STRG.9723_ORF_5	1952	+	2	680	784	105	1.0092	0.004149809	0.841072739
STRG.9738	STRG.9738_ORF_1	2684	+	1	979	1137	159	0.7356	0.01000835	0.859741256
STRG.9738	STRG.9738_ORF_2	2684	+	1	622	756	135	0.4494	-0.012186484	0.842342679
STRG.9738	STRG.9738_ORF_3	2684	+	3	2142	2222	81	0.9474	-0.235898766	0.174750459
STRG.9767	STRG.9767_ORF_1	288	+	2	32	259	228	0.8184	0.166488236	0.986209072
STRG.9767	STRG.9767_ORF_2	288	+	3	105	227	123	0.9626	0.016369572	0.896857535
STRG.9785	STRG.9785_ORF_1	681	+	2	398	529	132	0.8235	-0.088872268	0.694133751
STRG.9785	STRG.9785_ORF_2	681	+	2	5	115	111	0.8712	0.124143091	0.971569443
STRG.9785	STRG.9785_ORF_3	681	+	3	240	341	102	0.7719	0.103297475	0.964878937
STRG.9785	STRG.9785_ORF_4	681	+	3	24	110	87	0.7397	0.009862587	0.892045704
STRG.9785	STRG.9785_ORF_5	681	+	3	600	680	81	1.0155	-0.00995045	0.844079657
STRG.9796	STRG.9796_ORF_1	938	+	2	536	688	153	0.5001	-0.060352249	0.793893846
STRG.9803	STRG.9803_ORF_1	259	+	3	165	257	93	1.0248	0.088152784	0.954229352
STRG.9807	STRG.9807_ORF_1	2949	+	1	2713	2949	237	0.5717	0.021732303	0.888278799
STRG.9807	STRG.9807_ORF_2	2949	+	2	1067	1279	213	0.5014	0.026808153	0.896777369
STRG.9807	STRG.9807_ORF_3	2949	+	1	2509	2643	135	0.9655	0.034011291	0.872471219
STRG.9807	STRG.9807_ORF_4	2949	+	1	1798	1917	120	0.6972	-0.069290172	0.675378412
STRG.9807	STRG.9807_ORF_5	2949	+	2	491	610	120	0.4206	-0.149985694	0.462828145
STRG.9811	STRG.9811_ORF_1	1458	+	1	1267	1380	114	0.8391	-0.18935625	0.344730066
STRG.9811	STRG.9811_ORF_2	1458	+	1	880	963	84	0.4669	-0.273292929	0.177621509
STRG.9811	STRG.9811_ORF_3	1458	+	3	750	833	84	0.3572	-0.091175053	0.708500759
STRG.9811	STRG.9811_ORF_4	1458	+	2	299	376	78	0.4838	-0.119106277	0.610117056
STRG.9811	STRG.9811_ORF_1	1366	+	2	1175	1288	114	0.8391	-0.18935625	0.348453087
STRG.9811	STRG.9811_ORF_2	1366	+	1	658	741	84	0.3572	-0.091175053	0.711884349
STRG.9811	STRG.9811_ORF_3	1366	+	2	788	871	84	0.4669	-0.273292929	0.180035642
STRG.9811	STRG.9811_ORF_4	1366	+	2	299	376	78	0.4838	-0.119106277	0.6140205
STRG.9811	STRG.9811_ORF_1	1570	+	1	379	621	243	0.7902	0.138115082	0.975912881
STRG.9811	STRG.9811_ORF_2	1570	+	1	643	798	156	0.6717	-0.159729991	0.462914413
STRG.9811	STRG.9811_ORF_3	1570	+	2	1379	1492	114	0.8391	-0.18935625	0.340223316
STRG.9811	STRG.9811_ORF_4	1570	+	1	862	945	84	0.3572	-0.091175053	0.704350212
STRG.9811	STRG.9811_ORF_5	1570	+	2	992	1075	84	0.4669	-0.273292929	0.174716912
STRG.9811	STRG.9811_ORF_1	1630	+	1	703	858	156	0.6717	-0.159729991	0.460249846
STRG.9811	STRG.9811_ORF_2	1630	+	2	1439	1552	114	0.8391	-0.18935625	0.337820764
STRG.9811	STRG.9811_ORF_3	1630	+	1	577	681	105	1.1199	0.256721299	0.992800405
STRG.9811	STRG.9811_ORF_4	1630	+	1	922	1005	84	0.3572	-0.091175053	0.702112657
STRG.9811	STRG.9811_ORF_5	1630	+	2	1052	1135	84	0.4669	-0.273292929	0.173176344
STRG.9811	STRG.9811_ORF_1	1639	+	1	448	690	243	0.7902	0.138115082	0.975621337
STRG.9811	STRG.9811_ORF_2	1639	+	1	712	867	156	0.6717	-0.159729991	0.459850353
STRG.9811	STRG.9811_ORF_3	1639	+	2	1448	1561	114	0.8391	-0.18935625	0.337461098
STRG.9811	STRG.9811_ORF_4	1639	+	1	931	1014	84	0.3572	-0.091175053	0.701776183
STRG.9811	STRG.9811_ORF_5	1639	+	2	1061	1144	84	0.4669	-0.273292929	0.172946187
STRG.9811	STRG.9811_ORF_1	1652	+	2	725	880	156	0.6717	-0.159729991	0.459273399
STRG.9811	STRG.9811_ORF_2	1652	+	3	1461	1574	114	0.8391	-0.18935625	0.336941913
STRG.9811	STRG.9811_ORF_3	1652	+	2	599	703	105	1.1199	0.256721299	0.992772251
STRG.9811	STRG.9811_ORF_4	1652	+	2	944	1027	84	0.3572	-0.091175053	0.701289781
STRG.9811	STRG.9811_ORF_5	1652	+	3	1074	1157	84	0.4669	-0.273292929	0.172614166
STRG.9886	STRG.9886_ORF_1	3771	+	1	2845	3126	282	0.8007	-0.17601087	0.324724497
STRG.9886	STRG.9886_ORF_2	3771	+	3	1710	1919	210	1.2413	0.264300979	0.990536811
STRG.9886	STRG.9886_ORF_3	3771	+	2	3530	3730	201	0.9479	0.022075426	0.843221419
STRG.9886	STRG.9886_ORF_4	3771	+	3	3333	3533	201	0.7001	-0.215787247	0.222784406
STRG.9886	STRG.9886_ORF_5	3771	+	3	558	746	189	0.6255	-0.054671911	0.704670993
STRG.9947	STRG.9947_ORF_1	1315	+	2	56	406	351	0.5829	0.043546041	0.938654918
STRG.9947	STRG.9947_ORF_2	1315	+	3	171	449	279	0.5221	-0.115155456	0.658229104
STRG.9947	STRG.9947_ORF_3	1315	+	1	220	444	225	0.7288	-0.031710258	0.828124982
STRG.9947	STRG.9947_ORF_4	1315	+	3	744	902	159	0.7022	-0.071400529	0.735775945
STRG.9947	STRG.9947_ORF_5	1315	+	2	863	976	114	0.7826	-0.182975476	0.37730715
STRG.9953	STRG.9953_ORF_1	282	+	2	35	244	210	1.3421	0.189530496	0.985904711
STRG.9953	STRG.9953_ORF_2	282	+	1	193	282	90	1.0241	0.115779216	0.967349542
STRG.9957	STRG.9957_ORF_1	2676	+	3	855	1220	366	0.8846	0.007106043	0.863836084
STRG.9957	STRG.9957_ORF_2	2676	+	3	1788	2066	279	0.5974	-0.08094695	0.692231315
STRG.9957	STRG.9957_ORF_3	2676	+	2	2204	2356	153	1.0048	-0.073211218	0.639960205
STRG.9957	STRG.9957_ORF_4	2676	+	1	1009	1155	147	1.0733	-0.010109074	0.793604302
STRG.9957	STRG.9957_ORF_5	2676	+	3	1686	1787	102	0.7381	-0.00239936	0.833281168
STRG.9958	STRG.9958_ORF_1	275	+	3	18	275	258	0.8797	-0.122705426	0.626565247
STRG.9958	STRG.9958_ORF_2	275	+	2	62	274	213	0.8359	-0.04605064	0.817669662
STRG.9965	STRG.9965_ORF_1	1481	+	3	192	1361	1170	0.9392	0.138121209	0.987103221
STRG.9965	STRG.9965_ORF_2	1481	+	1	913	1008	96	0.9775	-0.041509837	0.763398539
STRG.9965	STRG.9965_ORF_3	1481	+	1	1021	1116	96	1.0216	-0.110060485	0.564291598
STRG.9965	STRG.9965_ORF_4	1481	+	1	214	300	87	1.1838	-0.028288754	0.771079801
STRG.9965	STRG.9965_ORF_5	1481	+	1	358	441	84	0.8825	-0.211481276	0.272685722
STRG.9987	STRG.9987_ORF_1	601	+	3	189	284	96	0.7087	-0.161353371	0.484006042
STRG.9987	STRG.9987_ORF_2	601	+	3	504	581	78	1.0394	-0.239600798	0.216813939
STRG.9994	STRG.9994_ORF_1	461	+	1	76	168	93	0.5222	-0.082790738	0.747383493
STRG.10096	STRG.10096_ORF_1	499	+	3	279	425	147	0.9515	-0.107726362	0.632830024
STRG.10096	STRG.10096_ORF_2	499	+	1	313	444	132	1.1798	0.06128909	0.929925628
STRG.10096	STRG.10096_ORF_3	499	+	2	257	358	102	0.62	-0.172584592	0.466449828
STRG.10096	STRG.10096_ORF_4	499	+	1	103	195	93	0.6641	0.121882102	0.97448432
STRG.10114	STRG.10114_ORF_1	1486	+	3	204	464	261	0.5935	-0.160084154	0.496973814
STRG.10114	STRG.10114_ORF_2	1486	+	2	134	334	201	0.6124	-0.06242907	0.7675356
STRG.10114	STRG.10114_ORF_3	1486	+	2	752	913	162	0.7757	-0.069979898	0.725333196
STRG.10114	STRG.10114_ORF_4	1486	+	1	1384	1485	102	0.4381	-0.080863234	0.727653269
STRG.10114	STRG.10114_ORF_5	1486	+	2	650	751	102	0.787	-0.107775281	0.605787706
STRG.10115	STRG.10115_ORF_1	503	+	3	3	140	138	0.6728	-0.063556183	0.781077049
STRG.10115	STRG.10115_ORF_2	503	+	1	325	405	81	0.394	-0.157669094	0.543531082
STRG.10122	STRG.10122_ORF_1	503	+	3	3	140	138	0.6728	-0.063556183	0.781077049
STRG.10122	STRG.10122_ORF_2	503	+	1	325	405	81	0.394	-0.157669094	0.543531082
STRG.10125	STRG.10125_ORF_1	503	+	3	3	140	138	0.7439	-0.057795211	0.786629832
STRG.10125	STRG.10125_ORF_2	503	+	1	325	405	81	0.394	-0.157669094	0.543531082
STRG.10128	STRG.10128_ORF_1	1491	+	2	209	469	261	0.6474	-0.160205293	0.488446259
STRG.10128	STRG.10128_ORF_2	1491	+	1	139	339	201	0.5944	-0.064763379	0.763853792
STRG.10128	STRG.10128_ORF_3	1491	+	1	757	918	162	0.7757	-0.069979898	0.725155159
STRG.10128	STRG.10128_ORF_4	1491	+	1	655	756	102	0.787	-0.107775281	0.605574318
STRG.10128	STRG.10128_ORF_5	1491	+	3	1389	1490	102	0.4419	-0.013944006	0.863588419
STRG.10131	STRG.10131_ORF_1	503	+	3	3	140	138	0.6728	-0.063556183	0.781077049
STRG.10131	STRG.10131_ORF_2	503	+	1	325	405	81	0.394	-0.157669094	0.543531082
STRG.10134	STRG.10134_ORF_1	503	+	3	3	140	138	0.6728	-0.063556183	0.781077049
STRG.10134	STRG.10134_ORF_2	503	+	1	325	405	81	0.394	-0.157669094	0.543531082
STRG.10154	STRG.10154_ORF_1	3256	+	2	1757	1999	243	0.836	-0.088935098	0.607295895
STRG.10154	STRG.10154_ORF_2	3256	+	3	1005	1211	207	1.0518	-0.128128511	0.443899604
STRG.10154	STRG.10154_ORF_3	3256	+	2	1553	1756	204	1.0135	0.084762158	0.927521052
STRG.10154	STRG.10154_ORF_4	3256	+	2	731	910	180	0.7703	-0.22016767	0.219014006
STRG.10154	STRG.10154_ORF_5	3256	+	1	2239	2409	171	0.8135	-0.176364884	0.323672036
STRG.10199	STRG.10199_ORF_1	2688	+	3	1644	2039	396	0.8022	-0.100106936	0.629381081
STRG.10199	STRG.10199_ORF_2	2688	+	2	365	751	387	0.9118	0.118751251	0.96408042
STRG.10199	STRG.10199_ORF_3	2688	+	3	1080	1340	261	0.6039	0.015531313	0.884841425
STRG.10199	STRG.10199_ORF_4	2688	+	1	2188	2415	228	0.8963	-0.148238083	0.431271015
STRG.10199	STRG.10199_ORF_5	2688	+	2	140	307	168	0.8995	0.009286675	0.84731509
STRG.10199	STRG.10199_ORF_1	1337	+	2	563	949	387	0.9118	0.118751251	0.971565532
STRG.10199	STRG.10199_ORF_2	1337	+	2	338	505	168	0.8995	0.009286675	0.876002848
STRG.10199	STRG.10199_ORF_3	1337	+	3	447	614	168	0.7588	-0.06840491	0.737415955
STRG.10199	STRG.10199_ORF_4	1337	+	3	1212	1313	102	0.8226	-0.053423006	0.757415529
STRG.10207	STRG.10207_ORF_1	801	+	1	586	771	186	0.5477	0.004842771	0.901478508
STRG.10207	STRG.10207_ORF_2	801	+	3	324	497	174	0.7904	-0.155922585	0.495520889
STRG.10207	STRG.10207_ORF_3	801	+	1	364	447	84	1.0881	-0.150406329	0.452617422
STRG.10214	STRG.10214_ORF_1	1657	+	2	638	805	168	0.5076	0.050728841	0.934885865
STRG.10214	STRG.10214_ORF_2	1657	+	1	1510	1653	144	0.8053	-0.066910172	0.720935377
STRG.10214	STRG.10214_ORF_3	1657	+	1	1201	1305	105	0.624	-0.141626573	0.514781706
STRG.10214	STRG.10214_ORF_4	1657	+	1	586	669	84	0.7368	-0.169189458	0.406188422
STRG.10225	STRG.10225_ORF_1	283	+	3	3	281	279	1.0547	0.217580616	0.992091864
STRG.10225	STRG.10225_ORF_2	283	+	1	136	282	147	1.1601	-0.087911114	0.671907297
STRG.10252	STRG.10252_ORF_1	581	+	1	364	483	120	0.7917	0.153491406	0.981703645
STRG.10252	STRG.10252_ORF_2	581	+	3	267	386	120	0.8648	0.175424305	0.985563012
STRG.10252	STRG.10252_ORF_3	581	+	2	53	160	108	0.9835	0.033486051	0.909550171
STRG.10254	STRG.10254_ORF_1	1141	+	2	986	1141	156	0.5319	-0.244419402	0.252456843
STRG.10254	STRG.10254_ORF_2	1141	+	3	918	1070	153	0.5528	-0.179193646	0.436290478
STRG.10254	STRG.10254_ORF_3	1141	+	1	463	570	108	1.0036	-0.147987757	0.462168829
STRG.10254	STRG.10254_ORF_4	1141	+	2	629	706	78	0.7653	0.015957363	0.889589834
STRG.10263	STRG.10263_ORF_1	1052	+	1	10	357	348	0.5101	-0.107390147	0.703202628
STRG.10263	STRG.10263_ORF_2	1052	+	2	485	631	147	0.6349	-0.236945811	0.261088004
STRG.10263	STRG.10263_ORF_3	1052	+	3	219	329	111	0.9961	-0.210769017	0.28064282
STRG.10263	STRG.10263_ORF_4	1052	+	2	311	415	105	0.7446	-0.097366178	0.661292275
STRG.10263	STRG.10263_ORF_5	1052	+	3	450	545	96	0.5598	-0.466862977	0.017814005
STRG.10334	STRG.10334_ORF_1	7526	+	2	6761	7525	765	0.6459	-0.001716746	0.787762366
STRG.10334	STRG.10334_ORF_2	7526	+	1	3391	3885	495	0.6632	-0.046867503	0.625056185
STRG.10334	STRG.10334_ORF_3	7526	+	2	2099	2584	486	0.6782	-0.072171714	0.541901726
STRG.10334	STRG.10334_ORF_4	7526	+	2	6080	6523	444	0.6056	-0.125098498	0.376088901
STRG.10334	STRG.10334_ORF_5	7526	+	3	933	1358	426	0.811	-0.016662138	0.681870247
STRG.10336	STRG.10336_ORF_1	757	+	2	329	499	171	0.8162	-0.05042767	0.792060088
STRG.10336	STRG.10336_ORF_2	757	+	3	213	368	156	0.9655	-0.067920377	0.733397424
STRG.10337	STRG.10337_ORF_1	585	+	3	357	584	228	0.865	0.010818685	0.898016155
STRG.10337	STRG.10337_ORF_2	585	+	1	400	546	147	0.9435	-0.17226905	0.425229751
STRG.10337	STRG.10337_ORF_3	585	+	2	167	283	117	0.9854	-0.180105843	0.389303028
STRG.10347	STRG.10347_ORF_1	913	+	2	356	535	180	1.0648	0.121024041	0.967346358
STRG.10347	STRG.10347_ORF_2	913	+	3	747	911	165	0.6448	-0.285542672	0.16296915
STRG.10347	STRG.10347_ORF_3	913	+	2	116	193	78	0.6757	-0.367342668	0.058459482
STRG.10348	STRG.10348_ORF_1	2840	+	3	231	593	363	0.8415	0.033548955	0.898745133
STRG.10348	STRG.10348_ORF_2	2840	+	1	616	882	267	0.8985	-0.176514687	0.344977433
STRG.10348	STRG.10348_ORF_3	2840	+	2	77	292	216	0.9155	-0.080464874	0.634733786
STRG.10348	STRG.10348_ORF_4	2840	+	1	349	474	126	0.811	-0.097850472	0.579402326
STRG.10348	STRG.10348_ORF_5	2840	+	3	636	755	120	0.9248	0.118157611	0.954505361
STRG.10357	STRG.10357_ORF_1	3056	+	1	1231	1476	246	0.8888	0.027187573	0.874940259
STRG.10357	STRG.10357_ORF_2	3056	+	3	450	689	240	0.5329	-0.165194673	0.416001268
STRG.10357	STRG.10357_ORF_3	3056	+	1	424	600	177	0.6069	-0.097995115	0.607939268
STRG.10357	STRG.10357_ORF_4	3056	+	1	2467	2607	141	0.5691	-0.042007938	0.760921277
STRG.10357	STRG.10357_ORF_5	3056	+	1	2164	2295	132	0.5684	-0.0859927	0.641574881
STRG.10363	STRG.10363_ORF_1	335	+	3	24	146	123	0.925	0.017405495	0.89933649
STRG.10363	STRG.10363_ORF_2	335	+	1	178	279	102	0.8706	-0.134571637	0.559596586
STRG.10363	STRG.10363_ORF_3	335	+	2	257	334	78	0.5005	0.082417519	0.962527999
STRG.10377	STRG.10377_ORF_1	3460	+	3	2094	2435	342	0.5984	-0.08005658	0.674695516
STRG.10377	STRG.10377_ORF_2	3460	+	2	80	298	219	1.2139	0.177814124	0.973671284
STRG.10377	STRG.10377_ORF_3	3460	+	1	1024	1209	186	1.02	-0.023529699	0.749159617
STRG.10377	STRG.10377_ORF_4	3460	+	2	2225	2407	183	0.6488	-0.126187287	0.495422243
STRG.10377	STRG.10377_ORF_5	3460	+	1	1987	2160	174	0.4354	-0.07208335	0.690006418
STRG.10421	STRG.10421_ORF_1	626	+	1	388	558	171	0.879	-0.064834339	0.757223936
STRG.10435	STRG.10435_ORF_1	2849	+	2	194	340	147	0.7454	-0.160328182	0.392918633
STRG.10435	STRG.10435_ORF_2	2849	+	2	2636	2758	123	0.6908	-0.22784162	0.215042085
STRG.10435	STRG.10435_ORF_3	2849	+	3	2055	2171	117	0.8755	-0.109507787	0.530745425
STRG.10435	STRG.10435_ORF_4	2849	+	1	502	612	111	0.944	-0.027933492	0.756526013
STRG.10435	STRG.10435_ORF_5	2849	+	1	2758	2847	90	0.8479	-0.129650317	0.464592939
STRG.10464	STRG.10464_ORF_1	482	+	2	227	427	201	0.881	0.022753606	0.910371889
STRG.10464	STRG.10464_ORF_2	482	+	1	403	480	78	0.7389	-0.052723537	0.791044694
STRG.10508	STRG.10508_ORF_1	1532	+	2	1223	1447	225	0.6037	-0.08566481	0.712802833
STRG.10508	STRG.10508_ORF_2	1532	+	1	541	693	153	0.8768	-0.219478884	0.261612339
STRG.10508	STRG.10508_ORF_3	1532	+	2	629	778	150	1.0116	0.058862079	0.92287652
STRG.10508	STRG.10508_ORF_4	1532	+	2	212	346	135	0.8067	-0.121435121	0.564220873
STRG.10508	STRG.10508_ORF_5	1532	+	3	372	452	81	0.4532	-0.053753447	0.785897923
STRG.10515	STRG.10515_ORF_1	1515	+	3	1206	1430	225	0.6517	-0.092801558	0.688163333
STRG.10515	STRG.10515_ORF_2	1515	+	1	541	693	153	0.8768	-0.219478884	0.262199577
STRG.10515	STRG.10515_ORF_3	1515	+	2	629	778	150	1.0116	0.058862079	0.923092458
STRG.10515	STRG.10515_ORF_4	1515	+	2	212	346	135	0.8067	-0.121435121	0.564967644
STRG.10515	STRG.10515_ORF_5	1515	+	3	372	452	81	0.4532	-0.053753447	0.786408624
STRG.10532	STRG.10532_ORF_1	758	+	3	30	332	303	0.5992	-0.06159336	0.805489495
STRG.10532	STRG.10532_ORF_2	758	+	2	329	571	243	0.7565	-0.026297205	0.850615091
STRG.10560	STRG.10560_ORF_1	308	+	1	205	306	102	1.0772	0.009539258	0.87947865
STRG.10562	STRG.10562_ORF_1	1079	+	3	285	749	465	0.8339	-0.013790739	0.877383852
STRG.10562	STRG.10562_ORF_2	1079	+	1	559	909	351	0.872	0.03498601	0.923406395
STRG.10562	STRG.10562_ORF_3	1079	+	2	803	979	177	1.0651	-0.034323717	0.793571953
STRG.10562	STRG.10562_ORF_4	1079	+	2	203	340	138	0.9741	0.094829793	0.954403187
STRG.10562	STRG.10562_ORF_5	1079	+	1	343	471	129	0.8487	-0.206092358	0.313183136
STRG.10563	STRG.10563_ORF_1	777	+	3	321	437	117	0.8826	0.105455814	0.963399401
STRG.10563	STRG.10563_ORF_2	777	+	1	619	732	114	0.9508	-0.141823453	0.507193211
STRG.10563	STRG.10563_ORF_3	777	+	1	133	213	81	0.9954	-0.107442969	0.604009832
STRG.10566	STRG.10566_ORF_1	1418	+	3	1248	1418	171	0.7862	-0.123997078	0.570785363
STRG.10566	STRG.10566_ORF_2	1418	+	1	577	666	90	0.6058	0.030397366	0.911066322
STRG.10566	STRG.10566_ORF_3	1418	+	3	561	650	90	0.5158	-0.240903874	0.244070419
STRG.10586	STRG.10586_ORF_1	799	+	2	356	487	132	0.7633	-0.094774473	0.680794722
STRG.10587	STRG.10587_ORF_1	1828	+	1	499	711	213	1.0158	0.013233897	0.868125416
STRG.10587	STRG.10587_ORF_2	1828	+	2	767	952	186	0.8159	0.056826864	0.927256185
STRG.10587	STRG.10587_ORF_3	1828	+	1	1366	1542	177	0.7431	-0.096759532	0.644301621
STRG.10587	STRG.10587_ORF_4	1828	+	3	1677	1814	138	0.5194	-0.191982547	0.36905146
STRG.10587	STRG.10587_ORF_5	1828	+	3	1293	1418	126	0.4741	-0.134683744	0.555393166
STRG.10599	STRG.10599_ORF_1	652	+	3	36	296	261	0.7763	-0.062471862	0.78456342
STRG.10599	STRG.10599_ORF_2	652	+	2	353	490	138	0.628	-0.048708823	0.812103354
STRG.10599	STRG.10599_ORF_3	652	+	3	429	536	108	0.3314	-0.044971045	0.840693696
STRG.10600	STRG.10600_ORF_1	460	+	2	257	373	117	0.3967	-0.168879231	0.51577205
STRG.10617	STRG.10617_ORF_1	2521	+	1	1219	2295	1077	0.9916	0.227953782	0.994581134
STRG.10617	STRG.10617_ORF_2	2521	+	3	471	602	132	0.5737	-0.101531303	0.616248889
STRG.10617	STRG.10617_ORF_3	2521	+	1	958	1083	126	0.6158	0.046642042	0.913836589
STRG.10617	STRG.10617_ORF_4	2521	+	2	1631	1726	96	0.8154	-0.086877748	0.621001879
STRG.10617	STRG.10617_ORF_5	2521	+	2	62	148	87	0.6866	-0.327534374	0.072358196
STRG.10624	STRG.10624_ORF_1	478	+	1	46	294	249	0.845	-0.116802188	0.639021804
STRG.10639	STRG.10639_ORF_1	1623	+	2	446	688	243	1.081	0.151229685	0.975662614
STRG.10639	STRG.10639_ORF_2	1623	+	1	322	534	213	0.7661	-0.123316456	0.574710507
STRG.10639	STRG.10639_ORF_3	1623	+	2	791	985	195	0.6454	-0.113765792	0.618176019
STRG.10639	STRG.10639_ORF_4	1623	+	3	48	200	153	0.9161	-0.025130256	0.808070387
STRG.10639	STRG.10639_ORF_5	1623	+	3	441	575	135	1.0014	-0.189031949	0.321503973
STRG.10646	STRG.10646_ORF_1	689	+	2	125	274	150	0.9546	-0.163603401	0.447188048
STRG.10646	STRG.10646_ORF_2	689	+	1	565	654	90	1.0934	0.121701405	0.966166712
STRG.10646	STRG.10646_ORF_3	689	+	3	603	686	84	1.1154	-0.165763268	0.404967679
STRG.10647	STRG.10647_ORF_1	536	+	1	121	210	90	0.77	0.11789538	0.971249674
STRG.10647	STRG.10647_ORF_2	536	+	1	457	534	78	0.8369	-0.08742051	0.693199138
STRG.10695	STRG.10695_ORF_1	835	+	1	205	615	411	1.1127	0.265526143	0.995593675
STRG.10695	STRG.10695_ORF_2	835	+	2	572	769	198	0.9248	-0.02176183	0.839046733
STRG.10695	STRG.10695_ORF_3	835	+	3	696	833	138	0.8199	-0.05885996	0.766202249
STRG.10695	STRG.10695_ORF_4	835	+	3	318	440	123	1.3508	-0.214001223	0.241680976
STRG.10705	STRG.10705_ORF_1	430	+	2	38	271	234	1.0522	-0.219733248	0.292108909
STRG.10733	STRG.10733_ORF_1	642	+	2	320	568	249	0.6952	-0.011897012	0.879431177
STRG.10733	STRG.10733_ORF_2	642	+	2	161	298	138	0.9901	-0.156198934	0.465591366
STRG.10733	STRG.10733_ORF_3	642	+	3	534	641	108	0.8278	0.02289334	0.904793231
STRG.10743	STRG.10743_ORF_1	271	+	2	53	238	186	0.7846	-0.119139579	0.637667178
STRG.10743	STRG.10743_ORF_2	271	+	3	177	269	93	0.8365	-0.113449615	0.631206137
STRG.10743	STRG.10743_ORF_3	271	+	1	187	270	84	0.6625	-0.030841708	0.845730118
STRG.10756	STRG.10756_ORF_1	510	+	1	247	450	204	0.8156	-0.057117733	0.789267029
STRG.10756	STRG.10756_ORF_2	510	+	2	359	508	150	0.7972	-0.004047635	0.878330646
STRG.10756	STRG.10756_ORF_3	510	+	3	234	323	90	0.7277	-0.118322747	0.620872008
STRG.10757	STRG.10757_ORF_1	1021	+	3	66	218	153	0.7121	-0.035893495	0.82136996
STRG.10757	STRG.10757_ORF_2	1021	+	2	395	544	150	0.7692	-0.03413818	0.819437303
STRG.10757	STRG.10757_ORF_3	1021	+	2	752	883	132	0.6268	-0.215644125	0.317372108
STRG.10757	STRG.10757_ORF_4	1021	+	1	154	255	102	1.2605	0.21498135	0.987995903
STRG.10757	STRG.10757_ORF_5	1021	+	3	852	935	84	0.8189	-0.029508608	0.816507853
STRG.10834	STRG.10834_ORF_1	250	+	1	139	249	111	0.928	-0.030718283	0.827999961
STRG.10850	STRG.10850_ORF_1	251	+	1	19	150	132	0.5462	-0.008418109	0.890916218
STRG.10850	STRG.10850_ORF_2	251	+	3	135	227	93	0.9971	0.090314497	0.956183021
STRG.10883	STRG.10883_ORF_1	2022	+	3	642	1052	411	0.4954	-0.069180842	0.775622791
STRG.10883	STRG.10883_ORF_2	2022	+	1	31	345	315	0.7334	-0.02284712	0.835721383
STRG.10883	STRG.10883_ORF_3	2022	+	2	749	1039	291	0.5486	-0.091785431	0.695303432
STRG.10883	STRG.10883_ORF_4	2022	+	3	1671	1877	207	0.7788	-0.001380627	0.857582654
STRG.10883	STRG.10883_ORF_5	2022	+	1	1828	2016	189	0.7452	-0.021525014	0.823569838
STRG.10890	STRG.10890_ORF_1	412	+	3	141	248	108	0.765	-0.122814818	0.609325438
STRG.10890	STRG.10890_ORF_2	412	+	2	206	298	93	0.9138	-0.048071161	0.787957857
STRG.10914	STRG.10914_ORF_1	619	+	1	178	303	126	0.8613	0.034607477	0.916932979
STRG.10914	STRG.10914_ORF_2	619	+	3	39	134	96	0.9519	-0.0581882	0.75485744
STRG.10914	STRG.10914_ORF_3	619	+	2	542	619	78	0.9094	0.129605672	0.972497072
STRG.10930	STRG.10930_ORF_1	4682	+	3	213	668	456	0.7128	-0.039751505	0.741241673
STRG.10930	STRG.10930_ORF_2	4682	+	1	19	423	405	0.8815	0.134612196	0.95970206
STRG.10930	STRG.10930_ORF_3	4682	+	1	433	657	225	1.0495	0.126115539	0.943975776
STRG.10930	STRG.10930_ORF_4	4682	+	1	3724	3909	186	0.6185	-0.101540659	0.525549771
STRG.10930	STRG.10930_ORF_5	4682	+	2	3287	3451	165	0.4577	-0.112722858	0.509005829
STRG.10939	STRG.10939_ORF_1	518	+	2	5	433	429	1.3269	0.317706277	0.997624051
STRG.10941	STRG.10941_ORF_1	639	+	1	109	372	264	0.9051	-0.038459889	0.822311896
STRG.10941	STRG.10941_ORF_2	639	+	1	415	639	225	0.8536	0.018061228	0.905837107
STRG.10941	STRG.10941_ORF_3	639	+	2	275	418	144	0.5376	-0.06083326	0.796873821
STRG.10941	STRG.10941_ORF_4	639	+	3	207	287	81	0.8484	-0.277076503	0.159559746
STRG.10959	STRG.10959_ORF_1	443	+	2	152	364	213	1.0708	0.075492605	0.948101425
STRG.10959	STRG.10959_ORF_2	443	+	1	25	177	153	0.8353	0.022452338	0.909821361
STRG.10966	STRG.10966_ORF_1	1417	+	1	193	678	486	0.7992	-0.127960984	0.614619436
STRG.10966	STRG.10966_ORF_2	1417	+	3	882	1091	210	0.7766	-0.026788623	0.828966523
STRG.10966	STRG.10966_ORF_3	1417	+	2	1253	1417	165	0.8303	0.00964519	0.879086458
STRG.10966	STRG.10966_ORF_4	1417	+	2	230	337	108	0.8762	-0.130041987	0.526493736
STRG.10966	STRG.10966_ORF_5	1417	+	1	19	102	84	0.688	-0.226347328	0.259666817
STRG.10980	STRG.10980_ORF_1	227	+	2	47	226	180	1.1788	-0.184907711	0.374280483
STRG.10992	STRG.10992_ORF_1	260	+	1	43	177	135	0.8413	-0.160410878	0.490256343
STRG.10992	STRG.10992_ORF_2	260	+	3	6	83	78	1.1799	0.045302417	0.915300343
STRG.11062	STRG.11062_ORF_1	2936	+	1	580	1023	444	0.404	-0.052897247	0.796824071
STRG.11062	STRG.11062_ORF_2	2936	+	1	1309	1446	138	0.6055	-0.012781593	0.822538185
STRG.11062	STRG.11062_ORF_3	2936	+	1	316	444	129	0.7346	0.072644756	0.927987867
STRG.11062	STRG.11062_ORF_4	2936	+	2	2036	2134	99	0.7142	-0.25948458	0.147820139
STRG.11062	STRG.11062_ORF_5	2936	+	3	36	128	93	0.5383	-0.160955896	0.406534246
STRG.11079	STRG.11079_ORF_1	645	+	3	111	314	204	0.5956	-0.074030689	0.769729624
STRG.11079	STRG.11079_ORF_2	645	+	2	359	457	99	0.6702	-0.177195114	0.437351733
STRG.11080	STRG.11080_ORF_1	990	+	1	22	297	276	0.7066	-0.194537738	0.395510062
STRG.11080	STRG.11080_ORF_2	990	+	3	789	986	198	0.6057	-0.232489496	0.285874591
STRG.11083	STRG.11083_ORF_1	541	+	3	348	539	192	0.8773	-0.051903387	0.792002288
STRG.11093	STRG.11093_ORF_1	263	+	1	40	261	222	0.846	0.054242307	0.942746247
STRG.11096	STRG.11096_ORF_1	644	+	2	155	385	231	0.7644	-0.029382887	0.846327398
STRG.11097	STRG.11097_ORF_1	1429	+	1	1144	1410	267	0.5538	-0.114335095	0.649735384
STRG.11097	STRG.11097_ORF_2	1429	+	1	310	456	147	0.8266	-0.020399088	0.829400596
STRG.11097	STRG.11097_ORF_3	1429	+	3	1170	1271	102	1.0627	-0.168999157	0.374206191
STRG.11097	STRG.11097_ORF_4	1429	+	1	1	90	90	0.9589	-0.164429415	0.400523219
STRG.11116	STRG.11116_ORF_1	794	+	1	367	480	114	0.7576	-0.279947871	0.161401995
STRG.11117	STRG.11117_ORF_1	873	+	1	724	873	150	1.0495	0.195078536	0.987130543
STRG.11117	STRG.11117_ORF_2	873	+	3	207	332	126	0.9052	-0.024497996	0.827142846
STRG.11117	STRG.11117_ORF_3	873	+	3	585	686	102	0.7216	-0.247436955	0.226296576
STRG.11117	STRG.11117_ORF_4	873	+	1	301	384	84	0.7866	-0.16473006	0.44739452
STRG.11131	STRG.11131_ORF_1	313	+	1	94	207	114	0.6076	-0.099785236	0.702064989
STRG.11132	STRG.11132_ORF_1	336	+	1	187	291	105	0.9332	-0.221236286	0.285693562
STRG.11133	STRG.11133_ORF_1	256	+	2	125	256	132	0.9925	0.080215725	0.951839165
STRG.11169	STRG.11169_ORF_1	877	+	2	71	325	255	0.6708	0.055032156	0.944270225
STRG.11169	STRG.11169_ORF_2	877	+	3	297	506	210	0.8762	-0.142621943	0.529384192
STRG.11169	STRG.11169_ORF_3	877	+	1	238	348	111	1.2011	-0.059444589	0.716550887
STRG.11169	STRG.11169_ORF_4	877	+	3	774	872	99	0.8146	-0.016102153	0.846319889
STRG.11176	STRG.11176_ORF_1	1996	+	1	55	687	633	0.4863	-0.087715764	0.764946022
STRG.11176	STRG.11176_ORF_2	1996	+	1	1495	1707	213	0.7296	-0.02184777	0.82759485
STRG.11176	STRG.11176_ORF_3	1996	+	2	1607	1777	171	0.7366	-0.041801784	0.781484864
STRG.11176	STRG.11176_ORF_4	1996	+	3	1626	1772	147	0.7646	-0.20592122	0.292392713
STRG.11176	STRG.11176_ORF_5	1996	+	3	96	176	81	0.7334	-0.083745985	0.660348299
STRG.11177	STRG.11177_ORF_1	367	+	1	190	270	81	0.7876	-0.134799472	0.565515567
STRG.11199	STRG.11199_ORF_1	582	+	3	153	581	429	0.4246	-0.077274444	0.809731336
STRG.11199	STRG.11199_ORF_2	582	+	1	304	507	204	0.8213	-0.103527923	0.669040222
STRG.11199	STRG.11199_ORF_3	582	+	3	51	134	84	0.526	-0.302730221	0.142879127
STRG.11212	STRG.11212_ORF_1	1101	+	2	236	406	171	0.807	-0.035256523	0.814210469
STRG.11212	STRG.11212_ORF_2	1101	+	2	836	1006	171	1.0855	0.014541999	0.876351073
STRG.11212	STRG.11212_ORF_3	1101	+	3	222	320	99	0.8678	-0.300540346	0.114529043
STRG.11212	STRG.11212_ORF_4	1101	+	3	12	104	93	0.8808	-0.120692018	0.566935408
STRG.11212	STRG.11212_ORF_5	1101	+	3	642	722	81	1.037	-0.164651712	0.401242293
STRG.11218	STRG.11218_ORF_1	326	+	2	218	325	108	1.0126	-0.170687497	0.424347076
STRG.11222	STRG.11222_ORF_1	548	+	3	27	200	174	0.8766	-0.06457062	0.761072649
STRG.11222	STRG.11222_ORF_2	548	+	3	450	548	99	0.9955	0.078688831	0.947098124
STRG.11244	STRG.11244_ORF_1	283	+	3	33	281	249	0.5933	-0.095233368	0.737469062
STRG.11245	STRG.11245_ORF_1	1042	+	1	187	363	177	1.2922	-0.125105253	0.511321593
STRG.11245	STRG.11245_ORF_2	1042	+	2	476	649	174	0.7429	-0.013989022	0.858543273
STRG.11245	STRG.11245_ORF_3	1042	+	3	753	854	102	0.8099	-0.114110333	0.601942939
STRG.11245	STRG.11245_ORF_4	1042	+	3	288	371	84	1.2829	0.411570706	0.999016335
STRG.11253	STRG.11253_ORF_1	644	+	1	298	642	345	1.0214	-0.071286508	0.750262422
STRG.11253	STRG.11253_ORF_2	644	+	3	294	623	330	0.8985	-0.10979416	0.659829965
STRG.11253	STRG.11253_ORF_3	644	+	2	341	619	279	1.0086	-0.077935492	0.725343613
STRG.11253	STRG.11253_ORF_4	644	+	3	33	119	87	0.8688	-0.075723273	0.718147627
STRG.11265	STRG.11265_ORF_1	362	+	3	192	269	78	0.9994	-0.272117502	0.162624547
STRG.11273	STRG.11273_ORF_1	443	+	1	76	288	213	0.7935	-0.01459379	0.870175071
STRG.11273	STRG.11273_ORF_2	443	+	2	170	265	96	1.1991	0.002451299	0.857600093
STRG.11341	STRG.11341_ORF_1	832	+	3	147	317	171	0.7796	-0.016740871	0.855859806
STRG.11341	STRG.11341_ORF_2	832	+	2	596	760	165	0.767	-0.189476486	0.389194122
STRG.11355	STRG.11355_ORF_1	1013	+	1	232	399	168	0.497	-0.212772215	0.348969612
STRG.11355	STRG.11355_ORF_2	1013	+	3	885	1013	129	0.7812	-0.14322189	0.519882836
STRG.11355	STRG.11355_ORF_3	1013	+	2	59	151	93	0.771	-0.312587742	0.105915341
STRG.11355	STRG.11355_ORF_4	1013	+	2	380	460	81	0.9644	0.118576554	0.965191401
STRG.11408	STRG.11408_ORF_1	377	+	3	189	377	189	0.8056	-0.005237168	0.881835657
STRG.11411	STRG.11411_ORF_1	347	+	1	262	345	84	1.265	0.233377098	0.991443657
STRG.11416	STRG.11416_ORF_1	533	+	2	35	262	228	0.561	-0.128557207	0.636448129
STRG.11416	STRG.11416_ORF_2	533	+	1	43	171	129	0.8299	-0.11222466	0.631296462
STRG.11424	STRG.11424_ORF_1	1152	+	1	817	993	177	0.9385	0.184195196	0.985728091
STRG.11424	STRG.11424_ORF_2	1152	+	1	277	432	156	0.9778	-0.090871869	0.654114764
STRG.11424	STRG.11424_ORF_3	1152	+	2	1025	1150	126	0.8079	-0.130913684	0.54884514
STRG.11424	STRG.11424_ORF_4	1152	+	3	450	572	123	0.729	-0.111107973	0.621589784
STRG.11424	STRG.11424_ORF_5	1152	+	3	771	890	120	0.8541	-0.054268393	0.760590926
STRG.11432	STRG.11432_ORF_1	4401	+	1	631	924	294	0.5039	-0.115421596	0.53062707
STRG.11432	STRG.11432_ORF_2	4401	+	2	344	634	291	1.1119	-0.076042488	0.567768912
STRG.11432	STRG.11432_ORF_3	4401	+	2	761	1009	249	0.7413	0.037417	0.872838415
STRG.11432	STRG.11432_ORF_4	4401	+	2	4082	4303	222	1.082	-0.204530155	0.193922608
STRG.11432	STRG.11432_ORF_5	4401	+	3	2496	2711	216	0.8482	-0.072692753	0.601980058
STRG.11433	STRG.11433_ORF_1	4131	+	1	1108	2025	918	1.0408	0.14898299	0.977084276
STRG.11433	STRG.11433_ORF_2	4131	+	3	1701	2132	432	0.8611	-0.001657855	0.823220704
STRG.11433	STRG.11433_ORF_3	4131	+	3	225	551	327	0.4548	-0.13738279	0.485205741
STRG.11433	STRG.11433_ORF_4	4131	+	1	3871	4131	261	0.8581	0.126169782	0.955356485
STRG.11433	STRG.11433_ORF_5	4131	+	2	254	505	252	0.5742	-0.050344208	0.719003678
STRG.11434	STRG.11434_ORF_1	3598	+	3	1701	1916	216	0.8212	-0.089533615	0.587874378
STRG.11434	STRG.11434_ORF_2	3598	+	3	2220	2411	192	0.67	0.054108786	0.907552087
STRG.11434	STRG.11434_ORF_3	3598	+	2	2966	3151	186	1.0275	-0.104921752	0.503006409
STRG.11434	STRG.11434_ORF_4	3598	+	1	700	846	147	0.7085	-0.235413109	0.179657115
STRG.11434	STRG.11434_ORF_5	3598	+	3	2502	2642	141	0.4833	-0.238826787	0.192297567
STRG.11435	STRG.11435_ORF_1	8338	+	3	3705	4184	480	0.5746	-0.071407455	0.52224983
STRG.11435	STRG.11435_ORF_2	8338	+	3	678	1079	402	0.6883	-0.103378575	0.389145803
STRG.11435	STRG.11435_ORF_3	8338	+	2	3734	4120	387	0.5692	-0.143239195	0.287385418
STRG.11435	STRG.11435_ORF_4	8338	+	2	890	1219	330	0.5825	-0.128328099	0.317232235
STRG.11435	STRG.11435_ORF_5	8338	+	1	4567	4860	294	0.5402	-0.103425367	0.39008207
STRG.11436	STRG.11436_ORF_1	8459	+	3	3780	4337	558	0.5801	-0.075065472	0.519095837
STRG.11436	STRG.11436_ORF_2	8459	+	1	7396	7827	432	0.434	-0.098369225	0.441406802
STRG.11436	STRG.11436_ORF_3	8459	+	2	815	1216	402	0.6883	-0.098256264	0.399810686
STRG.11436	STRG.11436_ORF_4	8459	+	2	3887	4273	387	0.629	-0.144004453	0.273932341
STRG.11436	STRG.11436_ORF_5	8459	+	1	1027	1356	330	0.6149	-0.128547198	0.307889004
STRG.11454	STRG.11454_ORF_1	4832	+	3	3930	4184	255	0.5368	-0.081813176	0.606201758
STRG.11454	STRG.11454_ORF_2	4832	+	1	1915	2112	198	0.6672	-0.116597081	0.465366086
STRG.11454	STRG.11454_ORF_3	4832	+	1	3955	4137	183	0.7605	-0.143567058	0.364950184
STRG.11454	STRG.11454_ORF_4	4832	+	3	2901	3068	168	0.9205	0.034044089	0.837338036
STRG.11454	STRG.11454_ORF_5	4832	+	1	1597	1761	165	0.7334	-0.105539982	0.485060835
STRG.11502	STRG.11502_ORF_1	959	+	2	791	958	168	0.9423	-0.048551845	0.777162717
STRG.11502	STRG.11502_ORF_2	959	+	3	528	680	153	1.0031	-0.185821513	0.360328624
STRG.11502	STRG.11502_ORF_3	959	+	2	584	667	84	1.0474	-0.295104342	0.112393491
STRG.11532	STRG.11532_ORF_1	5846	+	2	4637	5005	369	0.638	-0.053645793	0.655248546
STRG.11532	STRG.11532_ORF_2	5846	+	3	4293	4595	303	0.9159	-0.106775095	0.435659887
STRG.11532	STRG.11532_ORF_3	5846	+	3	2010	2297	288	0.6213	0.013841323	0.812038597
STRG.11532	STRG.11532_ORF_4	5846	+	1	5386	5631	246	0.663	-0.027274311	0.70574495
STRG.11532	STRG.11532_ORF_5	5846	+	3	207	425	219	0.8654	0.017500236	0.788283396
STRG.11534	STRG.11534_ORF_1	975	+	3	453	620	168	0.5112	-0.111825251	0.663944784
STRG.11534	STRG.11534_ORF_2	975	+	2	14	133	120	0.9068	-0.364036649	0.054621264
STRG.11534	STRG.11534_ORF_3	975	+	1	562	642	81	0.5529	-0.079380524	0.732978486
STRG.11535	STRG.11535_ORF_1	313	+	1	121	258	138	0.8565	-0.109169859	0.647453623
STRG.11535	STRG.11535_ORF_2	313	+	3	75	164	90	0.7008	0.13061415	0.977356562
STRG.11552	STRG.11552_ORF_1	1591	+	1	796	948	153	0.8189	-0.132778728	0.526868952
STRG.11552	STRG.11552_ORF_2	1591	+	2	1277	1429	153	0.7158	-0.111662636	0.608576516
STRG.11552	STRG.11552_ORF_3	1591	+	1	1	150	150	0.7997	-0.115272392	0.584934139
STRG.11552	STRG.11552_ORF_4	1591	+	2	98	205	108	1.0774	0.01756559	0.866058092
STRG.11552	STRG.11552_ORF_5	1591	+	3	951	1052	102	1.0131	-0.117040966	0.539468021
STRG.11557	STRG.11557_ORF_1	3230	+	2	1862	2146	285	0.4951	-0.128219867	0.541063999
STRG.11557	STRG.11557_ORF_2	3230	+	3	69	269	201	0.8108	-0.09882932	0.573301715
STRG.11557	STRG.11557_ORF_3	3230	+	3	762	959	198	0.7814	-0.043370406	0.73649619
STRG.11557	STRG.11557_ORF_4	3230	+	2	2165	2335	171	0.8188	-0.038135435	0.741348427
STRG.11557	STRG.11557_ORF_5	3230	+	2	1628	1789	162	0.6335	-0.171008182	0.362588709
STRG.11590	STRG.11590_ORF_1	6884	+	3	3039	3377	339	0.6424	-0.108605933	0.430491014
STRG.11590	STRG.11590_ORF_2	6884	+	2	4181	4453	273	0.953	0.035787001	0.795025534
STRG.11590	STRG.11590_ORF_3	6884	+	3	4707	4928	222	0.9321	-0.053908659	0.541990056
STRG.11590	STRG.11590_ORF_4	6884	+	1	4750	4920	171	1.0378	-0.034065167	0.580317679
STRG.11590	STRG.11590_ORF_5	6884	+	3	2490	2639	150	0.5796	-0.095252183	0.446587647
STRG.11602	STRG.11602_ORF_1	645	+	1	61	645	585	1.1847	0.307822412	0.997744244
STRG.11602	STRG.11602_ORF_2	645	+	2	71	325	255	1.1139	-0.02060644	0.836511553
STRG.11602	STRG.11602_ORF_3	645	+	2	518	598	81	1.0023	-0.258752546	0.180066517
STRG.11607	STRG.11607_ORF_1	1218	+	1	1024	1143	120	0.92	0.026968908	0.896271382
STRG.11607	STRG.11607_ORF_2	1218	+	2	2	115	114	0.6873	-0.194879316	0.358541916
STRG.11607	STRG.11607_ORF_3	1218	+	2	218	319	102	0.6416	-0.145329945	0.519252772
STRG.11607	STRG.11607_ORF_4	1218	+	1	280	360	81	1.1592	-0.309861297	0.085357652
STRG.11640	STRG.11640_ORF_1	1987	+	1	43	525	483	1.2588	0.284494715	0.995631725
STRG.11640	STRG.11640_ORF_2	1987	+	1	1033	1446	414	0.7348	-0.031711978	0.831043768
STRG.11640	STRG.11640_ORF_3	1987	+	3	1554	1808	255	0.4937	-0.016292745	0.859696247
STRG.11640	STRG.11640_ORF_4	1987	+	2	1739	1903	165	0.6113	-0.080259329	0.700021671
STRG.11640	STRG.11640_ORF_5	1987	+	1	1591	1719	129	0.836	-0.095262109	0.621010697
STRG.11644	STRG.11644_ORF_1	1284	+	2	605	1012	408	1.0767	0.087415312	0.95497785
STRG.11644	STRG.11644_ORF_2	1284	+	3	756	980	225	1.2867	0.137324173	0.968847588
STRG.11644	STRG.11644_ORF_3	1284	+	2	143	322	180	1.1948	-0.005287709	0.83365259
STRG.11644	STRG.11644_ORF_4	1284	+	2	1046	1156	111	1.1024	0.051414268	0.91269094
STRG.11644	STRG.11644_ORF_5	1284	+	2	1190	1282	93	0.8132	0.031364022	0.904101584
STRG.11651	STRG.11651_ORF_1	317	+	2	128	316	189	0.738	0.01949879	0.915319443
STRG.11656	STRG.11656_ORF_1	1204	+	1	532	777	246	0.597	0.008084016	0.900296982
STRG.11656	STRG.11656_ORF_2	1204	+	1	16	144	129	0.7997	-0.204797689	0.318193482
STRG.11656	STRG.11656_ORF_3	1204	+	3	468	596	129	0.7893	-0.002145571	0.865985614
STRG.11656	STRG.11656_ORF_4	1204	+	3	207	332	126	0.4126	0.002003817	0.894595469
STRG.11656	STRG.11656_ORF_5	1204	+	2	332	454	123	0.7568	0.010324411	0.885112897
STRG.11659	STRG.11659_ORF_1	554	+	3	156	371	216	0.9644	-0.158339048	0.481213927
STRG.11659	STRG.11659_ORF_2	554	+	1	142	315	174	0.9876	-0.143384603	0.518145199
STRG.11690	STRG.11690_ORF_1	1162	+	1	1042	1161	120	0.9622	-0.154752592	0.447837022
STRG.11690	STRG.11690_ORF_2	1162	+	3	483	575	93	0.6281	0.016986246	0.899180366
STRG.11706	STRG.11706_ORF_1	284	+	3	12	113	102	0.6093	-0.241304191	0.273132234
STRG.11719	STRG.11719_ORF_1	340	+	2	53	151	99	0.7074	-0.324797188	0.106316619
STRG.11719	STRG.11719_ORF_2	340	+	3	96	188	93	0.6543	-0.118923771	0.636742559
STRG.11757	STRG.11757_ORF_1	340	+	1	103	339	237	0.9914	-0.213421648	0.320947285
STRG.11757	STRG.11757_ORF_2	340	+	3	48	200	153	1.1307	0.254700324	0.994297715
STRG.11783	STRG.11783_ORF_1	284	+	2	86	208	123	0.9184	-0.115995955	0.617021478
STRG.11788	STRG.11788_ORF_1	1007	+	3	267	407	141	1.0677	-0.123395043	0.544395684
STRG.11788	STRG.11788_ORF_2	1007	+	2	704	814	111	0.7477	-0.052559062	0.77895213
STRG.11788	STRG.11788_ORF_3	1007	+	1	757	840	84	0.4821	-0.227178449	0.296450751
STRG.11790	STRG.11790_ORF_1	374	+	1	64	186	123	1.055	0.052488444	0.928272533
STRG.11790	STRG.11790_ORF_2	374	+	3	261	341	81	0.9561	-0.150725799	0.489328268
STRG.11793	STRG.11793_ORF_1	371	+	1	130	369	240	0.7669	-0.003692819	0.89018609
STRG.11798	STRG.11798_ORF_1	410	+	3	276	410	135	1.0895	-0.07325647	0.714233877
STRG.11798	STRG.11798_ORF_2	410	+	2	254	361	108	0.9063	0.053496388	0.933574905
STRG.11798	STRG.11798_ORF_3	410	+	3	174	266	93	0.7888	-0.258450132	0.208261884
STRG.11814	STRG.11814_ORF_1	1128	+	2	161	757	597	1.0383	0.167857548	0.986480279
STRG.11814	STRG.11814_ORF_2	1128	+	3	723	1127	405	1.2042	0.345402507	0.998244167
STRG.11814	STRG.11814_ORF_3	1128	+	3	462	602	141	1.2612	-0.348379418	0.053755624
STRG.11814	STRG.11814_ORF_4	1128	+	3	375	458	84	0.9304	-0.081270315	0.676682387
STRG.11841	STRG.11841_ORF_1	4036	+	3	2550	3110	561	1.1967	0.240048473	0.989887711
STRG.11841	STRG.11841_ORF_2	4036	+	2	1850	2359	510	0.9622	0.279519165	0.994477072
STRG.11841	STRG.11841_ORF_3	4036	+	3	297	728	432	1.2936	0.293507019	0.99406005
STRG.11841	STRG.11841_ORF_4	4036	+	3	756	1151	396	1.2164	0.21250689	0.983536106
STRG.11841	STRG.11841_ORF_5	4036	+	1	919	1296	378	0.8456	-0.122971859	0.488409186
STRG.11865	STRG.11865_ORF_1	2076	+	2	992	1279	288	0.5856	-0.137857586	0.548666072
STRG.11865	STRG.11865_ORF_2	2076	+	2	566	805	240	0.6015	0.050504007	0.929975432
STRG.11865	STRG.11865_ORF_3	2076	+	3	48	224	177	0.6234	-0.030293338	0.814573697
STRG.11865	STRG.11865_ORF_4	2076	+	3	1002	1091	90	0.8385	-0.234838246	0.204381893
STRG.11881	STRG.11881_ORF_1	1198	+	2	839	1120	282	0.6833	0.052349509	0.939975348
STRG.11881	STRG.11881_ORF_2	1198	+	1	295	489	195	0.5402	-0.063624666	0.780446211
STRG.11881	STRG.11881_ORF_3	1198	+	1	784	969	186	1.0472	-0.011876851	0.836597608
STRG.11881	STRG.11881_ORF_4	1198	+	2	617	787	171	1.1217	-0.064593209	0.710102047
STRG.11881	STRG.11881_ORF_5	1198	+	1	625	768	144	1.1585	-0.036801691	0.770868154
STRG.11882	STRG.11882_ORF_1	1439	+	3	138	581	444	0.9137	0.035483017	0.922596264
STRG.11882	STRG.11882_ORF_2	1439	+	3	747	935	189	0.7474	-0.124178438	0.578223838
STRG.11882	STRG.11882_ORF_3	1439	+	1	595	774	180	0.645	0.105184336	0.965651323
STRG.11882	STRG.11882_ORF_4	1439	+	1	331	504	174	1.0966	-0.079392998	0.663374415
STRG.11882	STRG.11882_ORF_5	1439	+	1	199	300	102	1.0055	0.101771954	0.953505572
STRG.11883	STRG.11883_ORF_1	1268	+	1	673	969	297	0.6362	-0.083816124	0.734193147
STRG.11883	STRG.11883_ORF_2	1268	+	3	684	905	222	0.9798	-0.165988031	0.424044133
STRG.11883	STRG.11883_ORF_3	1268	+	2	719	901	183	0.9221	0.005999327	0.872482123
STRG.11883	STRG.11883_ORF_4	1268	+	2	971	1129	159	0.5749	-0.118584874	0.62171342
STRG.11883	STRG.11883_ORF_5	1268	+	3	1026	1169	144	0.7422	-0.138107536	0.533582429
STRG.11884	STRG.11884_ORF_1	1330	+	1	673	969	297	0.6877	-0.086791072	0.718328529
STRG.11884	STRG.11884_ORF_2	1330	+	3	684	905	222	0.9798	-0.165988031	0.421340609
STRG.11884	STRG.11884_ORF_3	1330	+	2	719	901	183	0.9221	0.005999327	0.871244413
STRG.11884	STRG.11884_ORF_4	1330	+	2	971	1129	159	0.5953	-0.116320196	0.623179758
STRG.11884	STRG.11884_ORF_5	1330	+	3	1026	1169	144	0.7297	-0.162752792	0.45312218
STRG.11885	STRG.11885_ORF_1	1343	+	3	360	659	300	0.9092	-0.000918695	0.871811129
STRG.11885	STRG.11885_ORF_2	1343	+	1	670	915	246	0.8791	-0.109501307	0.619798108
STRG.11885	STRG.11885_ORF_3	1343	+	2	716	898	183	0.9221	0.012812834	0.880569714
STRG.11885	STRG.11885_ORF_4	1343	+	3	681	863	183	1.0276	-0.128230699	0.527736641
STRG.11885	STRG.11885_ORF_5	1343	+	2	968	1126	159	0.5654	-0.07845071	0.73267909
STRG.11887	STRG.11887_ORF_1	2364	+	2	1706	2071	366	0.623	-0.067835229	0.74788024
STRG.11887	STRG.11887_ORF_2	2364	+	2	902	1252	351	0.6768	-0.120483683	0.589797284
STRG.11887	STRG.11887_ORF_3	2364	+	3	411	728	318	0.7553	-0.018393516	0.833781214
STRG.11887	STRG.11887_ORF_4	2364	+	2	2102	2362	261	0.8352	-0.064911565	0.715119355
STRG.11887	STRG.11887_ORF_5	2364	+	3	1236	1478	243	0.6249	-0.05930742	0.750758565
STRG.11888	STRG.11888_ORF_1	1273	+	3	678	923	246	0.8637	-0.119516653	0.594033981
STRG.11888	STRG.11888_ORF_2	1273	+	2	689	910	222	1.0046	-0.148209642	0.477106668
STRG.11888	STRG.11888_ORF_3	1273	+	1	724	906	183	1.0177	0.004481629	0.863704655
STRG.11888	STRG.11888_ORF_4	1273	+	2	1031	1174	144	0.7179	-0.186643008	0.382243279
STRG.11888	STRG.11888_ORF_5	1273	+	1	367	456	90	1.0204	-0.109260724	0.574989531
STRG.11891	STRG.11891_ORF_1	1264	+	3	360	659	300	0.9054	-0.011671358	0.857453601
STRG.11891	STRG.11891_ORF_2	1264	+	1	670	966	297	0.6479	-0.089593572	0.71810819
STRG.11891	STRG.11891_ORF_3	1264	+	3	1023	1247	225	0.5968	-0.134293323	0.582203592
STRG.11891	STRG.11891_ORF_4	1264	+	3	681	902	222	0.9642	-0.161697653	0.440087332
STRG.11891	STRG.11891_ORF_5	1264	+	2	968	1165	198	0.6548	-0.088196073	0.705484407
STRG.11892	STRG.11892_ORF_1	3227	+	1	2647	3060	414	0.4842	-0.112050084	0.61756872
STRG.11892	STRG.11892_ORF_2	3227	+	2	1769	2113	345	0.6498	-0.127806462	0.531321831
STRG.11892	STRG.11892_ORF_3	3227	+	3	1278	1595	318	0.6561	-0.018905703	0.819074728
STRG.11892	STRG.11892_ORF_4	3227	+	2	2567	2869	303	0.6463	-0.039206679	0.77586747
STRG.11892	STRG.11892_ORF_5	3227	+	3	252	521	270	1.2233	-0.186251997	0.264092876
STRG.11905	STRG.11905_ORF_1	2916	+	2	107	1363	1257	0.9972	0.145305756	0.985322768
STRG.11905	STRG.11905_ORF_2	2916	+	3	840	1379	540	0.9442	-0.251273793	0.191476509
STRG.11905	STRG.11905_ORF_3	2916	+	2	1370	1831	462	0.8759	0.015568701	0.880009338
STRG.11905	STRG.11905_ORF_4	2916	+	2	2108	2341	234	0.7822	0.041422874	0.900966193
STRG.11905	STRG.11905_ORF_5	2916	+	3	240	473	234	1.1798	-0.252121634	0.139029043
STRG.11906	STRG.11906_ORF_1	2309	+	3	1146	1487	342	0.8539	-0.048454988	0.767450338
STRG.11906	STRG.11906_ORF_2	2309	+	2	353	637	285	0.8407	-0.054642016	0.746146415
STRG.11906	STRG.11906_ORF_3	2309	+	3	114	356	243	1.0204	-0.023559527	0.792933863
STRG.11906	STRG.11906_ORF_4	2309	+	3	492	725	234	0.6927	-0.139401078	0.507387518
STRG.11906	STRG.11906_ORF_5	2309	+	1	1750	1935	186	0.7999	-0.217014718	0.254603
STRG.11908	STRG.11908_ORF_1	444	+	1	82	168	87	1.1381	-0.143186466	0.485010983
STRG.11910	STRG.11910_ORF_1	1092	+	3	759	1091	333	0.6842	-0.358061708	0.075758017
STRG.11911	STRG.11911_ORF_1	698	+	3	243	677	435	0.4462	-0.083260502	0.792815926
STRG.11911	STRG.11911_ORF_2	698	+	2	491	664	174	0.8629	-0.282741383	0.15671628
STRG.11911	STRG.11911_ORF_3	698	+	1	58	225	168	0.8189	-0.056533612	0.779895389
STRG.11911	STRG.11911_ORF_4	698	+	2	119	256	138	1.0107	0.017325686	0.889445648
STRG.11911	STRG.11911_ORF_5	698	+	1	256	336	81	0.9222	-0.35701413	0.060107922
STRG.11914	STRG.11914_ORF_1	1106	+	3	843	1058	216	0.7177	-0.108271102	0.649957801
STRG.11914	STRG.11914_ORF_2	1106	+	1	181	321	141	0.7452	-0.006691668	0.865259399
STRG.11914	STRG.11914_ORF_3	1106	+	1	49	177	129	0.708	-0.044237646	0.800048792
STRG.11914	STRG.11914_ORF_4	1106	+	2	518	643	126	0.5964	-0.107507712	0.652777942
STRG.11914	STRG.11914_ORF_5	1106	+	1	697	774	78	0.6456	-0.202893974	0.338862698
STRG.11950	STRG.11950_ORF_1	556	+	3	168	485	318	0.7105	-0.059913079	0.806102141
STRG.11978	STRG.11978_ORF_1	441	+	3	276	356	81	0.8425	0.025726541	0.908460762
STRG.11979	STRG.11979_ORF_1	258	+	2	11	241	231	0.4954	-0.166746666	0.538883443
STRG.11981	STRG.11981_ORF_1	2688	+	3	2313	2519	207	0.4517	-0.039121546	0.799019126
STRG.11981	STRG.11981_ORF_2	2688	+	1	1378	1524	147	0.5643	-0.129318762	0.525296901
STRG.11981	STRG.11981_ORF_3	2688	+	2	185	316	132	0.7537	-0.078992747	0.652420599
STRG.11981	STRG.11981_ORF_4	2688	+	2	1553	1684	132	0.8818	0.019028352	0.860883618
STRG.11981	STRG.11981_ORF_5	2688	+	2	1415	1543	129	0.6995	-0.069678344	0.685626035
STRG.12055	STRG.12055_ORF_1	341	+	3	36	341	306	0.6678	-0.04056342	0.849356336
STRG.12055	STRG.12055_ORF_2	341	+	2	149	298	150	0.5027	-0.09576457	0.729731142
STRG.12062	STRG.12062_ORF_1	2160	+	1	676	1116	441	0.6153	-0.0572102	0.78968574
STRG.12062	STRG.12062_ORF_2	2160	+	2	1493	1822	330	0.6667	0.000171053	0.875501709
STRG.12062	STRG.12062_ORF_3	2160	+	3	1476	1805	330	0.6831	-0.109559636	0.627424742
STRG.12062	STRG.12062_ORF_4	2160	+	3	1236	1439	204	0.9118	-0.149387127	0.444082913
STRG.12062	STRG.12062_ORF_5	2160	+	3	546	692	147	0.5666	-0.234322293	0.237894947
STRG.12077	STRG.12077_ORF_1	339	+	2	26	265	240	0.6509	-0.02040801	0.875472023
STRG.12077	STRG.12077_ORF_2	339	+	3	144	338	195	0.6106	-0.028959879	0.861631588
STRG.12077	STRG.12077_ORF_3	339	+	1	247	324	78	0.787	-0.276232039	0.173187756
STRG.12079	STRG.12079_ORF_1	2617	+	3	1668	2180	513	0.6577	-0.059086539	0.776806461
STRG.12079	STRG.12079_ORF_2	2617	+	2	1196	1432	237	0.6075	-0.212208358	0.285951326
STRG.12079	STRG.12079_ORF_3	2617	+	2	1460	1690	231	0.5448	0.018276188	0.890816607
STRG.12079	STRG.12079_ORF_4	2617	+	2	629	805	177	0.6027	-0.109930728	0.590286343
STRG.12079	STRG.12079_ORF_5	2617	+	2	269	430	162	0.8499	-0.091734656	0.609194671
STRG.12104	STRG.12104_ORF_1	266	+	2	2	157	156	0.5987	-0.046960006	0.830093018
STRG.12104	STRG.12104_ORF_2	266	+	1	64	180	117	0.5414	-0.036638585	0.848605843
STRG.12105	STRG.12105_ORF_1	287	+	3	114	209	96	0.8601	-0.048723897	0.795821663
STRG.12106	STRG.12106_ORF_1	446	+	2	134	406	273	1.0836	-0.120891572	0.59919513
STRG.12110	STRG.12110_ORF_1	1102	+	3	9	437	429	0.986	0.18703363	0.988401494
STRG.12110	STRG.12110_ORF_2	1102	+	3	777	1037	261	0.9333	-0.076526906	0.718694188
STRG.12110	STRG.12110_ORF_3	1102	+	1	334	507	174	0.9979	-0.173892857	0.395064103
STRG.12110	STRG.12110_ORF_4	1102	+	1	892	1032	141	0.936	-0.312265384	0.099287793
STRG.12110	STRG.12110_ORF_5	1102	+	1	175	255	81	1.0138	-0.055817574	0.735214955
STRG.12119	STRG.12119_ORF_1	401	+	1	196	297	102	0.7356	-0.061496144	0.777726726
STRG.12130	STRG.12130_ORF_1	710	+	3	57	545	489	0.6281	-0.011699607	0.900256101
STRG.12130	STRG.12130_ORF_2	710	+	1	124	201	78	0.7791	-0.389150535	0.043697297
STRG.12131	STRG.12131_ORF_1	4273	+	3	2022	2567	546	0.6497	-0.098525639	0.615588506
STRG.12131	STRG.12131_ORF_2	4273	+	1	3370	3843	474	0.6654	0.015145652	0.867306859
STRG.12131	STRG.12131_ORF_3	4273	+	2	3899	4273	375	1.2321	-0.115424846	0.445128012
STRG.12131	STRG.12131_ORF_4	4273	+	2	92	460	369	0.4848	0.02500691	0.883999171
STRG.12131	STRG.12131_ORF_5	4273	+	1	2491	2763	273	0.5469	-0.144139848	0.433568533
STRG.12132	STRG.12132_ORF_1	929	+	2	449	709	261	0.9202	-0.1500012	0.506498705
STRG.12132	STRG.12132_ORF_2	929	+	3	639	749	111	0.6212	-0.051537306	0.795926417
STRG.12132	STRG.12132_ORF_3	929	+	3	840	929	90	0.8639	-0.109599648	0.610934489
STRG.12134	STRG.12134_ORF_1	621	+	3	426	620	195	0.4499	0.07316157	0.960613237
STRG.12166	STRG.12166_ORF_1	399	+	3	156	398	243	0.6849	-0.02650706	0.863294
STRG.12166	STRG.12166_ORF_2	399	+	1	223	300	78	0.7159	-0.216992312	0.31740489
STRG.12215	STRG.12215_ORF_1	660	+	3	165	380	216	0.7004	-0.146287554	0.554002935
STRG.12215	STRG.12215_ORF_2	660	+	2	5	205	201	0.7709	-0.072862106	0.752869113
STRG.12215	STRG.12215_ORF_3	660	+	1	73	195	123	0.867	-0.197722686	0.350361787
STRG.12223	STRG.12223_ORF_1	612	+	3	24	506	483	0.5444	-0.019443825	0.89678216
STRG.12246	STRG.12246_ORF_1	1489	+	1	91	516	426	0.4997	-0.067933992	0.795863309
STRG.12246	STRG.12246_ORF_2	1489	+	2	500	634	135	0.7236	0.022777309	0.898494935
STRG.12246	STRG.12246_ORF_3	1489	+	1	1159	1269	111	0.8698	-0.131462062	0.520210131
STRG.12246	STRG.12246_ORF_4	1489	+	2	1277	1375	99	0.415	-0.104928644	0.664214687
STRG.12246	STRG.12246_ORF_5	1489	+	1	1303	1398	96	0.5901	-0.180655495	0.400652186
STRG.12250	STRG.12250_ORF_1	2314	+	1	406	594	189	0.7706	0.115763816	0.962668075
STRG.12250	STRG.12250_ORF_2	2314	+	1	748	921	174	0.889	0.140041398	0.970199319
STRG.12250	STRG.12250_ORF_3	2314	+	1	1555	1701	147	0.4766	-0.176990376	0.40199556
STRG.12250	STRG.12250_ORF_4	2314	+	1	1360	1500	141	0.8416	-0.194047763	0.302208507
STRG.12250	STRG.12250_ORF_5	2314	+	3	168	281	114	0.4576	-0.163846568	0.440006721
STRG.12261	STRG.12261_ORF_1	650	+	2	212	424	213	0.5437	-0.097380301	0.719331711
STRG.12261	STRG.12261_ORF_2	650	+	3	540	650	111	0.7471	-0.149991853	0.515779123
STRG.12261	STRG.12261_ORF_3	650	+	1	571	648	78	1.0531	0.01982813	0.886486117
STRG.12311	STRG.12311_ORF_1	314	+	1	220	312	93	0.9372	-0.138070904	0.537931309
STRG.12311	STRG.12311_ORF_2	314	+	3	72	155	84	0.9855	-0.367776125	0.054416662
STRG.12313	STRG.12313_ORF_1	1189	+	1	223	672	450	0.6146	-0.117547385	0.673308274
STRG.12313	STRG.12313_ORF_2	1189	+	3	21	386	366	0.7021	-0.086119808	0.733856926
STRG.12313	STRG.12313_ORF_3	1189	+	1	910	1044	135	0.7392	-0.206070813	0.323931275
STRG.12313	STRG.12313_ORF_4	1189	+	2	533	646	114	0.7476	0.01583096	0.892277848
STRG.12313	STRG.12313_ORF_5	1189	+	1	805	906	102	0.9346	-0.135067643	0.510726865
STRG.12336	STRG.12336_ORF_1	886	+	3	126	308	183	0.8658	-0.20582039	0.3282534
STRG.12336	STRG.12336_ORF_2	886	+	1	793	885	93	1.0007	-0.114823103	0.577687439
STRG.12336	STRG.12336_ORF_3	886	+	2	233	316	84	0.6262	-0.270764503	0.183744122
STRG.12352	STRG.12352_ORF_1	268	+	1	1	267	267	0.9607	0.254350171	0.995304179
STRG.12353	STRG.12353_ORF_1	1141	+	3	75	1139	1065	1.2664	0.011905221	0.923667218
STRG.12353	STRG.12353_ORF_2	1141	+	1	304	492	189	1.2664	0.240001663	0.991637873
STRG.12353	STRG.12353_ORF_3	1141	+	1	970	1140	171	1.2664	0.275963416	0.994660001
STRG.12353	STRG.12353_ORF_4	1141	+	1	166	267	102	1.2664	0.190548508	0.983199637
STRG.12353	STRG.12353_ORF_5	1141	+	1	832	933	102	1.2664	0.179572649	0.980685709
STRG.12372	STRG.12372_ORF_1	284	+	2	92	283	192	0.8227	-0.058156656	0.791522251
STRG.12372	STRG.12372_ORF_2	284	+	3	48	194	147	0.8269	-0.040421856	0.821531686
STRG.12383	STRG.12383_ORF_1	289	+	2	44	154	111	0.5894	-0.058595165	0.802620388
STRG.12383	STRG.12383_ORF_2	289	+	3	117	218	102	0.989	-0.041307083	0.799769499
STRG.12383	STRG.12383_ORF_3	289	+	1	49	144	96	0.669	-0.158691016	0.512376801
STRG.12385	STRG.12385_ORF_1	289	+	2	44	154	111	0.5894	-0.058595165	0.802620388
STRG.12385	STRG.12385_ORF_2	289	+	3	117	218	102	0.989	-0.041307083	0.799769499
STRG.12385	STRG.12385_ORF_3	289	+	1	49	144	96	0.669	-0.158691016	0.512376801
STRG.12387	STRG.12387_ORF_1	289	+	2	44	154	111	0.5894	-0.058595165	0.802620388
STRG.12387	STRG.12387_ORF_2	289	+	3	117	218	102	0.989	-0.041307083	0.799769499
STRG.12387	STRG.12387_ORF_3	289	+	1	49	144	96	0.669	-0.158691016	0.512376801
STRG.12389	STRG.12389_ORF_1	289	+	2	44	154	111	0.5894	-0.058595165	0.802620388
STRG.12389	STRG.12389_ORF_2	289	+	3	117	218	102	0.989	-0.041307083	0.799769499
STRG.12389	STRG.12389_ORF_3	289	+	1	49	144	96	0.669	-0.158691016	0.512376801
STRG.12391	STRG.12391_ORF_1	289	+	2	44	154	111	0.5894	-0.058595165	0.802620388
STRG.12391	STRG.12391_ORF_2	289	+	3	117	218	102	0.989	-0.041307083	0.799769499
STRG.12391	STRG.12391_ORF_3	289	+	1	49	144	96	0.669	-0.158691016	0.512376801
STRG.12393	STRG.12393_ORF_1	289	+	2	44	154	111	0.5894	-0.058595165	0.802620388
STRG.12393	STRG.12393_ORF_2	289	+	3	117	218	102	0.989	-0.041307083	0.799769499
STRG.12393	STRG.12393_ORF_3	289	+	1	49	144	96	0.669	-0.158691016	0.512376801
STRG.12395	STRG.12395_ORF_1	2442	+	2	80	445	366	0.8093	-0.147975143	0.481791741
STRG.12395	STRG.12395_ORF_2	2442	+	1	184	489	306	0.7554	-0.168198016	0.413709531
STRG.12395	STRG.12395_ORF_3	2442	+	1	784	993	210	0.5944	-0.081995505	0.687382433
STRG.12395	STRG.12395_ORF_4	2442	+	2	452	649	198	1.0694	-0.173913737	0.334151512
STRG.12395	STRG.12395_ORF_5	2442	+	2	1421	1579	159	0.3946	-0.008374153	0.860426545
STRG.12418	STRG.12418_ORF_1	1576	+	2	128	736	609	0.6028	0.007968476	0.917302795
STRG.12418	STRG.12418_ORF_2	1576	+	3	168	680	513	0.6198	-0.081496723	0.762328896
STRG.12418	STRG.12418_ORF_3	1576	+	1	583	1041	459	0.5607	-0.085840691	0.750780406
STRG.12418	STRG.12418_ORF_4	1576	+	3	1320	1574	255	1.1045	-0.153663665	0.437865449
STRG.12442	STRG.12442_ORF_1	317	+	1	175	300	126	0.9809	-0.054427154	0.774375076
STRG.12442	STRG.12442_ORF_2	317	+	3	195	317	123	0.845	-0.188273758	0.396280708
STRG.12454	STRG.12454_ORF_1	1324	+	1	67	501	435	0.4434	-0.067953399	0.806871442
STRG.12454	STRG.12454_ORF_2	1324	+	3	657	896	240	0.7203	0.04530184	0.929799152
STRG.12478	STRG.12478_ORF_1	1056	+	3	180	386	207	0.7233	-0.024019861	0.846533286
STRG.12478	STRG.12478_ORF_2	1056	+	2	629	796	168	1.0475	-0.078177767	0.687141348
STRG.12478	STRG.12478_ORF_3	1056	+	1	490	627	138	0.7151	-0.132677867	0.563160945
STRG.12500	STRG.12500_ORF_1	1724	+	2	947	1171	225	0.77	-0.047986246	0.779805802
STRG.12500	STRG.12500_ORF_2	1724	+	2	428	634	207	0.7086	-0.089307714	0.679667222
STRG.12500	STRG.12500_ORF_3	1724	+	2	140	238	99	0.8741	-0.092595153	0.629497863
STRG.12500	STRG.12500_ORF_4	1724	+	2	1514	1612	99	1.0033	-0.194012986	0.297766193
STRG.12500	STRG.12500_ORF_5	1724	+	1	181	276	96	1.2117	-0.141139549	0.425905538
STRG.12510	STRG.12510_ORF_1	268	+	3	15	113	99	0.3946	-0.089543343	0.752381353
STRG.12527	STRG.12527_ORF_1	257	+	1	109	255	147	0.7213	-0.063776748	0.784391351
STRG.12527	STRG.12527_ORF_2	257	+	3	48	125	78	0.9786	0.073559148	0.946062959
STRG.12558	STRG.12558_ORF_1	1423	+	1	1000	1374	375	0.4994	-0.07307208	0.780263087
STRG.12558	STRG.12558_ORF_2	1423	+	2	260	568	309	0.9023	-0.081542112	0.704869545
STRG.12558	STRG.12558_ORF_3	1423	+	1	793	960	168	0.9882	-0.124717356	0.538402047
STRG.12558	STRG.12558_ORF_4	1423	+	2	1103	1231	129	0.9847	-0.060754822	0.721866488
STRG.12558	STRG.12558_ORF_5	1423	+	2	740	844	105	0.8248	-0.136981136	0.510779087
STRG.12564	STRG.12564_ORF_1	813	+	3	309	752	444	1.3072	0.361276458	0.998605737
STRG.12564	STRG.12564_ORF_2	813	+	2	128	487	360	1.1832	-0.092371112	0.671161058
STRG.12564	STRG.12564_ORF_3	813	+	3	45	188	144	0.6726	-0.086400342	0.716202203
STRG.12568	STRG.12568_ORF_1	304	+	2	167	283	117	0.9933	-0.139834906	0.529055369
STRG.12573	STRG.12573_ORF_1	999	+	2	191	997	807	1	-0.124585825	0.670894404
STRG.12573	STRG.12573_ORF_2	999	+	3	174	350	177	1.0692	-0.380869549	0.042083439
STRG.12573	STRG.12573_ORF_3	999	+	3	393	554	162	1.0916	-0.194053031	0.324603849
STRG.12573	STRG.12573_ORF_4	999	+	1	856	999	144	1.0522	0.178469486	0.983639304
STRG.12574	STRG.12574_ORF_1	266	+	1	49	150	102	1.2928	-0.057902192	0.730236828
STRG.12575	STRG.12575_ORF_1	1647	+	1	208	1449	1242	1.2078	0.266278358	0.997166556
STRG.12575	STRG.12575_ORF_2	1647	+	2	44	256	213	1.1787	-0.304022395	0.092499646
STRG.12575	STRG.12575_ORF_3	1647	+	2	1019	1201	183	1.0895	-0.270295694	0.139716634
STRG.12575	STRG.12575_ORF_4	1647	+	3	1473	1646	174	0.9556	-0.175032269	0.37440632
STRG.12575	STRG.12575_ORF_5	1647	+	1	1462	1626	165	1.0919	-0.191646996	0.306774137
STRG.12614	STRG.12614_ORF_1	365	+	1	214	363	150	1.1731	0.31590782	0.997325747
STRG.12615	STRG.12615_ORF_1	308	+	3	9	308	300	0.9538	0.218095113	0.992677149
STRG.12615	STRG.12615_ORF_2	308	+	1	46	162	117	1.0506	-0.024678696	0.828049513
STRG.12657	STRG.12657_ORF_1	281	+	1	190	279	90	1.0658	0.041733296	0.917313027
STRG.12690	STRG.12690_ORF_1	853	+	1	496	786	291	0.5493	-0.081356701	0.762862797
STRG.12690	STRG.12690_ORF_2	853	+	2	482	616	135	1.1344	-0.031118992	0.795056026
STRG.12691	STRG.12691_ORF_1	1387	+	2	848	967	120	0.7278	0.016284649	0.890992596
STRG.12691	STRG.12691_ORF_2	1387	+	3	501	617	117	0.7407	0.059841218	0.934293051
STRG.12693	STRG.12693_ORF_1	858	+	3	501	791	291	0.5644	-0.09839697	0.718738188
STRG.12693	STRG.12693_ORF_2	858	+	1	487	621	135	1.1994	-0.027178264	0.796990556
STRG.12694	STRG.12694_ORF_1	1387	+	2	848	967	120	0.7278	0.016284649	0.890992596
STRG.12694	STRG.12694_ORF_2	1387	+	3	501	617	117	0.7407	0.059841218	0.934293051
STRG.12696	STRG.12696_ORF_1	955	+	1	79	786	708	0.779	0.08202849	0.969156106
STRG.12696	STRG.12696_ORF_2	955	+	3	87	224	138	1.0555	0.027987289	0.895742884
STRG.12696	STRG.12696_ORF_3	955	+	2	857	946	90	0.9425	0.077098488	0.943530006
STRG.12696	STRG.12696_ORF_4	955	+	3	426	509	84	1.0539	-0.024108476	0.80791213
STRG.12718	STRG.12718_ORF_1	510	+	3	72	293	222	0.4771	0.000607044	0.907199184
STRG.12718	STRG.12718_ORF_2	510	+	2	290	508	219	0.9885	-0.036058066	0.818003765
STRG.12719	STRG.12719_ORF_1	278	+	3	90	278	189	1.0496	0.029771077	0.911914924
STRG.12719	STRG.12719_ORF_2	278	+	2	104	277	174	0.9988	0.167741431	0.984337214
STRG.12719	STRG.12719_ORF_3	278	+	2	5	103	99	0.5638	-0.046357401	0.827630388
STRG.12739	STRG.12739_ORF_1	531	+	3	336	443	108	0.6937	-0.275647287	0.180606237
STRG.12739	STRG.12739_ORF_2	531	+	2	329	418	90	0.8062	-0.05322228	0.783411321
STRG.12745	STRG.12745_ORF_1	1053	+	2	245	832	588	0.7782	-0.147198385	0.592212802
STRG.12745	STRG.12745_ORF_2	1053	+	1	928	1032	105	0.5885	-0.049025792	0.799950942
STRG.12745	STRG.12745_ORF_3	1053	+	3	762	866	105	0.768	-0.00312884	0.866963357
STRG.12795	STRG.12795_ORF_1	299	+	3	84	182	99	0.7568	-0.165572984	0.477368901
STRG.12823	STRG.12823_ORF_1	713	+	1	478	699	222	0.6699	-0.123399336	0.628551334
STRG.12823	STRG.12823_ORF_2	713	+	2	599	712	114	1.1581	0.049601733	0.916453024
STRG.12832	STRG.12832_ORF_1	1855	+	1	958	1854	897	0.8423	0.146303033	0.98559029
STRG.12832	STRG.12832_ORF_2	1855	+	2	581	1273	693	0.9079	0.147216503	0.982756104
STRG.12832	STRG.12832_ORF_3	1855	+	3	1374	1814	441	1.207	-0.273763332	0.145325571
STRG.12832	STRG.12832_ORF_4	1855	+	3	855	1118	264	1.0223	0.175851053	0.982341177
STRG.12832	STRG.12832_ORF_5	1855	+	1	529	735	207	1.2846	-0.080254976	0.624255609
STRG.12861	STRG.12861_ORF_1	587	+	1	175	417	243	0.5999	0.009044733	0.910456271
STRG.12861	STRG.12861_ORF_2	587	+	2	383	586	204	0.7385	-0.018312314	0.864607674
STRG.12883	STRG.12883_ORF_1	4415	+	1	2383	3357	975	0.5594	-0.091989296	0.713117613
STRG.12883	STRG.12883_ORF_2	4415	+	1	3361	3744	384	0.8421	-0.207907045	0.230348216
STRG.12883	STRG.12883_ORF_3	4415	+	2	1937	2314	378	0.5515	-0.116460452	0.535660379
STRG.12883	STRG.12883_ORF_4	4415	+	2	3983	4270	288	0.689	-0.232053284	0.182111171
STRG.12883	STRG.12883_ORF_5	4415	+	3	1296	1580	285	0.7182	-0.077297916	0.61790485
STRG.12885	STRG.12885_ORF_1	340	+	3	54	158	105	0.7945	-0.208469482	0.338392242
STRG.12896	STRG.12896_ORF_1	296	+	2	119	229	111	0.7376	-0.200776209	0.37166748
STRG.12896	STRG.12896_ORF_1	1264	+	1	853	1251	399	0.8232	-0.11542957	0.640085314
STRG.12896	STRG.12896_ORF_2	1264	+	2	119	313	195	0.522	-0.121103907	0.627966268
STRG.12896	STRG.12896_ORF_3	1264	+	3	783	905	123	0.769	-0.062703826	0.746313002
STRG.12899	STRG.12899_ORF_1	1836	+	2	164	523	360	1.0521	0.221037596	0.99064549
STRG.12899	STRG.12899_ORF_2	1836	+	1	829	963	135	0.6639	0.066494643	0.938154876
STRG.12899	STRG.12899_ORF_3	1836	+	2	584	700	117	0.5931	-0.147353225	0.495094156
STRG.12899	STRG.12899_ORF_4	1836	+	2	1274	1369	96	0.8003	-0.411684757	0.027192258
STRG.12899	STRG.12899_ORF_5	1836	+	1	1720	1809	90	0.459	0.023278216	0.904317515
STRG.12946	STRG.12946_ORF_1	1936	+	2	1034	1936	903	0.6567	-0.313880159	0.163917517
STRG.12946	STRG.12946_ORF_2	1936	+	3	1044	1934	891	0.6361	-0.279635379	0.234447086
STRG.12987	STRG.12987_ORF_1	2873	+	3	1308	2315	1008	0.505	0.001773586	0.921025202
STRG.12987	STRG.12987_ORF_2	2873	+	3	435	1280	846	0.4901	-0.097533388	0.742043986
STRG.12987	STRG.12987_ORF_3	2873	+	2	767	1180	414	0.7277	-0.074880112	0.706901864
STRG.12987	STRG.12987_ORF_4	2873	+	1	97	345	249	0.8983	-0.043713544	0.742205137
STRG.12987	STRG.12987_ORF_5	2873	+	1	529	687	159	0.5154	-0.152792637	0.450758525
STRG.12991	STRG.12991_ORF_1	2000	+	1	781	1161	381	0.6911	-0.070604775	0.748005555
STRG.12991	STRG.12991_ORF_2	2000	+	3	396	752	357	0.8578	-0.00185015	0.865450272
STRG.12991	STRG.12991_ORF_3	2000	+	1	97	396	300	0.7143	-0.224910842	0.27212734
STRG.12991	STRG.12991_ORF_4	2000	+	1	1651	1869	219	0.8984	-0.154011704	0.441141966
STRG.12991	STRG.12991_ORF_5	2000	+	3	1611	1763	153	1.2737	-0.086988399	0.588993103
STRG.13034	STRG.13034_ORF_1	344	+	1	127	330	204	0.7873	-0.070897398	0.766475779
STRG.13036	STRG.13036_ORF_1	679	+	2	299	502	204	1.299	-0.105755626	0.593178441
STRG.13036	STRG.13036_ORF_2	679	+	3	255	419	165	1.1647	0.110520883	0.961742231
STRG.13036	STRG.13036_ORF_3	679	+	3	447	545	99	0.9663	-0.072803404	0.714779043
STRG.13038	STRG.13038_ORF_1	2235	+	1	46	960	915	1.0711	0.09084075	0.965082491
STRG.13038	STRG.13038_ORF_2	2235	+	2	1631	1900	270	0.7343	0.048357185	0.922372436
STRG.13038	STRG.13038_ORF_3	2235	+	3	324	500	177	1.0864	-0.02703406	0.772384686
STRG.13038	STRG.13038_ORF_4	2235	+	3	744	875	132	0.9262	-0.188171662	0.309336972
STRG.13038	STRG.13038_ORF_5	2235	+	1	1327	1446	120	0.8367	-0.088804312	0.628501503
STRG.13060	STRG.13060_ORF_1	537	+	2	125	535	411	1.2684	-0.074144157	0.728587785
STRG.13060	STRG.13060_ORF_2	537	+	3	300	536	237	1.2684	0.395355575	0.999021979
STRG.13061	STRG.13061_ORF_1	799	+	2	23	532	510	1.2446	-0.395102668	0.042195247
STRG.13061	STRG.13061_ORF_2	799	+	1	589	711	123	0.5235	-0.189358643	0.417675397
STRG.13061	STRG.13061_ORF_3	799	+	2	542	634	93	0.8027	-0.320972062	0.097790933
STRG.13076	STRG.13076_ORF_1	735	+	2	284	730	447	0.6373	-0.1075974	0.714516642
STRG.13076	STRG.13076_ORF_2	735	+	3	237	611	375	0.6987	-0.127735948	0.637804379
STRG.13076	STRG.13076_ORF_3	735	+	1	352	492	141	0.9224	-0.213997628	0.297294737
STRG.13076	STRG.13076_ORF_4	735	+	1	640	735	96	1.2596	0.020496598	0.874489953
STRG.13099	STRG.13099_ORF_1	1462	+	1	598	888	291	0.6622	-0.053111029	0.795555683
STRG.13099	STRG.13099_ORF_2	1462	+	2	1235	1384	150	0.7943	-0.014456658	0.842059474
STRG.13099	STRG.13099_ORF_3	1462	+	1	1030	1113	84	1.0048	-0.003426699	0.837850463
STRG.13111	STRG.13111_ORF_1	370	+	1	79	285	207	0.9046	-0.171875638	0.452844816
STRG.13150	STRG.13150_ORF_1	545	+	1	238	543	306	1.2864	0.1765096	0.984299788
STRG.13163	STRG.13163_ORF_1	1239	+	2	20	286	267	1.2442	0.356899673	0.998244303
STRG.13163	STRG.13163_ORF_2	1239	+	1	430	690	261	1.2454	-0.206646416	0.278227074
STRG.13163	STRG.13163_ORF_3	1239	+	2	662	814	153	1.0768	0.215745086	0.989315106
STRG.13163	STRG.13163_ORF_4	1239	+	2	836	976	141	1.0193	-0.22659911	0.2368143
STRG.13164	STRG.13164_ORF_1	282	+	2	35	280	246	0.8588	-0.1190677	0.637940972
STRG.13164	STRG.13164_ORF_2	282	+	1	16	252	237	0.7995	-0.074787121	0.762656005
STRG.13177	STRG.13177_ORF_1	1185	+	2	854	1117	264	0.44	-0.126930274	0.637162792
STRG.13177	STRG.13177_ORF_2	1185	+	3	423	614	192	0.429	-0.060157832	0.798744717
STRG.13177	STRG.13177_ORF_3	1185	+	1	1018	1185	168	0.807	-0.056971178	0.764832963
STRG.13177	STRG.13177_ORF_4	1185	+	3	771	899	129	0.7128	-0.090065411	0.684978571
STRG.13181	STRG.13181_ORF_1	812	+	3	273	749	477	0.4828	-0.074670322	0.808967618
STRG.13197	STRG.13197_ORF_1	345	+	3	120	293	174	0.6126	0.007706588	0.907628688
STRG.13197	STRG.13197_ORF_2	345	+	2	194	298	105	0.6153	-0.074657292	0.762266025
STRG.13197	STRG.13197_ORF_3	345	+	1	124	210	87	0.8055	-0.208864853	0.33254938
STRG.13197	STRG.13197_ORF_4	345	+	2	44	127	84	0.7598	-0.142853057	0.545357541
STRG.13203	STRG.13203_ORF_1	923	+	2	137	247	111	0.6911	-0.178344283	0.420778935
STRG.13203	STRG.13203_ORF_2	923	+	1	307	402	96	1.1449	0.018898587	0.875920565
STRG.13204	STRG.13204_ORF_1	369	+	3	33	356	324	1.0536	-0.098211739	0.682623224
STRG.13205	STRG.13205_ORF_1	514	+	1	304	513	210	1.0948	0.142858381	0.976970276
STRG.13207	STRG.13207_ORF_1	254	+	3	165	254	90	0.4955	0.108282116	0.973588125
STRG.13223	STRG.13223_ORF_1	713	+	1	265	501	237	0.946	-0.127975206	0.578371284
STRG.13223	STRG.13223_ORF_2	713	+	2	440	601	162	0.8994	-0.224076096	0.277451676
STRG.13223	STRG.13223_ORF_3	713	+	3	516	674	159	0.84	-0.092732383	0.684553176
STRG.13224	STRG.13224_ORF_1	1186	+	3	525	1184	660	0.7034	-0.100127035	0.74216559
STRG.13224	STRG.13224_ORF_2	1186	+	1	916	1185	270	0.6561	-0.210122433	0.34619976
STRG.13224	STRG.13224_ORF_3	1186	+	2	41	160	120	1.1846	-0.08352359	0.640429618
STRG.13224	STRG.13224_ORF_4	1186	+	3	126	215	90	0.919	0.14820366	0.976069895
STRG.13224	STRG.13224_ORF_5	1186	+	2	827	910	84	0.6763	-0.176338124	0.412767733
STRG.13228	STRG.13228_ORF_1	834	+	2	440	610	171	0.701	-0.353738315	0.073582208
STRG.13228	STRG.13228_ORF_2	834	+	1	235	333	99	0.813	-0.400228066	0.037142383
STRG.13228	STRG.13228_ORF_3	834	+	1	508	600	93	0.6127	-0.863427129	0.000107822
STRG.13232	STRG.13232_ORF_1	583	+	3	138	404	267	0.8665	0.033504719	0.92401071
STRG.13238	STRG.13238_ORF_1	2405	+	2	1742	2278	537	0.4771	-0.022392119	0.868090361
STRG.13238	STRG.13238_ORF_2	2405	+	1	805	1152	348	0.8905	0.026805302	0.894127364
STRG.13238	STRG.13238_ORF_3	2405	+	2	11	355	345	0.7477	0.056857391	0.931118899
STRG.13238	STRG.13238_ORF_4	2405	+	2	914	1144	231	0.9333	-0.165100362	0.386108067
STRG.13238	STRG.13238_ORF_5	2405	+	1	2164	2316	153	0.7632	-0.205843814	0.278789689
STRG.13247	STRG.13247_ORF_1	339	+	2	200	337	138	0.882	0.049763688	0.933672001
STRG.13258	STRG.13258_ORF_1	1167	+	2	722	1024	303	0.5472	-0.065370997	0.790765406
STRG.13258	STRG.13258_ORF_2	1167	+	2	500	721	222	0.6823	-0.057100137	0.785055032
STRG.13258	STRG.13258_ORF_3	1167	+	2	170	349	180	0.6949	-0.104122453	0.656455638
STRG.13258	STRG.13258_ORF_4	1167	+	3	480	647	168	0.8395	-0.131822863	0.54861182
STRG.13258	STRG.13258_ORF_5	1167	+	1	391	540	150	0.6542	-0.079371857	0.724873141
STRG.13280	STRG.13280_ORF_1	733	+	2	422	586	165	1.0378	-0.01233793	0.845501401
STRG.13280	STRG.13280_ORF_2	733	+	2	605	733	129	0.9112	-0.127076352	0.565163076
STRG.13280	STRG.13280_ORF_3	733	+	1	91	192	102	1.1259	-0.242983785	0.200339903
STRG.13280	STRG.13280_ORF_4	733	+	3	186	287	102	1.1781	0.315497971	0.997013815
STRG.13284	STRG.13284_ORF_1	267	+	3	144	266	123	0.598	0.017026579	0.915998675
STRG.13310	STRG.13310_ORF_1	792	+	1	37	198	162	0.6933	-0.018028095	0.860041056
STRG.13310	STRG.13310_ORF_2	792	+	1	655	792	138	1.0232	0.025495907	0.897215176
STRG.13310	STRG.13310_ORF_3	792	+	3	339	419	81	0.8688	-0.198532429	0.33522841
STRG.13314	STRG.13314_ORF_1	343	+	2	44	292	249	0.7742	-0.198476706	0.396547593
STRG.13324	STRG.13324_ORF_1	1021	+	2	41	805	765	0.6459	-0.097687006	0.774209078
STRG.13324	STRG.13324_ORF_2	1021	+	1	448	732	285	0.8272	-0.084121808	0.718056704
STRG.13324	STRG.13324_ORF_3	1021	+	3	729	962	234	0.9036	-0.070762775	0.7357271
STRG.13324	STRG.13324_ORF_4	1021	+	3	186	413	228	0.9668	-0.08343528	0.693858588
STRG.13324	STRG.13324_ORF_5	1021	+	1	58	273	216	0.6685	-0.231003046	0.283948806
STRG.13366	STRG.13366_ORF_1	257	+	2	101	256	156	0.7233	0.076411699	0.9573396
STRG.13366	STRG.13366_ORF_2	257	+	1	157	246	90	0.8129	-0.334916548	0.089981862
STRG.13367	STRG.13367_ORF_1	257	+	2	101	256	156	0.7233	0.076411699	0.9573396
STRG.13367	STRG.13367_ORF_2	257	+	1	157	246	90	0.8129	-0.334916548	0.089981862
STRG.13368	STRG.13368_ORF_1	257	+	2	101	256	156	0.687	0.070100687	0.954806527
STRG.13368	STRG.13368_ORF_2	257	+	1	157	246	90	0.8129	-0.334916548	0.089981862
STRG.13369	STRG.13369_ORF_1	257	+	2	101	256	156	0.687	0.070100687	0.954806527
STRG.13369	STRG.13369_ORF_2	257	+	1	157	246	90	0.8129	-0.334916548	0.089981862
STRG.13370	STRG.13370_ORF_1	257	+	2	101	256	156	0.687	0.070100687	0.954806527
STRG.13370	STRG.13370_ORF_2	257	+	1	157	246	90	0.8129	-0.334916548	0.089981862
STRG.13371	STRG.13371_ORF_1	257	+	2	101	256	156	0.7233	0.076411699	0.9573396
STRG.13371	STRG.13371_ORF_2	257	+	1	157	246	90	0.8129	-0.334916548	0.089981862
STRG.13373	STRG.13373_ORF_1	411	+	3	36	410	375	0.4845	-0.066016662	0.824635027
STRG.13378	STRG.13378_ORF_1	1098	+	1	277	429	153	0.559	-0.130885792	0.592139042
STRG.13378	STRG.13378_ORF_2	1098	+	3	744	887	144	0.6054	-0.11040675	0.646490667
STRG.13383	STRG.13383_ORF_1	315	+	1	19	315	297	0.7128	0.002728572	0.905596525
STRG.13386	STRG.13386_ORF_1	616	+	2	14	169	156	0.712	-0.145911405	0.544127938
STRG.13386	STRG.13386_ORF_2	616	+	1	346	450	105	0.8563	-0.092819565	0.677036667
STRG.13387	STRG.13387_ORF_1	279	+	3	144	278	135	0.5498	-0.120590896	0.655662214
STRG.13388	STRG.13388_ORF_1	1155	+	2	92	793	702	0.6127	-0.070498438	0.822219775
STRG.13388	STRG.13388_ORF_2	1155	+	3	273	455	183	0.7616	-0.216418949	0.301516559
STRG.13388	STRG.13388_ORF_3	1155	+	1	781	933	153	0.9726	-0.221876167	0.257783523
STRG.13389	STRG.13389_ORF_1	319	+	1	238	318	81	0.386	-0.011817571	0.890821653
STRG.13391	STRG.13391_ORF_1	542	+	2	176	541	366	0.769	-0.049929513	0.826185276
STRG.13391	STRG.13391_ORF_2	542	+	3	267	542	276	1.1285	-0.179807937	0.400981009
STRG.13393	STRG.13393_ORF_1	453	+	1	28	258	231	0.8466	-0.191104351	0.401214303
STRG.13393	STRG.13393_ORF_2	453	+	1	274	453	180	0.6599	-0.037021066	0.840752237
STRG.13395	STRG.13395_ORF_1	807	+	3	339	671	333	0.8053	-0.108503027	0.669769825
STRG.13399	STRG.13399_ORF_1	1064	+	2	728	910	183	0.5711	-0.035500282	0.836001861
STRG.13399	STRG.13399_ORF_2	1064	+	3	615	746	132	1.0899	-0.085361941	0.654759483
STRG.13399	STRG.13399_ORF_3	1064	+	3	888	980	93	0.6459	-0.250404406	0.220239033
STRG.13401	STRG.13401_ORF_1	1143	+	1	580	969	390	0.4488	-0.324787976	0.130303388
STRG.13401	STRG.13401_ORF_2	1143	+	3	240	362	123	0.6398	-0.340699808	0.081649537
STRG.13401	STRG.13401_ORF_3	1143	+	2	362	457	96	0.4623	-0.283694229	0.168126079
STRG.13401	STRG.13401_ORF_4	1143	+	2	641	733	93	0.7053	-0.282824659	0.150238764
STRG.13401	STRG.13401_ORF_5	1143	+	3	1062	1142	81	0.4968	-0.41264718	0.035603292
STRG.13414	STRG.13414_ORF_1	1582	+	1	673	1581	909	1.0736	0.01236443	0.917929514
STRG.13414	STRG.13414_ORF_2	1582	+	2	551	811	261	1.2612	-0.209707341	0.256651327
STRG.13415	STRG.13415_ORF_1	325	+	3	213	323	111	1.2788	-0.195586032	0.314110974
STRG.13415	STRG.13415_ORF_2	325	+	3	54	161	108	1.256	0.035672742	0.902220306
STRG.13417	STRG.13417_ORF_1	372	+	1	211	372	162	0.8443	-0.142222568	0.548639321
STRG.13420	STRG.13420_ORF_1	568	+	1	151	312	162	0.8705	-0.165541328	0.460846789
STRG.13455	STRG.13455_ORF_1	770	+	3	342	440	99	0.6885	-0.011748527	0.864775624
STRG.13455	STRG.13455_ORF_2	770	+	1	322	414	93	0.648	-0.2303318	0.278226956
STRG.13474	STRG.13474_ORF_1	719	+	3	474	593	120	0.4623	-0.708653572	0.000908347
STRG.13487	STRG.13487_ORF_1	1577	+	3	243	1577	1335	1.1972	0.264937452	0.997363867
STRG.13492	STRG.13492_ORF_1	522	+	3	27	521	495	1.1921	0.252454718	0.995153303
STRG.13492	STRG.13492_ORF_2	522	+	1	184	291	108	1.1365	-0.191616561	0.335474543
STRG.13521	STRG.13521_ORF_1	1315	+	3	120	1313	1194	1.121	0.037613837	0.951600003
STRG.13521	STRG.13521_ORF_2	1315	+	1	490	1314	825	1.194	0.003474245	0.901357089
STRG.13521	STRG.13521_ORF_3	1315	+	1	4	84	81	1.2708	0.079850881	0.930053147
STRG.13522	STRG.13522_ORF_1	642	+	3	15	641	627	1.2168	0.095559704	0.966415041
STRG.13523	STRG.13523_ORF_1	1629	+	1	718	1416	699	1.3248	0.433055685	0.999469507
STRG.13523	STRG.13523_ORF_2	1629	+	2	1163	1627	465	1.0451	-0.258641638	0.194300437
STRG.13523	STRG.13523_ORF_3	1629	+	2	161	448	288	0.9714	-0.028318251	0.812414438
STRG.13523	STRG.13523_ORF_4	1629	+	3	1320	1556	237	1.003	-0.268190985	0.155096828
STRG.13523	STRG.13523_ORF_5	1629	+	3	81	275	195	1.0555	-0.107000341	0.581127784
STRG.13526	STRG.13526_ORF_1	266	+	1	19	264	246	1.2812	0.286783298	0.996211834
STRG.13537	STRG.13537_ORF_1	1138	+	2	62	661	600	0.554	-0.122118492	0.694926881
STRG.13537	STRG.13537_ORF_2	1138	+	3	339	635	297	0.7949	-0.081342337	0.72671663
STRG.13552	STRG.13552_ORF_1	399	+	2	50	259	210	0.6927	-0.043287935	0.831464314
STRG.13552	STRG.13552_ORF_2	399	+	1	277	366	90	0.7632	-0.213163514	0.324140581
STRG.13553	STRG.13553_ORF_1	525	+	1	211	315	105	0.9332	-0.221236286	0.278851581
STRG.13555	STRG.13555_ORF_1	975	+	3	15	119	105	0.9332	-0.221236286	0.262972211
STRG.13563	STRG.13563_ORF_1	561	+	3	222	317	96	0.7622	0.197714013	0.98961873
STRG.13593	STRG.13593_ORF_1	309	+	2	164	307	144	0.7028	0.008932274	0.903036738
STRG.13647	STRG.13647_ORF_1	272	+	3	168	272	105	0.9169	0.03307375	0.916434771
STRG.13649	STRG.13649_ORF_1	326	+	2	173	274	102	1.0836	0.165287056	0.981935575
STRG.13680	STRG.13680_ORF_1	379	+	2	182	352	171	1.0894	-0.010714146	0.852994621
STRG.13680	STRG.13680_ORF_2	379	+	1	268	378	111	0.7648	-0.09113898	0.703203964
STRG.13681	STRG.13681_ORF_1	1218	+	3	948	1106	159	0.7652	-0.040992928	0.801845762
STRG.13681	STRG.13681_ORF_2	1218	+	3	723	875	153	0.6589	-0.058515165	0.773647535
STRG.13681	STRG.13681_ORF_3	1218	+	2	632	736	105	0.707	-0.191854191	0.363316069
STRG.13681	STRG.13681_ORF_4	1218	+	2	14	100	87	1.115	0.022628647	0.876596728
STRG.13707	STRG.13707_ORF_1	755	+	2	476	601	126	0.8921	0.037531091	0.916584478
STRG.13723	STRG.13723_ORF_1	381	+	2	302	379	78	1.0012	-0.124918427	0.564924052
STRG.13730	STRG.13730_ORF_1	798	+	1	61	171	111	0.9254	0.097516682	0.958282293
STRG.13730	STRG.13730_ORF_2	798	+	3	9	104	96	0.7354	-0.115834168	0.616340032
STRG.13730	STRG.13730_ORF_3	798	+	3	237	326	90	1.1497	-0.261048676	0.160751437
STRG.13730	STRG.13730_ORF_4	798	+	2	218	295	78	0.7349	-0.130063104	0.568688536
STRG.13731	STRG.13731_ORF_1	474	+	1	337	474	138	0.7026	-0.201607828	0.37134075
STRG.13731	STRG.13731_ORF_2	474	+	2	164	268	105	0.388	-0.007060195	0.895683775
STRG.13736	STRG.13736_ORF_1	2297	+	2	1514	1768	255	0.5715	-0.21225464	0.304986894
STRG.13736	STRG.13736_ORF_2	2297	+	1	667	858	192	1.1352	0.009493874	0.841059283
STRG.13736	STRG.13736_ORF_3	2297	+	1	1714	1857	144	0.8162	0.042773142	0.90442738
STRG.13736	STRG.13736_ORF_4	2297	+	3	1956	2084	129	0.7624	0.012836078	0.867638741
STRG.13736	STRG.13736_ORF_5	2297	+	3	2091	2204	114	0.6902	-0.15224683	0.444076133
STRG.13749	STRG.13749_ORF_1	324	+	3	27	212	186	0.5601	-0.045974898	0.836749602
STRG.13750	STRG.13750_ORF_1	688	+	3	21	686	666	0.9239	0.061318713	0.957307033
STRG.13750	STRG.13750_ORF_2	688	+	1	493	687	195	1.2518	-0.112404072	0.576970057
STRG.13750	STRG.13750_ORF_3	688	+	1	40	165	126	1.0413	-0.168255308	0.415496433
STRG.13751	STRG.13751_ORF_1	417	+	3	39	323	285	1.0384	-0.048838437	0.798222403
STRG.13751	STRG.13751_ORF_2	417	+	1	307	417	111	1.304	-0.082861962	0.656154993
STRG.13776	STRG.13776_ORF_1	614	+	2	407	526	120	0.7206	-0.194679669	0.380797932
STRG.13776	STRG.13776_ORF_2	614	+	1	316	414	99	0.373	-0.032524027	0.858139696
STRG.13778	STRG.13778_ORF_1	338	+	3	114	197	84	0.6675	-0.151538407	0.531214863
STRG.13786	STRG.13786_ORF_1	672	+	3	300	530	231	0.8179	0.019469296	0.909017904
STRG.13786	STRG.13786_ORF_2	672	+	1	19	162	144	0.6924	-0.101831784	0.676911888
STRG.13786	STRG.13786_ORF_3	672	+	1	571	672	102	0.4334	-0.188447444	0.435129779
STRG.13792	STRG.13792_ORF_1	1706	+	3	921	1235	315	0.5006	-0.103706771	0.684336783
STRG.13792	STRG.13792_ORF_2	1706	+	1	976	1095	120	0.7674	-0.177706976	0.380084008
STRG.13792	STRG.13792_ORF_3	1706	+	2	440	532	93	0.9385	-0.211599304	0.25945704
STRG.13792	STRG.13792_ORF_4	1706	+	3	1626	1706	81	1.2848	-0.16482284	0.34160331
STRG.13794	STRG.13794_ORF_1	993	+	3	42	203	162	0.5852	-0.058485648	0.789143094
STRG.13794	STRG.13794_ORF_2	993	+	2	17	169	153	0.6783	-0.1449793	0.53473586
STRG.13794	STRG.13794_ORF_3	993	+	3	399	551	153	1.0129	-0.102205566	0.62153009
STRG.13794	STRG.13794_ORF_4	993	+	2	848	991	144	0.9226	0.124326396	0.969911713
STRG.13794	STRG.13794_ORF_5	993	+	1	190	321	132	0.8195	-0.044798581	0.791886779
STRG.13820	STRG.13820_ORF_1	355	+	2	8	118	111	0.5444	-0.014961941	0.878884956
STRG.13826	STRG.13826_ORF_1	1403	+	3	903	1145	243	0.6322	-0.116459918	0.62963787
STRG.13826	STRG.13826_ORF_2	1403	+	2	464	547	84	0.4215	-0.104544146	0.665345452
STRG.13837	STRG.13837_ORF_1	293	+	2	11	292	282	0.5076	-0.083400416	0.77897237
STRG.13846	STRG.13846_ORF_1	694	+	2	413	514	102	0.7057	-0.037976428	0.820828154
STRG.13846	STRG.13846_ORF_2	694	+	2	248	337	90	1.0172	0.087773082	0.950583453
STRG.13846	STRG.13846_ORF_3	694	+	3	255	332	78	1.1561	-0.078946869	0.670188521
STRG.13859	STRG.13859_ORF_1	870	+	1	751	870	120	0.5393	-0.127651174	0.608684582
STRG.13885	STRG.13885_ORF_1	257	+	1	94	183	90	0.6941	-0.075927658	0.751513338
STRG.13885	STRG.13885_ORF_2	257	+	2	167	256	90	0.4865	0.069903666	0.957522995
STRG.13886	STRG.13886_ORF_1	279	+	3	78	200	123	0.7479	-0.018072023	0.86352633
STRG.13888	STRG.13888_ORF_1	329	+	3	39	170	132	0.8189	-0.109414752	0.650068718
STRG.13889	STRG.13889_ORF_1	3075	+	2	1952	2125	174	0.7046	-0.118442014	0.527733866
STRG.13889	STRG.13889_ORF_2	3075	+	3	960	1103	144	0.9582	-0.138036547	0.422062332
STRG.13889	STRG.13889_ORF_3	3075	+	3	1590	1730	141	0.9134	0.003959013	0.824456634
STRG.13889	STRG.13889_ORF_4	3075	+	2	2852	2986	135	1.0095	-0.074146256	0.616636122
STRG.13889	STRG.13889_ORF_5	3075	+	3	2313	2435	123	0.4423	-0.113636047	0.571593714
STRG.13892	STRG.13892_ORF_1	2472	+	1	97	291	195	0.618	-0.090315221	0.656919855
STRG.13892	STRG.13892_ORF_2	2472	+	2	767	955	189	0.8553	-0.060718955	0.708592263
STRG.13892	STRG.13892_ORF_3	2472	+	1	523	678	156	0.9614	0.009316099	0.846467318
STRG.13892	STRG.13892_ORF_4	2472	+	3	2100	2201	102	0.8946	-0.191116787	0.291519478
STRG.13892	STRG.13892_ORF_5	2472	+	1	2245	2343	99	0.4036	-0.101659235	0.635404447
STRG.13899	STRG.13899_ORF_1	658	+	2	161	298	138	0.9131	-0.160372617	0.462698116
STRG.13905	STRG.13905_ORF_1	298	+	2	134	298	165	0.694	0.024190014	0.920707536
STRG.13905	STRG.13905_ORF_2	298	+	1	37	141	105	0.722	-0.039794087	0.826630209
STRG.13905	STRG.13905_ORF_3	298	+	3	174	266	93	0.8802	0.075235657	0.950173624
STRG.13917	STRG.13917_ORF_1	557	+	3	57	176	120	0.4579	-0.071361948	0.781391308
STRG.13917	STRG.13917_ORF_2	557	+	3	261	371	111	1.0222	-0.256456269	0.188582037
STRG.13917	STRG.13917_ORF_3	557	+	2	275	376	102	0.9321	-0.025212772	0.829007742
STRG.13918	STRG.13918_ORF_1	421	+	1	25	171	147	1.2193	0.051354764	0.921232095
STRG.13918	STRG.13918_ORF_2	421	+	1	181	303	123	0.8246	-0.197999172	0.365072319
STRG.13918	STRG.13918_ORF_3	421	+	2	146	265	120	0.8189	-0.170189414	0.452008906
STRG.13955	STRG.13955_ORF_1	534	+	3	171	419	249	0.7008	-0.024042158	0.863648681
STRG.13966	STRG.13966_ORF_1	4034	+	1	3403	3645	243	0.8829	-0.113934201	0.486491683
STRG.13966	STRG.13966_ORF_2	4034	+	3	882	1085	204	0.6362	-0.155297453	0.383652013
STRG.13966	STRG.13966_ORF_3	4034	+	2	587	784	198	0.9848	0.131443373	0.953754002
STRG.13966	STRG.13966_ORF_4	4034	+	1	1792	1983	192	0.5367	-0.041090307	0.741313801
STRG.13966	STRG.13966_ORF_5	4034	+	3	1446	1619	174	0.4039	-0.132327113	0.484168025
STRG.13976	STRG.13976_ORF_1	1779	+	2	29	250	222	0.8027	-0.004919612	0.856976803
STRG.13976	STRG.13976_ORF_2	1779	+	3	813	1001	189	0.8228	0.078413233	0.944357755
STRG.13976	STRG.13976_ORF_3	1779	+	1	133	297	165	0.4083	-0.205633858	0.350170911
STRG.13976	STRG.13976_ORF_4	1779	+	2	770	895	126	0.4128	-0.054862773	0.785828914
STRG.13976	STRG.13976_ORF_5	1779	+	2	1124	1246	123	0.5181	-0.093642522	0.675703774
STRG.13981	STRG.13981_ORF_1	451	+	1	364	441	78	0.9236	-0.323530993	0.093181254
STRG.13981	STRG.13981_ORF_2	451	+	2	221	298	78	0.7953	-0.089435957	0.69607256
STRG.13984	STRG.13984_ORF_1	349	+	1	142	333	192	0.6093	-0.011841018	0.885651952
STRG.13988	STRG.13988_ORF_1	1002	+	3	750	935	186	0.6093	-0.009958491	0.875464785
STRG.13988	STRG.13988_ORF_2	1002	+	3	366	530	165	1.0186	-0.150326531	0.469454644
STRG.13988	STRG.13988_ORF_3	1002	+	2	89	184	96	0.7697	0.013450522	0.889939123
STRG.13988	STRG.13988_ORF_4	1002	+	2	674	757	84	0.4533	-0.261504474	0.215758768
STRG.14001	STRG.14001_ORF_1	1253	+	1	481	711	231	0.8096	-0.091516207	0.682835505
STRG.14001	STRG.14001_ORF_2	1253	+	2	326	529	204	0.4408	-0.030459646	0.852302952
STRG.14001	STRG.14001_ORF_3	1253	+	1	289	408	120	0.7554	-0.182312702	0.386799818
STRG.14001	STRG.14001_ORF_4	1253	+	2	644	748	105	0.4915	-0.224106063	0.297766682
STRG.14001	STRG.14001_ORF_5	1253	+	3	1155	1253	99	0.46	0.010912629	0.899945679
STRG.14010	STRG.14010_ORF_1	296	+	2	26	121	96	0.5671	0.05769142	0.948223668
STRG.14022	STRG.14022_ORF_1	362	+	2	20	178	159	0.6647	-0.119320162	0.644847623
STRG.14022	STRG.14022_ORF_2	362	+	1	223	333	111	1.0173	0.065080143	0.939259942
STRG.14031	STRG.14031_ORF_1	1252	+	1	1108	1251	144	0.6708	-0.044584125	0.80048474
STRG.14031	STRG.14031_ORF_2	1252	+	1	301	432	132	0.7155	-0.004666177	0.866500864
STRG.14031	STRG.14031_ORF_3	1252	+	1	871	1002	132	0.6894	-0.048506512	0.788931107
STRG.14031	STRG.14031_ORF_4	1252	+	2	599	724	126	0.6381	-0.078910552	0.721251783
STRG.14031	STRG.14031_ORF_5	1252	+	3	105	194	90	0.9534	-0.021239534	0.81519925
STRG.14033	STRG.14033_ORF_1	813	+	1	202	354	153	0.6481	-0.085583509	0.722626728
STRG.14033	STRG.14033_ORF_2	813	+	1	448	585	138	0.6457	-0.215427232	0.324663638
STRG.14033	STRG.14033_ORF_3	813	+	3	357	479	123	0.6788	-0.08747154	0.709337669
STRG.14033	STRG.14033_ORF_4	813	+	3	573	695	123	0.9701	0.049519535	0.923681984
STRG.14033	STRG.14033_ORF_5	813	+	2	500	592	93	0.8046	-0.231339979	0.256168643
STRG.14038	STRG.14038_ORF_1	405	+	1	247	369	123	0.5282	-0.073177435	0.775296817
STRG.14038	STRG.14038_ORF_2	405	+	2	278	358	81	0.4778	-0.307143113	0.142947067
STRG.14044	STRG.14044_ORF_1	250	+	3	108	248	141	0.8517	0.058133674	0.942067234
STRG.14045	STRG.14045_ORF_1	3636	+	2	374	862	489	0.6082	-0.053796169	0.758461425
STRG.14045	STRG.14045_ORF_2	3636	+	3	789	968	180	0.4862	-0.182443655	0.335281901
STRG.14045	STRG.14045_ORF_3	3636	+	1	364	540	177	0.7625	-0.029094369	0.756771384
STRG.14045	STRG.14045_ORF_4	3636	+	3	1212	1364	153	1.0138	-0.06207355	0.632384095
STRG.14045	STRG.14045_ORF_5	3636	+	2	3098	3247	150	0.9464	0.084015154	0.922000289
STRG.14062	STRG.14062_ORF_1	6481	+	2	4328	5200	873	0.8025	-0.149020603	0.397206697
STRG.14062	STRG.14062_ORF_2	6481	+	1	4012	4764	753	0.7937	-0.06841231	0.631661844
STRG.14062	STRG.14062_ORF_3	6481	+	3	4911	5366	456	1.0634	-0.09203569	0.462220413
STRG.14062	STRG.14062_ORF_4	6481	+	1	5080	5529	450	0.5409	-0.002218578	0.788005529
STRG.14062	STRG.14062_ORF_5	6481	+	1	5680	6108	429	0.6056	-0.141412511	0.367729923
STRG.14063	STRG.14063_ORF_1	6460	+	2	4307	5179	873	0.8025	-0.149020603	0.39810553
STRG.14063	STRG.14063_ORF_2	6460	+	1	3991	4743	753	0.7937	-0.06841231	0.632534501
STRG.14063	STRG.14063_ORF_3	6460	+	3	4890	5345	456	1.0634	-0.09203569	0.463153327
STRG.14063	STRG.14063_ORF_4	6460	+	1	5059	5508	450	0.5409	-0.002218578	0.788631726
STRG.14063	STRG.14063_ORF_5	6460	+	1	5659	6087	429	0.6056	-0.141412511	0.368602842
STRG.14064	STRG.14064_ORF_1	6477	+	2	4325	5197	873	0.7695	-0.153032789	0.389615199
STRG.14064	STRG.14064_ORF_2	6477	+	1	4009	4761	753	0.7937	-0.06841231	0.631828131
STRG.14064	STRG.14064_ORF_3	6477	+	3	4908	5363	456	1.0634	-0.089699661	0.469919175
STRG.14064	STRG.14064_ORF_4	6477	+	1	5077	5526	450	0.5409	-0.002218578	0.788124909
STRG.14064	STRG.14064_ORF_5	6477	+	1	5677	6105	429	0.6654	-0.154439165	0.321930546
STRG.14087	STRG.14087_ORF_1	1161	+	1	655	816	162	0.5157	-0.069160166	0.767180982
STRG.14087	STRG.14087_ORF_2	1161	+	2	434	553	120	0.7925	0.028330924	0.905437568
STRG.14119	STRG.14119_ORF_1	1433	+	1	472	639	168	0.9386	0.128317661	0.969380079
STRG.14119	STRG.14119_ORF_2	1433	+	1	1204	1329	126	0.8394	-0.127836332	0.541679625
STRG.14119	STRG.14119_ORF_3	1433	+	3	1098	1214	117	0.7349	-0.220688779	0.272950206
STRG.14119	STRG.14119_ORF_4	1433	+	1	1336	1431	96	1.0705	-0.284776311	0.116911627
STRG.14119	STRG.14119_ORF_5	1433	+	1	349	438	90	0.9854	-0.256910862	0.165745736
STRG.14124	STRG.14124_ORF_1	322	+	1	157	264	108	0.9621	-0.172714675	0.425360623
STRG.14127	STRG.14127_ORF_1	496	+	3	375	494	120	1.1954	0.135250534	0.971381582
STRG.14127	STRG.14127_ORF_2	496	+	3	90	197	108	0.9363	0.040114196	0.919592311
STRG.14135	STRG.14135_ORF_1	2565	+	3	1437	1682	246	0.7138	-0.273841489	0.146939873
STRG.14135	STRG.14135_ORF_2	2565	+	3	111	317	207	0.843	-0.076373442	0.666048419
STRG.14135	STRG.14135_ORF_3	2565	+	3	975	1181	207	0.9461	-0.175746744	0.341667258
STRG.14135	STRG.14135_ORF_4	2565	+	2	530	721	192	0.7859	0.036234496	0.897464711
STRG.14135	STRG.14135_ORF_5	2565	+	3	579	752	174	0.6714	-0.135301276	0.500889662
STRG.14138	STRG.14138_ORF_1	565	+	1	124	261	138	0.8447	-0.050128716	0.791441293
STRG.14138	STRG.14138_ORF_2	565	+	1	337	417	81	1.1512	0.032750597	0.898657069
STRG.14147	STRG.14147_ORF_1	710	+	3	255	374	120	0.9442	-0.143308437	0.507497244
STRG.14152	STRG.14152_ORF_1	1488	+	1	1108	1302	195	0.736	-0.17884415	0.40389664
STRG.14152	STRG.14152_ORF_2	1488	+	2	539	688	150	0.7693	0.015298652	0.887817748
STRG.14152	STRG.14152_ORF_3	1488	+	2	95	190	96	0.5798	0.009884876	0.887821369
STRG.14152	STRG.14152_ORF_4	1488	+	2	437	523	87	1.1859	0.053669644	0.906557335
STRG.14152	STRG.14152_ORF_5	1488	+	3	1335	1421	87	0.7903	-0.042222584	0.779715694
STRG.14156	STRG.14156_ORF_1	511	+	2	371	511	141	0.794	-0.032813084	0.831931873
STRG.14156	STRG.14156_ORF_2	511	+	2	107	208	102	0.7383	-0.101449142	0.67135423
STRG.14156	STRG.14156_ORF_3	511	+	1	178	276	99	1.0914	-0.160107692	0.43676955
STRG.14161	STRG.14161_ORF_1	692	+	2	494	691	198	0.5466	-0.091117678	0.731356485
STRG.14161	STRG.14161_ORF_2	692	+	1	280	441	162	1.0109	-0.001706321	0.86507902
STRG.14161	STRG.14161_ORF_3	692	+	2	347	487	141	0.4707	0.058698971	0.949831672
STRG.14161	STRG.14161_ORF_4	692	+	2	230	316	87	1.168	-0.010806337	0.830738976
STRG.14161	STRG.14161_ORF_5	692	+	3	78	158	81	0.7834	-0.070197744	0.739579074
STRG.14179	STRG.14179_ORF_1	707	+	3	576	692	117	0.7863	-0.199170468	0.353940881
STRG.14179	STRG.14179_ORF_2	707	+	3	387	464	78	1.2399	0.07121598	0.930880397
STRG.14179	STRG.14179_ORF_1	792	+	1	661	777	117	0.7863	-0.199170468	0.350475435
STRG.14179	STRG.14179_ORF_2	792	+	3	387	464	78	1.2399	0.07121598	0.929896691
STRG.14187	STRG.14187_ORF_1	253	+	3	114	230	117	0.9024	0.111009943	0.968454432
STRG.14195	STRG.14195_ORF_1	261	+	3	153	260	108	0.7949	0.020803058	0.909867405
STRG.14222	STRG.14222_ORF_1	1303	+	3	642	917	276	0.6133	0.028063494	0.920901436
STRG.14222	STRG.14222_ORF_2	1303	+	2	98	301	204	0.8209	-0.157113419	0.470523975
STRG.14222	STRG.14222_ORF_3	1303	+	2	1049	1201	153	0.6756	-0.224259931	0.280825855
STRG.14222	STRG.14222_ORF_4	1303	+	2	314	439	126	0.8557	-0.109161134	0.604052911
STRG.14222	STRG.14222_ORF_5	1303	+	3	1203	1301	99	0.6884	-0.134082123	0.544285222
STRG.14223	STRG.14223_ORF_1	2705	+	2	512	1090	579	0.4907	-0.062037122	0.792772583
STRG.14223	STRG.14223_ORF_2	2705	+	3	420	839	420	0.5929	-0.193328787	0.368577877
STRG.14223	STRG.14223_ORF_3	2705	+	1	652	1035	384	0.4544	-0.093938892	0.690282976
STRG.14223	STRG.14223_ORF_4	2705	+	1	2215	2514	300	0.4142	-0.01316335	0.858877746
STRG.14223	STRG.14223_ORF_5	2705	+	1	127	318	192	0.8513	-0.004182243	0.829633044
STRG.14226	STRG.14226_ORF_1	766	+	2	362	553	192	0.7837	-0.013624974	0.863780318
STRG.14226	STRG.14226_ORF_2	766	+	3	177	356	180	1.3222	0.073948415	0.934295538
STRG.14226	STRG.14226_ORF_3	766	+	1	253	420	168	0.6216	-0.133802274	0.591239316
STRG.14226	STRG.14226_ORF_4	766	+	1	655	765	111	0.9537	-0.207512926	0.305097793
STRG.14253	STRG.14253_ORF_1	470	+	2	386	469	84	0.9936	0.294668286	0.996607855
STRG.14258	STRG.14258_ORF_1	472	+	1	238	423	186	0.5381	-0.048626892	0.830109457
STRG.14258	STRG.14258_ORF_2	472	+	2	335	430	96	0.6157	-0.205026833	0.365547084
STRG.14263	STRG.14263_ORF_1	657	+	3	192	299	108	0.7472	-0.313041533	0.114053625
STRG.14265	STRG.14265_ORF_1	4056	+	1	1252	1419	168	0.6596	-0.009071998	0.797803646
STRG.14265	STRG.14265_ORF_2	4056	+	3	1494	1655	162	0.6605	-0.175418328	0.313315809
STRG.14265	STRG.14265_ORF_3	4056	+	3	2205	2357	153	0.9103	0.014947872	0.821228735
STRG.14265	STRG.14265_ORF_4	4056	+	1	1567	1716	150	0.435	-0.181801989	0.322136703
STRG.14265	STRG.14265_ORF_5	4056	+	1	3136	3261	126	0.4885	-0.120098589	0.501150381
STRG.14266	STRG.14266_ORF_1	375	+	3	288	368	81	0.849	-0.016399142	0.85295158
STRG.14267	STRG.14267_ORF_1	467	+	2	230	466	237	0.9975	-0.121969877	0.600487802
STRG.14267	STRG.14267_ORF_2	467	+	3	75	230	156	0.813	-0.105149706	0.661872152
STRG.14268	STRG.14268_ORF_1	785	+	3	462	551	90	0.4476	-0.159975401	0.517424149
STRG.14273	STRG.14273_ORF_1	338	+	3	3	245	243	0.6169	-0.005171623	0.897504422
STRG.14273	STRG.14273_ORF_2	338	+	1	196	330	135	0.9946	-0.193572484	0.360775648
STRG.14280	STRG.14280_ORF_1	854	+	1	382	516	135	0.535	-0.069584965	0.770277338
STRG.14280	STRG.14280_ORF_2	854	+	3	765	854	90	0.9882	0.016338684	0.88298636
STRG.14281	STRG.14281_ORF_1	368	+	2	59	148	90	0.9974	-0.118418811	0.588792881
STRG.14281	STRG.14281_ORF_2	368	+	1	136	222	87	0.8388	-0.004409845	0.872681563
STRG.14299	STRG.14299_ORF_1	2748	+	2	620	991	372	0.571	-0.129153024	0.564763329
STRG.14299	STRG.14299_ORF_2	2748	+	1	1663	1995	333	0.9276	0.042048921	0.903462226
STRG.14299	STRG.14299_ORF_3	2748	+	3	777	1037	261	0.8751	-0.123476322	0.517647511
STRG.14299	STRG.14299_ORF_4	2748	+	2	2201	2440	240	1.1159	0.213476327	0.986246702
STRG.14299	STRG.14299_ORF_5	2748	+	1	1360	1566	207	0.9215	-0.192687519	0.290428457
STRG.14309	STRG.14309_ORF_1	399	+	2	50	259	210	0.6927	-0.043287935	0.831464314
STRG.14309	STRG.14309_ORF_2	399	+	1	277	366	90	0.9063	-0.229884163	0.262079823
STRG.14310	STRG.14310_ORF_1	758	+	1	220	324	105	0.9332	-0.221236286	0.270556531
STRG.14311	STRG.14311_ORF_1	1124	+	1	211	315	105	0.9332	-0.221236286	0.25784442
STRG.14312	STRG.14312_ORF_1	1171	+	1	211	315	105	0.9332	-0.221236286	0.256240534
STRG.14320	STRG.14320_ORF_1	561	+	3	222	317	96	0.7622	0.197714013	0.98961873
STRG.14347	STRG.14347_ORF_1	2824	+	1	43	1326	1284	1.0131	0.212098197	0.993931396
STRG.14347	STRG.14347_ORF_2	2824	+	2	1784	2011	228	0.6558	-0.103454839	0.60340855
STRG.14347	STRG.14347_ORF_3	2824	+	1	1486	1692	207	0.6348	-0.04368372	0.766616934
STRG.14347	STRG.14347_ORF_4	2824	+	3	2466	2669	204	0.8668	-0.064193684	0.686842116
STRG.14347	STRG.14347_ORF_5	2824	+	3	1101	1262	162	0.8571	0.010713529	0.849179158
STRG.14350	STRG.14350_ORF_1	282	+	2	164	280	117	0.5213	0.011297092	0.913159937
STRG.14392	STRG.14392_ORF_1	6805	+	2	4091	5857	1767	0.8561	0.041506408	0.933452272
STRG.14392	STRG.14392_ORF_2	6805	+	2	740	2296	1557	0.838	0.022976555	0.904784879
STRG.14392	STRG.14392_ORF_3	6805	+	2	3299	4030	732	0.896	0.015324429	0.815886242
STRG.14392	STRG.14392_ORF_4	6805	+	3	6021	6356	336	1.0294	0.010444573	0.739803171
STRG.14392	STRG.14392_ORF_5	6805	+	3	3102	3254	153	0.3966	0.025273145	0.812870427
STRG.14394	STRG.14394_ORF_1	263	+	3	54	263	210	1.1966	0.389512288	0.999017005
STRG.14405	STRG.14405_ORF_1	339	+	3	57	338	282	0.829	-0.015828055	0.874016015
STRG.14430	STRG.14430_ORF_1	432	+	3	87	431	345	0.6235	0.035203697	0.939877209
STRG.14430	STRG.14430_ORF_2	432	+	1	304	432	129	0.9632	-0.014322676	0.851218185
STRG.14432	STRG.14432_ORF_1	993	+	2	83	331	249	0.8968	-0.092859707	0.681014088
STRG.14432	STRG.14432_ORF_2	993	+	1	16	111	96	0.8425	-0.213860916	0.290703398
STRG.14432	STRG.14432_ORF_3	993	+	3	888	983	96	0.8366	-0.115040166	0.596290175
STRG.14432	STRG.14432_ORF_4	993	+	2	332	421	90	0.6404	-0.049884143	0.793092966
STRG.14432	STRG.14432_ORF_5	993	+	3	336	425	90	0.7405	-0.189861364	0.371418241
STRG.14433	STRG.14433_ORF_1	454	+	1	124	222	99	0.857	-0.098902844	0.664951456
STRG.14436	STRG.14436_ORF_1	286	+	2	161	286	126	1.087	0.002180168	0.870882796
STRG.14437	STRG.14437_ORF_1	7164	+	1	4450	6216	1767	0.8081	0.041086213	0.930834245
STRG.14437	STRG.14437_ORF_2	7164	+	1	1099	2655	1557	0.838	0.020609007	0.896300312
STRG.14437	STRG.14437_ORF_3	7164	+	1	2833	4389	1557	0.8675	0.030547941	0.90619524
STRG.14437	STRG.14437_ORF_4	7164	+	2	6380	6715	336	1.0356	0.012640572	0.732151339
STRG.14437	STRG.14437_ORF_5	7164	+	2	3461	3613	153	0.3966	0.025273145	0.802915923
STRG.14481	STRG.14481_ORF_1	1147	+	1	121	387	267	0.986	-0.129952852	0.552891028
STRG.14481	STRG.14481_ORF_2	1147	+	3	648	734	87	0.704	-0.088179434	0.685905397
STRG.14494	STRG.14494_ORF_1	252	+	1	10	249	240	1.193	-0.029571523	0.821834476
STRG.14494	STRG.14494_ORF_2	252	+	3	129	251	123	1.1914	0.184924241	0.985451104
STRG.14494	STRG.14494_ORF_3	252	+	3	30	113	84	0.9989	0.137693333	0.975584199
STRG.14495	STRG.14495_ORF_1	252	+	1	10	249	240	1.193	-0.029571523	0.821834476
STRG.14495	STRG.14495_ORF_2	252	+	3	129	251	123	1.1914	0.184924241	0.985451104
STRG.14495	STRG.14495_ORF_3	252	+	3	30	113	84	0.9989	0.137693333	0.975584199
STRG.14497	STRG.14497_ORF_1	6804	+	1	4090	5856	1767	0.8081	0.041086213	0.934862857
STRG.14497	STRG.14497_ORF_2	6804	+	1	739	2295	1557	0.838	0.020609007	0.902128888
STRG.14497	STRG.14497_ORF_3	6804	+	1	2473	4029	1557	0.8675	0.030547941	0.911522559
STRG.14497	STRG.14497_ORF_4	6804	+	2	6020	6355	336	1.0356	0.012640572	0.744576884
STRG.14497	STRG.14497_ORF_5	6804	+	2	3101	3253	153	0.3966	0.025273145	0.812897607
STRG.14516	STRG.14516_ORF_1	305	+	1	40	192	153	0.8427	-0.124739041	0.605256739
STRG.14520	STRG.14520_ORF_1	737	+	1	412	690	279	0.6854	0.092081296	0.965907791
STRG.14520	STRG.14520_ORF_2	737	+	2	128	271	144	0.6731	-0.017686846	0.86152306
STRG.14531	STRG.14531_ORF_1	759	+	2	575	730	156	0.9782	0.048751085	0.925089707
STRG.14531	STRG.14531_ORF_2	759	+	3	486	590	105	0.9225	-0.244457822	0.216507956
STRG.14531	STRG.14531_ORF_3	759	+	2	266	352	87	0.5176	-0.149399767	0.541850331
STRG.14532	STRG.14532_ORF_1	269	+	1	88	267	180	0.6193	-0.040671857	0.84201897
STRG.14532	STRG.14532_ORF_2	269	+	3	45	167	123	0.8094	0.006794593	0.894001344
STRG.14540	STRG.14540_ORF_1	311	+	2	2	79	78	1.1529	-0.162082912	0.426474071
STRG.14551	STRG.14551_ORF_1	741	+	2	368	541	174	0.9772	-0.101744439	0.641997155
STRG.14551	STRG.14551_ORF_2	741	+	1	265	351	87	0.8885	-0.066928541	0.735006402
STRG.14577	STRG.14577_ORF_1	733	+	1	292	732	441	0.6411	-0.11645116	0.68920786
STRG.14577	STRG.14577_ORF_2	733	+	1	184	276	93	0.6577	-0.284783096	0.160185808
STRG.14578	STRG.14578_ORF_1	579	+	3	171	578	408	1.0476	-0.200454772	0.371254332
STRG.14578	STRG.14578_ORF_2	579	+	1	31	126	96	1.1976	-0.432048008	0.020847676
STRG.14583	STRG.14583_ORF_1	1911	+	1	664	996	333	1.0736	-0.037488591	0.780924809
STRG.14583	STRG.14583_ORF_2	1911	+	2	1394	1711	318	0.8619	-0.154294901	0.468223165
STRG.14583	STRG.14583_ORF_3	1911	+	2	422	649	228	0.607	-0.18664537	0.385843839
STRG.14583	STRG.14583_ORF_4	1911	+	2	1772	1870	99	0.9563	-0.254694593	0.161262681
STRG.14586	STRG.14586_ORF_1	2540	+	2	1748	2164	417	0.4846	-0.12795226	0.59828335
STRG.14586	STRG.14586_ORF_2	2540	+	3	1293	1496	204	0.7526	-0.066137948	0.706421109
STRG.14586	STRG.14586_ORF_3	2540	+	2	1286	1465	180	0.7092	-0.043989571	0.76346828
STRG.14586	STRG.14586_ORF_4	2540	+	3	183	332	150	0.6272	-0.043186794	0.769845071
STRG.14586	STRG.14586_ORF_5	2540	+	3	873	968	96	1.2428	-0.043699515	0.689549965
STRG.14593	STRG.14593_ORF_1	1623	+	3	759	1559	801	0.8241	2.73E-05	0.909841195
STRG.14593	STRG.14593_ORF_2	1623	+	2	1184	1447	264	0.5731	-0.056513959	0.788793786
STRG.14593	STRG.14593_ORF_3	1623	+	1	1048	1224	177	1.0744	0.036225452	0.896291464
STRG.14593	STRG.14593_ORF_4	1623	+	2	671	847	177	0.9953	0.115160044	0.96174187
STRG.14593	STRG.14593_ORF_5	1623	+	1	490	654	165	1.1101	-0.255990091	0.160554035
STRG.14594	STRG.14594_ORF_1	311	+	2	2	79	78	1.1529	-0.162082912	0.426474071
STRG.14595	STRG.14595_ORF_1	311	+	2	2	79	78	1.1529	-0.162082912	0.426474071
STRG.14596	STRG.14596_ORF_1	688	+	2	566	655	90	0.7632	-0.213163514	0.312931407
STRG.14596	STRG.14596_ORF_1	433	+	2	311	400	90	0.7632	-0.213163514	0.32281101
STRG.14630	STRG.14630_ORF_1	360	+	3	3	359	357	0.483	-0.106480818	0.735128991
STRG.14630	STRG.14630_ORF_2	360	+	2	185	358	174	0.5697	0.036595672	0.935914159
STRG.14630	STRG.14630_ORF_3	360	+	1	64	225	162	0.7468	-0.144335435	0.556568818
STRG.14631	STRG.14631_ORF_1	1503	+	2	809	1225	417	0.535	-0.084490072	0.753307566
STRG.14631	STRG.14631_ORF_2	1503	+	3	54	314	261	0.71	-0.167930139	0.45386202
STRG.14631	STRG.14631_ORF_3	1503	+	3	339	512	174	0.8742	-0.006316626	0.851069375
STRG.14631	STRG.14631_ORF_4	1503	+	1	1315	1458	144	0.9874	-0.164153882	0.404087627
STRG.14631	STRG.14631_ORF_5	1503	+	1	880	1020	141	0.893	0.069977279	0.936663695
STRG.14633	STRG.14633_ORF_1	329	+	3	45	194	150	0.6883	-0.053427636	0.807546419
STRG.14640	STRG.14640_ORF_1	733	+	2	422	586	165	0.9908	-0.014362005	0.845686486
STRG.14640	STRG.14640_ORF_2	733	+	2	605	733	129	0.7239	-0.054277281	0.788185256
STRG.14640	STRG.14640_ORF_3	733	+	1	91	192	102	1.1259	-0.270397808	0.149458803
STRG.14640	STRG.14640_ORF_4	733	+	3	186	287	102	1.1781	0.315497971	0.997013815
STRG.14641	STRG.14641_ORF_1	258	+	1	55	132	78	0.6154	-0.205352829	0.37030477
STRG.14643	STRG.14643_ORF_1	733	+	2	422	586	165	1.1517	-0.012216321	0.836774278
STRG.14643	STRG.14643_ORF_2	733	+	2	605	733	129	0.7265	-0.097553182	0.679743529
STRG.14643	STRG.14643_ORF_3	733	+	1	91	192	102	1.1149	-0.290777484	0.119616989
STRG.14643	STRG.14643_ORF_4	733	+	3	186	287	102	1.1781	0.315497971	0.997013815
STRG.14648	STRG.14648_ORF_1	733	+	2	422	586	165	1.1517	-0.012216321	0.836774278
STRG.14648	STRG.14648_ORF_2	733	+	2	605	733	129	0.7441	-0.113852921	0.629802902
STRG.14648	STRG.14648_ORF_3	733	+	1	91	192	102	1.2065	-0.245660611	0.187529507
STRG.14648	STRG.14648_ORF_4	733	+	3	186	287	102	1.1781	0.315497971	0.997013815
STRG.14660	STRG.14660_ORF_1	329	+	3	240	329	90	0.9466	0.09179932	0.957530481
STRG.14692	STRG.14692_ORF_1	347	+	1	19	345	327	0.4577	-0.304310294	0.175893788
STRG.14692	STRG.14692_ORF_2	347	+	3	33	347	315	0.4214	-0.369181517	0.085367383
STRG.14692	STRG.14692_ORF_3	347	+	2	47	346	300	0.4577	-0.324962922	0.137972595
STRG.14692	STRG.14692_ORF_1	731	+	1	19	729	711	0.405	-0.330619933	0.163919703
STRG.14692	STRG.14692_ORF_2	731	+	3	33	731	699	0.405	-0.367777465	0.10723987
STRG.14692	STRG.14692_ORF_3	731	+	2	47	730	684	0.405	-0.305938392	0.209055089
STRG.14693	STRG.14693_ORF_1	2539	+	1	247	2013	1767	1.2235	0.205887073	0.995103047
STRG.14693	STRG.14693_ORF_2	2539	+	3	1659	2021	363	1.1883	-0.004085719	0.824413663
STRG.14693	STRG.14693_ORF_3	2539	+	3	798	962	165	1.2646	-0.113810707	0.482749035
STRG.14693	STRG.14693_ORF_4	2539	+	2	1052	1213	162	0.6613	-0.141916691	0.479857588
STRG.14693	STRG.14693_ORF_5	2539	+	3	9	134	126	1.0938	0.100269251	0.941103252
STRG.14694	STRG.14694_ORF_1	2106	+	1	247	2058	1812	1.2235	0.200416778	0.995298607
STRG.14694	STRG.14694_ORF_2	2106	+	3	1659	2021	363	1.083	0.007950019	0.863123649
STRG.14694	STRG.14694_ORF_3	2106	+	3	798	962	165	1.2448	-0.114592671	0.502463779
STRG.14694	STRG.14694_ORF_4	2106	+	2	1052	1213	162	0.6613	-0.130825093	0.535008427
STRG.14694	STRG.14694_ORF_5	2106	+	3	9	134	126	1.0938	0.10926302	0.950967749
STRG.14695	STRG.14695_ORF_1	708	+	1	64	708	645	1.2574	0.293432016	0.997261695
STRG.14695	STRG.14695_ORF_2	708	+	3	369	707	339	1.2106	-0.046449793	0.784858436
STRG.14699	STRG.14699_ORF_1	252	+	1	10	138	129	0.8209	-0.072927049	0.750580611
STRG.14699	STRG.14699_ORF_2	252	+	2	140	250	111	0.9937	-0.00103531	0.871759831
STRG.14700	STRG.14700_ORF_1	458	+	2	278	457	180	1.1566	0.196336134	0.987755648
STRG.14700	STRG.14700_ORF_2	458	+	3	330	449	120	1.0645	-0.16862488	0.419901607
STRG.14701	STRG.14701_ORF_1	458	+	2	278	457	180	1.1566	0.196336134	0.987755648
STRG.14701	STRG.14701_ORF_2	458	+	3	330	449	120	1.0645	-0.16862488	0.419901607
STRG.14702	STRG.14702_ORF_1	458	+	2	278	457	180	1.1566	0.196336134	0.987755648
STRG.14702	STRG.14702_ORF_2	458	+	3	330	449	120	1.0645	-0.16862488	0.419901607
STRG.14713	STRG.14713_ORF_1	857	+	2	23	856	834	1.2339	-0.117786586	0.670137664
STRG.14714	STRG.14714_ORF_1	354	+	2	137	352	216	0.8745	0.008322771	0.897487992
STRG.14715	STRG.14715_ORF_1	862	+	3	645	860	216	0.9602	-0.221907098	0.278846734
STRG.14715	STRG.14715_ORF_2	862	+	2	359	475	117	0.6032	-0.055389742	0.792211593
STRG.14715	STRG.14715_ORF_3	862	+	2	50	148	99	0.9406	-0.348278527	0.065193787
STRG.14715	STRG.14715_ORF_4	862	+	1	367	447	81	0.6417	-0.155732896	0.497495541
STRG.14724	STRG.14724_ORF_1	2106	+	1	247	2058	1812	1.2512	0.200365915	0.995218731
STRG.14724	STRG.14724_ORF_2	2106	+	3	1659	2021	363	1.083	-0.004751391	0.842526779
STRG.14724	STRG.14724_ORF_3	2106	+	3	798	962	165	1.2646	-0.113810707	0.502085711
STRG.14724	STRG.14724_ORF_4	2106	+	2	1052	1213	162	0.6613	-0.130825093	0.535008427
STRG.14724	STRG.14724_ORF_5	2106	+	3	9	134	126	1.0938	0.10926302	0.950967749
STRG.14725	STRG.14725_ORF_1	311	+	1	22	309	288	0.4178	-0.281828279	0.222103245
STRG.14725	STRG.14725_ORF_2	311	+	3	36	311	276	0.4124	-0.384827727	0.069652482
STRG.14725	STRG.14725_ORF_3	311	+	2	50	310	261	0.5333	-0.320383315	0.136965914
STRG.14725	STRG.14725_ORF_1	311	+	1	22	309	288	0.405	-0.363135402	0.091298734
STRG.14725	STRG.14725_ORF_2	311	+	3	36	311	276	0.4176	-0.329968768	0.131777561
STRG.14725	STRG.14725_ORF_3	311	+	2	50	310	261	0.405	-0.288615741	0.2051585
STRG.14726	STRG.14726_ORF_1	708	+	1	64	708	645	1.2319	0.298544709	0.997474529
STRG.14726	STRG.14726_ORF_2	708	+	3	369	707	339	1.2106	-0.046449793	0.784858436
STRG.14727	STRG.14727_ORF_1	2112	+	1	247	2058	1812	1.2235	0.197529503	0.995115328
STRG.14727	STRG.14727_ORF_2	2112	+	3	1659	2021	363	1.0632	-0.014883731	0.825867187
STRG.14727	STRG.14727_ORF_3	2112	+	3	798	962	165	1.2646	-0.113810707	0.501817675
STRG.14727	STRG.14727_ORF_4	2112	+	2	1052	1213	162	0.6067	-0.130416814	0.54402123
STRG.14727	STRG.14727_ORF_5	2112	+	3	9	134	126	1.0938	0.100269251	0.945192884
STRG.14729	STRG.14729_ORF_1	1288	+	3	363	560	198	1.0225	0.221411915	0.990612891
STRG.14729	STRG.14729_ORF_2	1288	+	1	874	996	123	0.9467	0.143369786	0.974333108
STRG.14729	STRG.14729_ORF_3	1288	+	1	403	513	111	1.1552	0.073055145	0.930552343
STRG.14729	STRG.14729_ORF_4	1288	+	3	1131	1241	111	1.0312	0.080131501	0.940452587
STRG.14729	STRG.14729_ORF_5	1288	+	2	305	385	81	1.2185	-0.061863077	0.687737519
STRG.14730	STRG.14730_ORF_1	1543	+	2	1340	1543	204	1.0094	-0.018117169	0.821520514
STRG.14730	STRG.14730_ORF_2	1543	+	1	724	897	174	0.9029	0.129101766	0.969852515
STRG.14730	STRG.14730_ORF_3	1543	+	1	1288	1458	171	0.9165	-0.006249469	0.846784358
STRG.14730	STRG.14730_ORF_4	1543	+	2	707	814	108	1.142	-0.037913863	0.75387586
STRG.14730	STRG.14730_ORF_5	1543	+	2	500	604	105	0.998	-0.053117109	0.732036542
STRG.14738	STRG.14738_ORF_1	1550	+	3	1155	1550	396	0.8067	-0.127415028	0.593140209
STRG.14738	STRG.14738_ORF_2	1550	+	3	369	641	273	0.75	0.001350702	0.878929702
STRG.14738	STRG.14738_ORF_3	1550	+	2	59	277	219	0.8464	-0.059483192	0.74977791
STRG.14738	STRG.14738_ORF_4	1550	+	1	652	858	207	0.7334	-0.205076506	0.325405625
STRG.14738	STRG.14738_ORF_5	1550	+	1	1348	1548	201	1.2231	-0.033454624	0.768381215
STRG.14739	STRG.14739_ORF_1	458	+	2	278	457	180	1.1566	0.196336134	0.987755648
STRG.14739	STRG.14739_ORF_2	458	+	3	330	449	120	1.0645	-0.16862488	0.419901607
STRG.14740	STRG.14740_ORF_1	458	+	2	278	457	180	1.1566	0.196336134	0.987755648
STRG.14740	STRG.14740_ORF_2	458	+	3	330	449	120	1.0645	-0.16862488	0.419901607
STRG.14741	STRG.14741_ORF_1	458	+	2	278	457	180	1.1566	0.196336134	0.987755648
STRG.14741	STRG.14741_ORF_2	458	+	3	330	449	120	1.0645	-0.16862488	0.419901607
STRG.14742	STRG.14742_ORF_1	223	+	2	128	223	96	1.0939	0.670006864	0.999973368
STRG.14743	STRG.14743_ORF_1	1550	+	3	1155	1550	396	0.8067	-0.124740045	0.601464497
STRG.14743	STRG.14743_ORF_2	1550	+	3	369	641	273	0.75	0.007420404	0.887040666
STRG.14743	STRG.14743_ORF_3	1550	+	2	59	277	219	0.8464	-0.059483192	0.74977791
STRG.14743	STRG.14743_ORF_4	1550	+	1	652	858	207	0.6843	-0.208711401	0.32142543
STRG.14743	STRG.14743_ORF_5	1550	+	1	1348	1548	201	1.2231	-0.033454624	0.768381215
STRG.14744	STRG.14744_ORF_1	1309	+	1	1069	1293	225	0.9267	-0.025077048	0.823908305
STRG.14744	STRG.14744_ORF_2	1309	+	3	453	626	174	0.9029	0.129101766	0.971051376
STRG.14744	STRG.14744_ORF_3	1309	+	3	1017	1187	171	0.9165	-0.006249469	0.85213105
STRG.14744	STRG.14744_ORF_4	1309	+	1	436	543	108	1.142	-0.037913863	0.76155176
STRG.14744	STRG.14744_ORF_5	1309	+	1	229	333	105	0.998	-0.053117109	0.740158788
STRG.14745	STRG.14745_ORF_1	328	+	2	167	328	162	0.9094	-0.079022708	0.72759937
STRG.14746	STRG.14746_ORF_1	1361	+	3	804	1361	558	0.6459	-0.069393758	0.798913601
STRG.14746	STRG.14746_ORF_2	1361	+	2	2	331	330	0.844	-0.119228127	0.609299226
STRG.14747	STRG.14747_ORF_1	1361	+	3	804	1361	558	0.6459	-0.069393758	0.798913601
STRG.14747	STRG.14747_ORF_2	1361	+	2	2	331	330	0.844	-0.119228127	0.609299226
STRG.14748	STRG.14748_ORF_1	1361	+	3	804	1361	558	0.6459	-0.069393758	0.798913601
STRG.14748	STRG.14748_ORF_2	1361	+	2	2	331	330	0.844	-0.119228127	0.609299226
STRG.14753	STRG.14753_ORF_1	290	+	1	55	288	234	0.7032	0.052051024	0.945892739
STRG.14754	STRG.14754_ORF_1	1560	+	3	1320	1544	225	0.9513	-0.023903277	0.817416333
STRG.14754	STRG.14754_ORF_2	1560	+	2	704	877	174	0.9029	0.129101766	0.969763568
STRG.14754	STRG.14754_ORF_3	1560	+	2	1268	1438	171	0.9165	-0.006249469	0.846389819
STRG.14754	STRG.14754_ORF_4	1560	+	2	128	253	126	0.7643	-0.276717621	0.149606018
STRG.14754	STRG.14754_ORF_5	1560	+	3	687	794	108	1.142	-0.037913863	0.753311773
STRG.14755	STRG.14755_ORF_1	459	+	1	130	261	132	1.0939	-0.428363601	0.024317401
STRG.14755	STRG.14755_ORF_2	459	+	2	344	457	114	1.1965	-0.306821161	0.100341239
STRG.14756	STRG.14756_ORF_1	296	+	1	124	234	111	0.9061	-0.307253142	0.119032132
STRG.14767	STRG.14767_ORF_1	587	+	2	260	475	216	0.7839	-0.058561865	0.788490152
STRG.14767	STRG.14767_ORF_2	587	+	2	26	214	189	0.9065	-0.222943314	0.288326482
STRG.14767	STRG.14767_ORF_3	587	+	3	465	554	90	0.7632	-0.213163514	0.316824865
STRG.14767	STRG.14767_ORF_4	587	+	1	361	447	87	0.8919	-0.167832883	0.435413349
STRG.14768	STRG.14768_ORF_1	587	+	2	260	475	216	0.7839	-0.058561865	0.788490152
STRG.14768	STRG.14768_ORF_2	587	+	2	26	214	189	0.9065	-0.222943314	0.288326482
STRG.14768	STRG.14768_ORF_3	587	+	3	465	554	90	0.7632	-0.213163514	0.316824865
STRG.14768	STRG.14768_ORF_4	587	+	1	361	447	87	0.8919	-0.167832883	0.435413349
STRG.14769	STRG.14769_ORF_1	587	+	2	260	475	216	0.7839	-0.058561865	0.788490152
STRG.14769	STRG.14769_ORF_2	587	+	2	26	214	189	0.9065	-0.222943314	0.288326482
STRG.14769	STRG.14769_ORF_3	587	+	3	465	554	90	0.7632	-0.213163514	0.316824865
STRG.14769	STRG.14769_ORF_4	587	+	1	361	447	87	0.8919	-0.167832883	0.435413349
STRG.14770	STRG.14770_ORF_1	587	+	2	260	475	216	0.7839	-0.058561865	0.788490152
STRG.14770	STRG.14770_ORF_2	587	+	2	26	214	189	0.9065	-0.222943314	0.288326482
STRG.14770	STRG.14770_ORF_3	587	+	3	465	554	90	0.7632	-0.213163514	0.316824865
STRG.14770	STRG.14770_ORF_4	587	+	1	361	447	87	0.8919	-0.167832883	0.435413349
STRG.14771	STRG.14771_ORF_1	564	+	3	237	452	216	0.7839	-0.058561865	0.789174769
STRG.14771	STRG.14771_ORF_2	564	+	1	442	531	90	0.7632	-0.213163514	0.317715119
STRG.14771	STRG.14771_ORF_3	564	+	2	338	424	87	0.8919	-0.167832883	0.436423957
STRG.14772	STRG.14772_ORF_1	587	+	2	260	475	216	0.7839	-0.058561865	0.788490152
STRG.14772	STRG.14772_ORF_2	587	+	2	26	214	189	0.9065	-0.222943314	0.288326482
STRG.14772	STRG.14772_ORF_3	587	+	3	465	554	90	0.7632	-0.213163514	0.316824865
STRG.14772	STRG.14772_ORF_4	587	+	1	361	447	87	0.8919	-0.167832883	0.435413349
STRG.14774	STRG.14774_ORF_1	491	+	2	251	490	240	0.509	0.148368534	0.985080203
STRG.14774	STRG.14774_ORF_2	491	+	1	244	348	105	0.4648	-0.050468165	0.823523711
STRG.14775	STRG.14775_ORF_1	1490	+	2	53	595	543	1.0166	0.230753087	0.993377048
STRG.14775	STRG.14775_ORF_2	1490	+	1	1195	1470	276	0.886	-0.114061802	0.604025875
STRG.14779	STRG.14779_ORF_1	497	+	1	28	495	468	0.8291	-0.104482778	0.711694334
STRG.14779	STRG.14779_ORF_2	497	+	2	5	319	315	0.8095	-0.173141258	0.477526875
STRG.14779	STRG.14779_ORF_3	497	+	3	12	245	234	0.7491	-0.046895334	0.820103861
STRG.14786	STRG.14786_ORF_1	345	+	3	147	344	198	1.128	0.349627554	0.998381079
STRG.14792	STRG.14792_ORF_1	913	+	1	307	867	561	0.9777	-0.200076882	0.395611293
STRG.14792	STRG.14792_ORF_2	913	+	3	39	323	285	1.1209	-0.047743053	0.777698773
STRG.14792	STRG.14792_ORF_3	913	+	3	462	638	177	1.304	-0.085686965	0.639087546
STRG.14796	STRG.14796_ORF_1	1550	+	3	1155	1550	396	0.8067	-0.129955286	0.585185267
STRG.14796	STRG.14796_ORF_2	1550	+	3	369	641	273	0.75	0.001350702	0.878929702
STRG.14796	STRG.14796_ORF_3	1550	+	2	59	277	219	0.8464	-0.059483192	0.74977791
STRG.14796	STRG.14796_ORF_4	1550	+	1	652	858	207	0.7334	-0.205076506	0.325405625
STRG.14796	STRG.14796_ORF_5	1550	+	1	1348	1548	201	1.2231	-0.027799431	0.781146411
STRG.14798	STRG.14798_ORF_1	281	+	1	67	243	177	1.0623	-0.06951866	0.737977755
STRG.14803	STRG.14803_ORF_1	406	+	3	138	248	111	1.1244	0.604001942	0.999934948
STRG.14804	STRG.14804_ORF_1	1105	+	3	435	983	549	0.8265	0.107975823	0.973586603
STRG.14804	STRG.14804_ORF_2	1105	+	1	865	1089	225	0.9513	-0.023903277	0.829239275
STRG.14804	STRG.14804_ORF_3	1105	+	1	418	525	108	1.142	-0.037913863	0.768108122
STRG.14804	STRG.14804_ORF_4	1105	+	1	211	315	105	0.9718	-0.024753287	0.812388428
STRG.14804	STRG.14804_ORF_5	1105	+	1	739	816	78	1.1705	-0.276948026	0.126243623
STRG.14805	STRG.14805_ORF_1	1550	+	3	1155	1550	396	0.6945	-0.115974245	0.643567407
STRG.14805	STRG.14805_ORF_2	1550	+	3	369	641	273	0.75	0.007420404	0.887040666
STRG.14805	STRG.14805_ORF_3	1550	+	2	59	277	219	0.8606	-0.094611661	0.653531369
STRG.14805	STRG.14805_ORF_4	1550	+	1	652	858	207	0.7937	-0.195469472	0.345210266
STRG.14805	STRG.14805_ORF_5	1550	+	1	1348	1548	201	1.2231	-0.058044903	0.707038891
STRG.14809	STRG.14809_ORF_1	330	+	2	170	328	159	1.1978	0.242271249	0.99308635
STRG.14811	STRG.14811_ORF_1	482	+	1	172	468	297	0.6228	-0.101753316	0.717532602
STRG.14811	STRG.14811_ORF_2	482	+	2	221	436	216	0.8114	-0.085942546	0.723963919
STRG.14818	STRG.14818_ORF_1	798	+	3	276	446	171	1.1389	-0.435749214	0.020944013
STRG.14818	STRG.14818_ORF_2	798	+	2	326	475	150	1.1443	0.031805672	0.898917543
STRG.14818	STRG.14818_ORF_3	798	+	1	628	759	132	1.0939	-0.428363601	0.022920818
STRG.14818	STRG.14818_ORF_4	798	+	1	214	339	126	1.1295	-0.342549447	0.064903152
STRG.14819	STRG.14819_ORF_1	1560	+	3	1320	1544	225	0.9513	-0.023903277	0.817416333
STRG.14819	STRG.14819_ORF_2	1560	+	2	704	877	174	0.9029	0.129101766	0.969763568
STRG.14819	STRG.14819_ORF_3	1560	+	2	1268	1438	171	0.9165	-0.006249469	0.846389819
STRG.14819	STRG.14819_ORF_4	1560	+	2	128	253	126	0.7643	-0.276717621	0.149606018
STRG.14819	STRG.14819_ORF_5	1560	+	3	687	794	108	1.142	-0.037913863	0.753311773
STRG.14820	STRG.14820_ORF_1	290	+	1	55	288	234	0.7032	0.052051024	0.945892739
STRG.14821	STRG.14821_ORF_1	1550	+	3	1155	1550	396	0.8067	-0.128120734	0.590934963
STRG.14821	STRG.14821_ORF_2	1550	+	3	369	641	273	0.7748	0.008403236	0.886855145
STRG.14821	STRG.14821_ORF_3	1550	+	2	59	277	219	0.8464	-0.059483192	0.74977791
STRG.14821	STRG.14821_ORF_4	1550	+	1	652	858	207	0.8078	-0.191723776	0.354348179
STRG.14821	STRG.14821_ORF_5	1550	+	1	1348	1548	201	1.2231	-0.058044903	0.707038891
STRG.14822	STRG.14822_ORF_1	1105	+	3	435	983	549	0.8265	0.106800368	0.97319269
STRG.14822	STRG.14822_ORF_2	1105	+	1	865	1089	225	0.9513	-0.023903277	0.829239275
STRG.14822	STRG.14822_ORF_3	1105	+	1	418	525	108	1.142	-0.037913863	0.768108122
STRG.14822	STRG.14822_ORF_4	1105	+	1	211	315	105	0.998	-0.053117109	0.747108037
STRG.14822	STRG.14822_ORF_5	1105	+	1	739	816	78	1.1705	-0.276948026	0.126243623
STRG.14823	STRG.14823_ORF_1	289	+	3	81	158	78	0.952	-0.626891424	0.002049752
STRG.14824	STRG.14824_ORF_1	491	+	2	251	490	240	0.6157	0.158180509	0.985996033
STRG.14824	STRG.14824_ORF_2	491	+	1	244	348	105	0.4646	-0.089149254	0.738863517
STRG.14825	STRG.14825_ORF_1	2106	+	1	247	2058	1812	1.2559	0.200123952	0.995190618
STRG.14825	STRG.14825_ORF_2	2106	+	3	1659	2021	363	1.1896	-0.006945756	0.830073633
STRG.14825	STRG.14825_ORF_3	2106	+	3	798	962	165	1.2646	-0.113810707	0.502085711
STRG.14825	STRG.14825_ORF_4	2106	+	2	1052	1213	162	0.6613	-0.130825093	0.535008427
STRG.14825	STRG.14825_ORF_5	2106	+	3	9	134	126	1.0938	0.10926302	0.950967749
STRG.14831	STRG.14831_ORF_1	930	+	3	33	929	897	0.6534	0.021990501	0.947510801
STRG.14831	STRG.14831_ORF_2	930	+	1	85	915	831	0.6534	-0.035495951	0.890815056
STRG.14831	STRG.14831_ORF_3	930	+	2	188	928	741	0.6482	-0.076595995	0.817827323
STRG.14838	STRG.14838_ORF_1	495	+	2	2	493	492	0.4098	-0.137792233	0.676475375
STRG.14838	STRG.14838_ORF_2	495	+	1	22	495	474	0.4098	-0.120851687	0.719716545
STRG.14838	STRG.14838_ORF_3	495	+	3	102	494	393	0.4098	-0.133877799	0.670995986
STRG.14840	STRG.14840_ORF_1	855	+	2	248	448	201	1.2864	0.079836823	0.940024133
STRG.14840	STRG.14840_ORF_2	855	+	3	726	854	129	0.5955	-0.108808059	0.659736317
STRG.14840	STRG.14840_ORF_3	855	+	3	381	491	111	0.6782	0.002734051	0.885231301
STRG.14840	STRG.14840_ORF_4	855	+	1	643	729	87	0.9809	-0.23134635	0.234747781
STRG.14852	STRG.14852_ORF_1	849	+	1	145	534	390	0.5434	-0.313371912	0.147593064
STRG.14853	STRG.14853_ORF_1	802	+	2	98	487	390	0.5434	-0.313371912	0.148652815
STRG.14869	STRG.14869_ORF_1	2872	+	2	1307	2314	1008	0.505	0.004444287	0.923514876
STRG.14869	STRG.14869_ORF_2	2872	+	2	767	1279	513	0.5544	-0.103029312	0.66679588
STRG.14869	STRG.14869_ORF_3	2872	+	3	435	833	399	0.6624	-0.105643606	0.624677522
STRG.14869	STRG.14869_ORF_4	2872	+	1	97	345	249	0.8983	-0.043713544	0.742239326
STRG.14869	STRG.14869_ORF_5	2872	+	1	529	687	159	0.5154	-0.152792637	0.450802765
STRG.14875	STRG.14875_ORF_1	931	+	1	70	342	273	1.2022	-0.065852276	0.722697682
STRG.14882	STRG.14882_ORF_1	564	+	3	237	452	216	0.7893	-0.05657966	0.792889648
STRG.14882	STRG.14882_ORF_2	564	+	1	442	531	90	0.7632	-0.213163514	0.317715119
STRG.14882	STRG.14882_ORF_3	564	+	2	338	424	87	0.8919	-0.167832883	0.436423957
STRG.14887	STRG.14887_ORF_1	1199	+	3	51	599	549	1.1306	-0.014395112	0.861580782
STRG.14887	STRG.14887_ORF_2	1199	+	3	792	1001	210	0.9301	-0.076296504	0.708185878
STRG.14887	STRG.14887_ORF_3	1199	+	1	22	189	168	1.0842	-0.216832027	0.258415728
STRG.14887	STRG.14887_ORF_4	1199	+	3	1107	1199	93	0.993	0.102353527	0.955709976
STRG.14887	STRG.14887_ORF_5	1199	+	1	1084	1170	87	1.1324	-0.232468882	0.206415434
STRG.14888	STRG.14888_ORF_1	1425	+	1	685	1425	741	1.151	-0.159269806	0.512072955
STRG.14888	STRG.14888_ORF_2	1425	+	2	341	814	474	1.2164	0.350191893	0.998336976
STRG.14888	STRG.14888_ORF_3	1425	+	2	1175	1423	249	1.0265	0.039290982	0.910096951
STRG.14888	STRG.14888_ORF_4	1425	+	1	121	330	210	1.1582	-0.140793926	0.469480434
STRG.14890	STRG.14890_ORF_1	788	+	3	105	494	390	0.5434	-0.313371912	0.148969697
STRG.14891	STRG.14891_ORF_1	1441	+	1	1204	1365	162	0.8733	-0.043526947	0.779720064
STRG.14891	STRG.14891_ORF_2	1441	+	1	1039	1128	90	0.7632	-0.213163514	0.284752942
STRG.14892	STRG.14892_ORF_1	1077	+	1	367	756	390	0.5434	-0.313371912	0.142540575
STRG.14897	STRG.14897_ORF_1	311	+	2	2	79	78	1.1529	-0.162082912	0.426474071
STRG.14901	STRG.14901_ORF_1	611	+	2	5	259	255	1.1734	-0.41783808	0.028312562
STRG.14901	STRG.14901_ORF_2	611	+	1	493	609	117	1.35	0.528818665	0.999797179
STRG.14902	STRG.14902_ORF_1	1106	+	1	436	984	549	0.8265	0.106800368	0.973188028
STRG.14902	STRG.14902_ORF_2	1106	+	2	866	1090	225	0.9513	-0.023903277	0.829213971
STRG.14902	STRG.14902_ORF_3	1106	+	2	419	526	108	1.142	-0.037913863	0.768076292
STRG.14902	STRG.14902_ORF_4	1106	+	1	211	315	105	0.998	-0.053117109	0.747074274
STRG.14902	STRG.14902_ORF_5	1106	+	2	740	817	78	1.1705	-0.276948026	0.126223913
STRG.14912	STRG.14912_ORF_1	1538	+	2	704	1537	834	1.0369	-0.083341837	0.759230828
STRG.14912	STRG.14912_ORF_2	1538	+	1	901	1536	636	1.0899	-0.043268117	0.815276119
STRG.14913	STRG.14913_ORF_1	1557	+	3	918	1259	342	0.7656	-0.292746473	0.144251635
STRG.14913	STRG.14913_ORF_2	1557	+	2	1340	1555	216	0.8641	-0.189253382	0.355381592
STRG.14913	STRG.14913_ORF_3	1557	+	1	400	606	207	0.6378	-0.226190327	0.279426215
STRG.14913	STRG.14913_ORF_4	1557	+	2	227	316	90	0.7123	-0.27459243	0.153604968
STRG.14915	STRG.14915_ORF_1	577	+	3	105	575	471	0.623	-0.284017828	0.212463462
STRG.14915	STRG.14915_ORF_2	577	+	2	128	577	450	0.5403	-0.294576218	0.195572286
STRG.14915	STRG.14915_ORF_3	577	+	1	304	576	273	0.6326	-0.351012133	0.088370903
STRG.14916	STRG.14916_ORF_1	783	+	1	256	543	288	1.0984	-0.136900655	0.534327495
STRG.14916	STRG.14916_ORF_2	783	+	3	240	428	189	1.1376	-0.165591212	0.417689356
STRG.14916	STRG.14916_ORF_3	783	+	3	699	782	84	1.0368	0.205850624	0.988484444
STRG.14928	STRG.14928_ORF_1	502	+	2	65	502	438	1.1188	0.113130786	0.971394965
STRG.14928	STRG.14928_ORF_2	502	+	3	180	302	123	1.2304	-0.048397906	0.755709524
STRG.14929	STRG.14929_ORF_1	909	+	3	471	908	438	1.1796	0.417793768	0.999363202
STRG.14929	STRG.14929_ORF_2	909	+	1	511	909	399	1.098	-0.218036287	0.299485571
STRG.14930	STRG.14930_ORF_1	675	+	3	132	446	315	0.894	-0.034693082	0.834773385
STRG.14930	STRG.14930_ORF_2	675	+	2	191	424	234	1.051	0.090490505	0.9562871
STRG.14930	STRG.14930_ORF_3	675	+	3	498	674	177	0.7121	-0.03035786	0.842563236
STRG.14930	STRG.14930_ORF_4	675	+	1	7	117	111	0.9382	-0.075682418	0.71255797
STRG.14930	STRG.14930_ORF_5	675	+	2	65	142	78	1.0706	-0.018092503	0.824910848
STRG.14931	STRG.14931_ORF_1	818	+	1	319	453	135	1.053	-0.296156452	0.117191723
STRG.14931	STRG.14931_ORF_2	818	+	1	115	240	126	1.0242	0.020558709	0.889769345
STRG.14931	STRG.14931_ORF_3	818	+	3	513	638	126	1.0242	0.020558709	0.889769345
STRG.14931	STRG.14931_ORF_4	818	+	3	717	818	102	1.0876	-0.274031976	0.144480477
STRG.14931	STRG.14931_ORF_5	818	+	1	640	720	81	0.7883	0.212510976	0.990770285
STRG.14935	STRG.14935_ORF_1	2788	+	1	526	2517	1992	1.1796	0.392390885	0.999622005
STRG.14935	STRG.14935_ORF_2	2788	+	2	1070	1465	396	1.1219	0.164080411	0.976841415
STRG.14935	STRG.14935_ORF_3	2788	+	3	2514	2759	246	1.2492	0.507439738	0.999662985
STRG.14936	STRG.14936_ORF_1	743	+	2	401	613	213	0.7396	-0.132041849	0.589287881
STRG.14936	STRG.14936_ORF_2	743	+	3	63	239	177	1.146	0.144561293	0.975241576
STRG.14937	STRG.14937_ORF_1	390	+	1	16	390	375	0.9904	-0.222316484	0.317018686
STRG.14939	STRG.14939_ORF_1	1219	+	1	319	456	138	1.053	-0.309456837	0.094426888
STRG.14939	STRG.14939_ORF_2	1219	+	3	720	857	138	1.053	-0.309456837	0.094426888
STRG.14939	STRG.14939_ORF_3	1219	+	1	115	240	126	1.0242	0.020558709	0.882542591
STRG.14939	STRG.14939_ORF_4	1219	+	2	917	1042	126	1.0242	0.020558709	0.882542591
STRG.14939	STRG.14939_ORF_5	1219	+	3	516	641	126	1.0242	0.020558709	0.882542591
STRG.14943	STRG.14943_ORF_1	523	+	2	44	286	243	0.7332	-0.17239912	0.476231644
STRG.14943	STRG.14943_ORF_2	523	+	1	118	291	174	0.6674	-0.195618015	0.399014199
STRG.14961	STRG.14961_ORF_1	919	+	1	625	909	285	0.815	-0.081428908	0.730089235
STRG.14961	STRG.14961_ORF_2	919	+	3	153	368	216	0.7779	-0.114535391	0.630849905
STRG.14961	STRG.14961_ORF_3	919	+	3	714	866	153	0.9532	-0.236167291	0.233464249
STRG.14962	STRG.14962_ORF_1	456	+	1	160	456	297	1.2036	0.393047524	0.999086647
STRG.14963	STRG.14963_ORF_1	890	+	3	141	479	339	0.8825	0.159624661	0.98402408
STRG.14963	STRG.14963_ORF_2	890	+	2	476	709	234	1.0978	-0.009565801	0.848770061
STRG.14964	STRG.14964_ORF_1	3083	+	2	458	2845	2388	1.2042	0.290331715	0.99888183
STRG.14964	STRG.14964_ORF_2	3083	+	3	2607	3077	471	0.719	-0.217739888	0.277513339
STRG.14964	STRG.14964_ORF_3	3083	+	3	276	530	255	1.0681	-0.324916498	0.062187361
STRG.14964	STRG.14964_ORF_4	3083	+	2	2894	3070	177	1.0479	-0.255647563	0.134135346
STRG.14971	STRG.14971_ORF_1	1366	+	3	711	1025	315	0.8422	-0.132824615	0.563940606
STRG.14971	STRG.14971_ORF_2	1366	+	2	320	502	183	0.6333	-0.153141896	0.50405963
STRG.14971	STRG.14971_ORF_3	1366	+	1	502	681	180	1	-0.137074958	0.501611171
STRG.14971	STRG.14971_ORF_4	1366	+	1	790	906	117	0.6924	-0.254905122	0.20013354
STRG.14971	STRG.14971_ORF_5	1366	+	1	220	309	90	1.0709	0.037380488	0.895966759
STRG.14976	STRG.14976_ORF_1	1550	+	3	1155	1550	396	0.8067	-0.122545193	0.60825135
STRG.14976	STRG.14976_ORF_2	1550	+	3	369	641	273	0.75	0.001350702	0.878929702
STRG.14976	STRG.14976_ORF_3	1550	+	2	59	277	219	0.8464	-0.059483192	0.74977791
STRG.14976	STRG.14976_ORF_4	1550	+	1	652	858	207	0.6843	-0.200925238	0.343780502
STRG.14976	STRG.14976_ORF_5	1550	+	1	1348	1548	201	1.2516	-0.031572034	0.769734173
STRG.14984	STRG.14984_ORF_1	1254	+	3	147	1151	1005	1.151	-0.162870089	0.558186086
STRG.14984	STRG.14984_ORF_2	1254	+	1	874	1143	270	1.2272	0.301243935	0.99643371
STRG.14984	STRG.14984_ORF_3	1254	+	2	101	259	159	1.1071	0.00887442	0.862452038
STRG.14984	STRG.14984_ORF_4	1254	+	2	1166	1252	87	1.1464	0.020746558	0.871172276
STRG.14991	STRG.14991_ORF_1	643	+	2	251	643	393	0.9532	-0.186305328	0.422817735